T, P_Bat
1, 0.30
2, 0.30
3, 0.30
4, 0.30
5, 0.30
6, 0.30
7, 0.30
8, 0.30
9, 0.30
10, 0.30
11, 0.30
12, 0.30
13, 0.30
14, 0.30
15, 0.30
16, 0.30
17, 0.30
18, 0.30
19, 0.30
20, 0.30
21, 0.30
22, 0.30
23, 0.30
24, 0.30
25, 0.30
26, 0.30
27, 0.30
28, 0.30
29, 0.30
30, 0.30
31, 0.30
32, 0.30
33, 0.30
34, 0.30
35, 0.30
36, 0.30
37, 0.30
38, 0.30
39, 0.30
40, 0.30
41, 0.30
42, 0.30
43, 0.30
44, 0.30
45, 0.30
46, 0.30
47, 0.30
48, 0.30
49, 0.30
50, 0.30
51, 0.30
52, 0.30
53, 0.30
54, 0.30
55, 0.30
56, 0.30
57, 0.30
58, 0.30
59, 0.30
60, 0.30
61, 0.30
62, 0.30
63, 0.30
64, 0.30
65, 0.30
66, 0.30
67, 0.30
68, 0.30
69, 0.30
70, 0.30
71, 0.30
72, 0.30
73, 0.30
74, 0.30
75, 0.30
76, 0.30
77, 0.30
78, 0.30
79, 0.30
80, 0.30
81, 0.30
82, 0.30
83, 0.30
84, 0.30
85, 0.30
86, 0.30
87, 0.30
88, 0.30
89, 0.30
90, 0.30
91, 0.30
92, 0.30
93, 0.30
94, 0.30
95, 0.30
96, 0.30
97, 0.30
98, 0.30
99, 0.30
100, 0.30
101, 0.30
102, 0.30
103, 0.30
104, 0.30
105, 0.30
106, 0.30
107, 0.30
108, 0.30
109, 0.30
110, 0.30
111, 0.30
112, 0.30
113, 0.30
114, 0.30
115, 0.30
116, 0.30
117, 0.30
118, 0.30
119, 0.30
120, 0.30
121, 0.30
122, 0.30
123, 0.30
124, 0.30
125, 0.30
126, 0.30
127, 0.30
128, 0.30
129, 0.30
130, 0.30
131, 0.30
132, 0.30
133, 0.30
134, 0.30
135, 0.30
136, 0.30
137, 0.30
138, 0.30
139, 0.30
140, 0.30
141, 0.30
142, 0.30
143, 0.30
144, 0.30
145, 0.30
146, 0.30
147, 0.30
148, 0.30
149, 0.30
150, 0.30
151, 0.30
152, 0.30
153, 0.30
154, 0.30
155, 0.30
156, 0.30
157, 0.30
158, 0.30
159, 0.30
160, 0.30
161, 0.30
162, 0.30
163, 0.30
164, 0.30
165, 0.30
166, 0.30
167, 0.30
168, 0.30
169, 0.30
170, 0.30
171, 0.30
172, 0.30
173, 0.30
174, 0.30
175, 0.30
176, 0.30
177, 0.30
178, 0.30
179, 0.30
180, 0.30
181, 0.30
182, 0.30
183, 0.30
184, 0.30
185, 0.30
186, 0.30
187, 0.30
188, 0.30
189, 0.30
190, 0.30
191, 0.30
192, 0.30
193, 0.30
194, 0.30
195, 0.30
196, 0.30
197, 0.30
198, 0.30
199, 0.30
200, 0.30
201, 0.30
202, 0.30
203, 0.30
204, 0.30
205, 0.30
206, 0.30
207, 0.30
208, 0.30
209, 0.30
210, 0.30
211, 0.30
212, 0.30
213, 0.30
214, 0.30
215, 0.30
216, 0.30
217, 0.30
218, 0.30
219, 0.30
220, 0.30
221, 0.30
222, 0.30
223, 0.30
224, 0.30
225, 0.30
226, 0.30
227, 0.30
228, 0.30
229, 0.30
230, 0.30
231, 0.30
232, 0.30
233, 0.30
234, 0.30
235, 0.30
236, 0.30
237, 0.30
238, 0.30
239, 0.30
240, 0.30
241, 0.30
242, 0.30
243, 0.30
244, 0.30
245, 0.30
246, 0.30
247, 0.30
248, 0.30
249, 0.30
250, 0.30
251, 0.30
252, 0.30
253, 0.30
254, 0.30
255, 0.30
256, 0.30
257, 0.30
258, 0.30
259, 0.30
260, 0.30
261, 0.30
262, 0.30
263, 0.30
264, 0.30
265, 0.30
266, 0.30
267, 0.30
268, 0.30
269, 0.30
270, 0.30
271, 0.30
272, 0.30
273, 0.30
274, 0.30
275, 0.30
276, 0.30
277, 0.30
278, 0.30
279, 0.30
280, 0.30
281, 0.30
282, 0.30
283, 0.30
284, 0.30
285, 0.30
286, 0.30
287, 0.30
288, 0.30
289, 0.30
290, 0.30
291, 0.30
292, 0.30
293, 0.30
294, 0.30
295, 0.30
296, 0.30
297, 0.30
298, 0.30
299, 0.30
300, 0.30
301, 0.30
302, 0.30
303, 0.30
304, 0.30
305, 0.30
306, 0.30
307, 0.30
308, 0.30
309, 0.30
310, 0.30
311, 0.30
312, 0.30
313, 0.30
314, 0.30
315, 0.30
316, 0.30
317, 0.30
318, 0.30
319, 0.30
320, 0.30
321, 0.30
322, 0.30
323, 0.30
324, 0.30
325, 0.30
326, 0.30
327, 0.30
328, 0.30
329, 0.30
330, 0.30
331, 0.30
332, 0.30
333, 0.30
334, 0.30
335, 0.30
336, 0.30
337, 0.30
338, 0.30
339, 0.30
340, 0.30
341, 0.30
342, 0.30
343, 0.30
344, 0.30
345, 0.30
346, 0.30
347, 0.30
348, 0.30
349, 0.30
350, 0.30
351, 0.30
352, 0.30
353, 0.30
354, 0.30
355, 0.30
356, 0.30
357, 0.30
358, 0.30
359, 0.30
360, 0.30
361, 0.30
362, 0.30
363, 0.30
364, 0.30
365, 0.30
366, 0.30
367, 0.30
368, 0.30
369, 0.30
370, 0.30
371, 0.30
372, 0.30
373, 0.30
374, 0.30
375, 0.30
376, 0.30
377, 0.30
378, 0.30
379, 0.30
380, 0.30
381, 0.30
382, 0.30
383, 0.30
384, 0.30
385, 0.30
386, 0.30
387, 0.30
388, 0.30
389, 0.30
390, 0.30
391, 0.30
392, 0.30
393, 0.30
394, 0.30
395, 0.30
396, 0.30
397, 0.30
398, 0.30
399, 0.30
400, 0.30
401, 0.30
402, 0.30
403, 0.30
404, 0.30
405, 0.30
406, 0.30
407, 0.30
408, 0.30
409, 0.30
410, 0.30
411, 0.30
412, 0.30
413, 0.30
414, 0.30
415, 0.30
416, 0.30
417, 0.30
418, 0.30
419, 0.30
420, 0.30
421, 0.30
422, 0.30
423, 0.30
424, 0.30
425, 0.30
426, 0.30
427, 0.30
428, 0.30
429, 0.30
430, 0.30
431, 0.30
432, 0.30
433, 0.30
434, 0.30
435, 0.30
436, 0.30
437, 0.30
438, 0.30
439, 0.30
440, 0.30
441, 0.30
442, 0.30
443, 0.30
444, 0.30
445, 0.30
446, 0.30
447, 0.30
448, 0.30
449, 0.30
450, 0.30
451, 0.30
452, 0.30
453, 0.30
454, 0.30
455, 0.30
456, 0.30
457, 0.30
458, 0.30
459, 0.30
460, 0.30
461, 0.30
462, 0.30
463, 0.30
464, 0.30
465, 0.30
466, 0.30
467, 0.30
468, 0.30
469, 0.30
470, 0.30
471, 0.30
472, 0.30
473, 0.30
474, 0.30
475, 0.30
476, 0.30
477, 0.30
478, 0.30
479, 0.30
480, 0.30
481, 0.30
482, 0.30
483, 0.30
484, 0.30
485, 0.30
486, 0.30
487, 0.30
488, 0.30
489, 0.30
490, 0.30
491, 0.30
492, 0.30
493, 0.30
494, 0.30
495, 0.30
496, 0.30
497, 0.30
498, 0.30
499, 0.30
500, 0.30
501, 0.30
502, 0.30
503, 0.30
504, 0.30
505, 0.30
506, 0.30
507, 0.30
508, 0.30
509, 0.30
510, 0.30
511, 0.30
512, 0.30
513, 0.30
514, 0.30
515, 0.30
516, 0.30
517, 0.30
518, 0.30
519, 0.30
520, 0.30
521, 0.30
522, 0.30
523, 0.30
524, 0.30
525, 0.30
526, 0.30
527, 0.30
528, 0.30
529, 0.30
530, 0.30
531, 0.30
532, 0.30
533, 0.30
534, 0.30
535, 0.30
536, 0.30
537, 0.30
538, 0.30
539, 0.30
540, 0.30
541, 0.30
542, 0.30
543, 0.30
544, 0.30
545, 0.30
546, 0.30
547, 0.30
548, 0.30
549, 0.30
550, 0.30
551, 0.30
552, 0.30
553, 0.30
554, 0.30
555, 0.30
556, 0.30
557, 0.30
558, 0.30
559, 0.30
560, 0.30
561, 0.30
562, 0.30
563, 0.30
564, 0.30
565, 0.30
566, 0.30
567, 0.30
568, 0.30
569, 0.30
570, 0.30
571, 0.30
572, 0.30
573, 0.30
574, 0.30
575, 0.30
576, 0.30
577, 0.30
578, 0.30
579, 0.30
580, 0.30
581, 0.30
582, 0.30
583, 0.30
584, 0.30
585, 0.30
586, 0.30
587, 0.30
588, 0.30
589, 0.30
590, 0.30
591, 0.30
592, 0.30
593, 0.30
594, 0.30
595, 0.30
596, 0.30
597, 0.30
598, 0.30
599, 0.30
600, 0.30
601, 0.30
602, 0.30
603, 0.30
604, 0.30
605, 0.30
606, 0.30
607, 0.30
608, 0.30
609, 0.30
610, 0.30
611, 0.30
612, 0.30
613, 0.30
614, 0.30
615, 0.30
616, 0.30
617, 0.30
618, 0.30
619, 0.30
620, 0.30
621, 0.30
622, 0.30
623, 0.30
624, 0.30
625, 0.30
626, 0.30
627, 0.30
628, 0.30
629, 0.30
630, 0.30
631, 0.30
632, 0.30
633, 0.30
634, 0.30
635, 0.30
636, 0.30
637, 0.30
638, 0.30
639, 0.30
640, 0.30
641, 0.30
642, 0.30
643, 0.30
644, 0.30
645, 0.30
646, 0.30
647, 0.30
648, 0.30
649, 0.30
650, 0.30
651, 0.30
652, 0.30
653, 0.30
654, 0.30
655, 0.30
656, 0.30
657, 0.30
658, 0.30
659, 0.30
660, 0.30
661, 0.30
662, 0.30
663, 0.30
664, 0.30
665, 0.30
666, 0.30
667, 0.30
668, 0.30
669, 0.30
670, 0.30
671, 0.30
672, 0.30
673, 0.30
674, 0.30
675, 0.30
676, 0.30
677, 0.30
678, 0.30
679, 0.30
680, 0.30
681, 0.30
682, 0.30
683, 0.30
684, 0.30
685, 0.30
686, 0.30
687, 0.30
688, 0.30
689, 0.30
690, 0.30
691, 0.30
692, 0.30
693, 0.30
694, 0.30
695, 0.30
696, 0.30
697, 0.30
698, 0.30
699, 0.30
700, 0.30
701, 0.30
702, 0.30
703, 0.30
704, 0.30
705, 0.30
706, 0.30
707, 0.30
708, 0.30
709, 0.30
710, 0.30
711, 0.30
712, 0.30
713, 0.30
714, 0.30
715, 0.30
716, 0.30
717, 0.30
718, 0.30
719, 0.30
720, 0.30
721, 0.30
722, 0.30
723, 0.30
724, 0.30
725, 0.30
726, 0.30
727, 0.30
728, 0.30
729, 0.30
730, 0.30
731, 0.30
732, 0.30
733, 0.30
734, 0.30
735, 0.30
736, 0.30
737, 0.30
738, 0.30
739, 0.30
740, 0.30
741, 0.30
742, 0.30
743, 0.30
744, 0.30
745, 0.30
746, 0.30
747, 0.30
748, 0.30
749, 0.30
750, 0.30
751, 0.30
752, 0.30
753, 0.30
754, 0.30
755, 0.30
756, 0.30
757, 0.30
758, 0.30
759, 0.30
760, 0.30
761, 0.30
762, 0.30
763, 0.30
764, 0.30
765, 0.30
766, 0.30
767, 0.30
768, 0.30
769, 0.30
770, 0.30
771, 0.30
772, 0.30
773, 0.30
774, 0.30
775, 0.30
776, 0.30
777, 0.30
778, 0.30
779, 0.30
780, 0.30
781, 0.30
782, 0.30
783, 0.30
784, 0.30
785, 0.30
786, 0.30
787, 0.30
788, 0.30
789, 0.30
790, 0.30
791, 0.30
792, 0.30
793, 0.30
794, 0.30
795, 0.30
796, 0.30
797, 0.30
798, 0.30
799, 0.30
800, 0.30
801, 0.30
802, 0.30
803, 0.30
804, 0.30
805, 0.30
806, 0.30
807, 0.30
808, 0.30
809, 0.30
810, 0.30
811, 0.30
812, 0.30
813, 0.30
814, 0.30
815, 0.30
816, 0.30
817, 0.30
818, 0.30
819, 0.30
820, 0.30
821, 0.30
822, 0.30
823, 0.30
824, 0.30
825, 0.30
826, 0.30
827, 0.30
828, 0.30
829, 0.30
830, 0.30
831, 0.30
832, 0.30
833, 0.30
834, 0.30
835, 0.30
836, 0.30
837, 0.30
838, 0.30
839, 0.30
840, 0.30
841, 0.30
842, 0.30
843, 0.30
844, 0.30
845, 0.30
846, 0.30
847, 0.30
848, 0.30
849, 0.30
850, 0.30
851, 0.30
852, 0.30
853, 0.30
854, 0.30
855, 0.30
856, 0.30
857, 0.30
858, 0.30
859, 0.30
860, 0.30
861, 0.30
862, 0.30
863, 0.30
864, 0.30
865, 0.30
866, 0.30
867, 0.30
868, 0.30
869, 0.30
870, 0.30
871, 0.30
872, 0.30
873, 0.30
874, 0.30
875, 0.30
876, 0.30
877, 0.30
878, 0.30
879, 0.30
880, 0.30
881, 0.30
882, 0.30
883, 0.30
884, 0.30
885, 0.30
886, 0.30
887, 0.30
888, 0.30
889, 0.30
890, 0.30
891, 0.30
892, 0.30
893, 0.30
894, 0.30
895, 0.30
896, 0.30
897, 0.30
898, 0.30
899, 0.30
900, 0.30
901, 0.30
902, 0.30
903, 0.30
904, 0.30
905, 0.30
906, 0.30
907, 0.30
908, 0.30
909, 0.30
910, 0.30
911, 0.30
912, 0.30
913, 0.30
914, 0.30
915, 0.30
916, 0.30
917, 0.30
918, 0.30
919, 0.30
920, 0.30
921, 0.30
922, 0.30
923, 0.30
924, 0.30
925, 0.30
926, 0.30
927, 0.30
928, 0.30
929, 0.30
930, 0.30
931, 0.30
932, 0.30
933, 0.30
934, 0.30
935, 0.30
936, 0.30
937, 0.30
938, 0.30
939, 0.30
940, 0.30
941, 0.30
942, 0.30
943, 0.30
944, 0.30
945, 0.30
946, 0.30
947, 0.30
948, 0.30
949, 0.30
950, 0.30
951, 0.30
952, 0.30
953, 0.30
954, 0.30
955, 0.30
956, 0.30
957, 0.30
958, 0.30
959, 0.30
960, 0.30
961, 0.30
962, 0.30
963, 0.30
964, 0.30
965, 0.30
966, 0.30
967, 0.30
968, 0.30
969, 0.30
970, 0.30
971, 0.30
972, 0.30
973, 0.30
974, 0.30
975, 0.30
976, 0.30
977, 0.30
978, 0.30
979, 0.30
980, 0.30
981, 0.30
982, 0.30
983, 0.30
984, 0.30
985, 0.30
986, 0.30
987, 0.30
988, 0.30
989, 0.30
990, 0.30
991, 0.30
992, 0.30
993, 0.30
994, 0.30
995, 0.30
996, 0.30
997, 0.30
998, 0.30
999, 0.30
1000, 0.30
1001, 0.30
1002, 0.30
1003, 0.30
1004, 0.30
1005, 0.30
1006, 0.30
1007, 0.30
1008, 0.30
1009, 0.30
1010, 0.30
1011, 0.30
1012, 0.30
1013, 0.30
1014, 0.30
1015, 0.30
1016, 0.30
1017, 0.30
1018, 0.30
1019, 0.30
1020, 0.30
1021, 0.30
1022, 0.30
1023, 0.30
1024, 0.30
1025, 0.30
1026, 0.30
1027, 0.30
1028, 0.30
1029, 0.30
1030, 0.30
1031, 0.30
1032, 0.30
1033, 0.30
1034, 0.30
1035, 0.30
1036, 0.30
1037, 0.30
1038, 0.30
1039, 0.30
1040, 0.30
1041, 0.30
1042, 0.30
1043, 0.30
1044, 0.30
1045, 0.30
1046, 0.30
1047, 0.30
1048, 0.30
1049, 0.30
1050, 0.30
1051, 0.30
1052, 0.30
1053, 0.30
1054, 0.30
1055, 0.30
1056, 0.30
1057, 0.30
1058, 0.30
1059, 0.30
1060, 0.30
1061, 0.30
1062, 0.30
1063, 0.30
1064, 0.30
1065, 0.30
1066, 0.30
1067, 0.30
1068, 0.30
1069, 0.30
1070, 0.30
1071, 0.30
1072, 0.30
1073, 0.30
1074, 0.30
1075, 0.30
1076, 0.30
1077, 0.30
1078, 0.30
1079, 0.30
1080, 0.30
1081, 0.30
1082, 0.30
1083, 0.30
1084, 0.30
1085, 0.30
1086, 0.30
1087, 0.30
1088, 0.30
1089, 0.30
1090, 0.30
1091, 0.30
1092, 0.30
1093, 0.30
1094, 0.30
1095, 0.30
1096, 0.30
1097, 0.30
1098, 0.30
1099, 0.30
1100, 0.30
1101, 0.30
1102, 0.30
1103, 0.30
1104, 0.30
1105, 0.30
1106, 0.30
1107, 0.30
1108, 0.30
1109, 0.30
1110, 0.30
1111, 0.30
1112, 0.30
1113, 0.30
1114, 0.30
1115, 0.30
1116, 0.30
1117, 0.30
1118, 0.30
1119, 0.30
1120, 0.30
1121, 0.30
1122, 0.30
1123, 0.30
1124, 0.30
1125, 0.30
1126, 0.30
1127, 0.30
1128, 0.30
1129, 0.30
1130, 0.30
1131, 0.30
1132, 0.30
1133, 0.30
1134, 0.30
1135, 0.30
1136, 0.30
1137, 0.30
1138, 0.30
1139, 0.30
1140, 0.30
1141, 0.30
1142, 0.30
1143, 0.30
1144, 0.30
1145, 0.30
1146, 0.30
1147, 0.30
1148, 0.30
1149, 0.30
1150, 0.30
1151, 0.30
1152, 0.30
1153, 0.30
1154, 0.30
1155, 0.30
1156, 0.30
1157, 0.30
1158, 0.30
1159, 0.30
1160, 0.30
1161, 0.30
1162, 0.30
1163, 0.30
1164, 0.30
1165, 0.30
1166, 0.30
1167, 0.30
1168, 0.30
1169, 0.30
1170, 0.30
1171, 0.30
1172, 0.30
1173, 0.30
1174, 0.30
1175, 0.30
1176, 0.30
1177, 0.30
1178, 0.30
1179, 0.30
1180, 0.30
1181, 0.30
1182, 0.30
1183, 0.30
1184, 0.30
1185, 0.30
1186, 0.30
1187, 0.30
1188, 0.30
1189, 0.30
1190, 0.30
1191, 0.30
1192, 0.30
1193, 0.30
1194, 0.30
1195, 0.30
1196, 0.30
1197, 0.30
1198, 0.30
1199, 0.30
1200, 0.30
1201, 0.30
1202, 0.30
1203, 0.30
1204, 0.30
1205, 0.30
1206, 0.30
1207, 0.30
1208, 0.30
1209, 0.30
1210, 0.30
1211, 0.30
1212, 0.30
1213, 0.30
1214, 0.30
1215, 0.30
1216, 0.30
1217, 0.30
1218, 0.30
1219, 0.30
1220, 0.30
1221, 0.30
1222, 0.30
1223, 0.30
1224, 0.30
1225, 0.30
1226, 0.30
1227, 0.30
1228, 0.30
1229, 0.30
1230, 0.30
1231, 0.30
1232, 0.30
1233, 0.30
1234, 0.30
1235, 0.30
1236, 0.30
1237, 0.30
1238, 0.30
1239, 0.30
1240, 0.30
1241, 0.30
1242, 0.30
1243, 0.30
1244, 0.30
1245, 0.30
1246, 0.30
1247, 0.30
1248, 0.30
1249, 0.30
1250, 0.30
1251, 0.30
1252, 0.30
1253, 0.30
1254, 0.30
1255, 0.30
1256, 0.30
1257, 0.30
1258, 0.30
1259, 0.30
1260, 0.30
1261, 0.30
1262, 0.30
1263, 0.30
1264, 0.30
1265, 0.30
1266, 0.30
1267, 0.30
1268, 0.30
1269, 0.30
1270, 0.30
1271, 0.30
1272, 0.30
1273, 0.30
1274, 0.30
1275, 0.30
1276, 0.30
1277, 0.30
1278, 0.30
1279, 0.30
1280, 0.30
1281, 0.30
1282, 0.30
1283, 0.30
1284, 0.30
1285, 0.30
1286, 0.30
1287, 0.30
1288, 0.30
1289, 0.30
1290, 0.30
1291, 0.30
1292, 0.30
1293, 0.30
1294, 0.30
1295, 0.30
1296, 0.30
1297, 0.30
1298, 0.30
1299, 0.30
1300, 0.30
1301, 0.30
1302, 0.30
1303, 0.30
1304, 0.30
1305, 0.30
1306, 0.30
1307, 0.30
1308, 0.30
1309, 0.30
1310, 0.30
1311, 0.30
1312, 0.30
1313, 0.30
1314, 0.30
1315, 0.30
1316, 0.30
1317, 0.30
1318, 0.30
1319, 0.30
1320, 0.30
1321, 0.30
1322, 0.30
1323, 0.30
1324, 0.30
1325, 0.30
1326, 0.30
1327, 0.30
1328, 0.30
1329, 0.30
1330, 0.30
1331, 0.30
1332, 0.30
1333, 0.30
1334, 0.30
1335, 0.30
1336, 0.30
1337, 0.30
1338, 0.30
1339, 0.30
1340, 0.30
1341, 0.30
1342, 0.30
1343, 0.30
1344, 0.30
1345, 0.30
1346, 0.30
1347, 0.30
1348, 0.30
1349, 0.30
1350, 0.30
1351, 0.30
1352, 0.30
1353, 0.30
1354, 0.30
1355, 0.30
1356, 0.30
1357, 0.30
1358, 0.30
1359, 0.30
1360, 0.30
1361, 0.30
1362, 0.30
1363, 0.30
1364, 0.30
1365, 0.30
1366, 0.30
1367, 0.30
1368, 0.30
1369, 0.30
1370, 0.30
1371, 0.30
1372, 0.30
1373, 0.30
1374, 0.30
1375, 0.30
1376, 0.30
1377, 0.30
1378, 0.30
1379, 0.30
1380, 0.30
1381, 0.30
1382, 0.30
1383, 0.30
1384, 0.30
1385, 0.30
1386, 0.30
1387, 0.30
1388, 0.30
1389, 0.30
1390, 0.30
1391, 0.30
1392, 0.30
1393, 0.30
1394, 0.30
1395, 0.30
1396, 0.30
1397, 0.30
1398, 0.30
1399, 0.30
1400, 0.30
1401, 0.30
1402, 0.30
1403, 0.30
1404, 0.30
1405, 0.30
1406, 0.30
1407, 0.30
1408, 0.30
1409, 0.30
1410, 0.30
1411, 0.30
1412, 0.30
1413, 0.30
1414, 0.30
1415, 0.30
1416, 0.30
1417, 0.30
1418, 0.30
1419, 0.30
1420, 0.30
1421, 0.30
1422, 0.30
1423, 0.30
1424, 0.30
1425, 0.30
1426, 0.30
1427, 0.30
1428, 0.30
1429, 0.30
1430, 0.30
1431, 0.30
1432, 0.30
1433, 0.30
1434, 0.30
1435, 0.30
1436, 0.30
1437, 0.30
1438, 0.30
1439, 0.30
1440, 0.30
1441, 0.30
1442, 0.30
1443, 0.30
1444, 0.30
1445, 0.30
1446, 0.30
1447, 0.30
1448, 0.30
1449, 0.30
1450, 0.30
1451, 0.30
1452, 0.30
1453, 0.30
1454, 0.30
1455, 0.30
1456, 0.30
1457, 0.30
1458, 0.30
1459, 0.30
1460, 0.30
1461, 0.30
1462, 0.30
1463, 0.30
1464, 0.30
1465, 0.30
1466, 0.30
1467, 0.30
1468, 0.30
1469, 0.30
1470, 0.30
1471, 0.30
1472, 0.30
1473, 0.30
1474, 0.30
1475, 0.30
1476, 0.30
1477, 0.30
1478, 0.30
1479, 0.30
1480, 0.30
1481, 0.30
1482, 0.30
1483, 0.30
1484, 0.30
1485, 0.30
1486, 0.30
1487, 0.30
1488, 0.30
1489, 0.30
1490, 0.30
1491, 0.30
1492, 0.30
1493, 0.30
1494, 0.30
1495, 0.30
1496, 0.30
1497, 0.30
1498, 0.30
1499, 0.30
1500, 0.30
1501, 0.30
1502, 0.30
1503, 0.30
1504, 0.30
1505, 0.30
1506, 0.30
1507, 0.30
1508, 0.30
1509, 0.30
1510, 0.30
1511, 0.30
1512, 0.30
1513, 0.30
1514, 0.30
1515, 0.30
1516, 0.30
1517, 0.30
1518, 0.30
1519, 0.30
1520, 0.30
1521, 0.30
1522, 0.30
1523, 0.30
1524, 0.30
1525, 0.30
1526, 0.30
1527, 0.30
1528, 0.30
1529, 0.30
1530, 0.30
1531, 0.30
1532, 0.30
1533, 0.30
1534, 0.30
1535, 0.30
1536, 0.30
1537, 0.30
1538, 0.30
1539, 0.30
1540, 0.30
1541, 0.30
1542, 0.30
1543, 0.30
1544, 0.30
1545, 0.30
1546, 0.30
1547, 0.30
1548, 0.30
1549, 0.30
1550, 0.30
1551, 0.30
1552, 0.30
1553, 0.30
1554, 0.30
1555, 0.30
1556, 0.30
1557, 0.30
1558, 0.30
1559, 0.30
1560, 0.30
1561, 0.30
1562, 0.30
1563, 0.30
1564, 0.30
1565, 0.30
1566, 0.30
1567, 0.30
1568, 0.30
1569, 0.30
1570, 0.30
1571, 0.30
1572, 0.30
1573, 0.30
1574, 0.30
1575, 0.30
1576, 0.30
1577, 0.30
1578, 0.30
1579, 0.30
1580, 0.30
1581, 0.30
1582, 0.30
1583, 0.30
1584, 0.30
1585, 0.30
1586, 0.30
1587, 0.30
1588, 0.30
1589, 0.30
1590, 0.30
1591, 0.30
1592, 0.30
1593, 0.30
1594, 0.30
1595, 0.30
1596, 0.30
1597, 0.30
1598, 0.30
1599, 0.30
1600, 0.30
1601, 0.30
1602, 0.30
1603, 0.30
1604, 0.30
1605, 0.30
1606, 0.30
1607, 0.30
1608, 0.30
1609, 0.30
1610, 0.30
1611, 0.30
1612, 0.30
1613, 0.30
1614, 0.30
1615, 0.30
1616, 0.30
1617, 0.30
1618, 0.30
1619, 0.30
1620, 0.30
1621, 0.30
1622, 0.30
1623, 0.30
1624, 0.30
1625, 0.30
1626, 0.30
1627, 0.30
1628, 0.30
1629, 0.30
1630, 0.30
1631, 0.30
1632, 0.30
1633, 0.30
1634, 0.30
1635, 0.30
1636, 0.30
1637, 0.30
1638, 0.30
1639, 0.30
1640, 0.30
1641, 0.30
1642, 0.30
1643, 0.30
1644, 0.30
1645, 0.30
1646, 0.30
1647, 0.30
1648, 0.30
1649, 0.30
1650, 0.30
1651, 0.30
1652, 0.30
1653, 0.30
1654, 0.30
1655, 0.30
1656, 0.30
1657, 0.30
1658, 0.30
1659, 0.30
1660, 0.30
1661, 0.30
1662, 0.30
1663, 0.30
1664, 0.30
1665, 0.30
1666, 0.30
1667, 0.30
1668, 0.30
1669, 0.30
1670, 0.30
1671, 0.30
1672, 0.30
1673, 0.30
1674, 0.30
1675, 0.30
1676, 0.30
1677, 0.30
1678, 0.30
1679, 0.30
1680, 0.30
1681, 0.30
1682, 0.30
1683, 0.30
1684, 0.30
1685, 0.30
1686, 0.30
1687, 0.30
1688, 0.30
1689, 0.30
1690, 0.30
1691, 0.30
1692, 0.30
1693, 0.30
1694, 0.30
1695, 0.30
1696, 0.30
1697, 0.30
1698, 0.30
1699, 0.30
1700, 0.30
1701, 0.30
1702, 0.30
1703, 0.30
1704, 0.30
1705, 0.30
1706, 0.30
1707, 0.30
1708, 0.30
1709, 0.30
1710, 0.30
1711, 0.30
1712, 0.30
1713, 0.30
1714, 0.30
1715, 0.30
1716, 0.30
1717, 0.30
1718, 0.30
1719, 0.30
1720, 0.30
1721, 0.30
1722, 0.30
1723, 0.30
1724, 0.30
1725, 0.30
1726, 0.30
1727, 0.30
1728, 0.30
1729, 0.30
1730, 0.30
1731, 0.30
1732, 0.30
1733, 0.30
1734, 0.30
1735, 0.30
1736, 0.30
1737, 0.30
1738, 0.30
1739, 0.30
1740, 0.30
1741, 0.30
1742, 0.30
1743, 0.30
1744, 0.30
1745, 0.30
1746, 0.30
1747, 0.30
1748, 0.30
1749, 0.30
1750, 0.30
1751, 0.30
1752, 0.30
1753, 0.30
1754, 0.30
1755, 0.30
1756, 0.30
1757, 0.30
1758, 0.30
1759, 0.30
1760, 0.30
1761, 0.30
1762, 0.30
1763, 0.30
1764, 0.30
1765, 0.30
1766, 0.30
1767, 0.30
1768, 0.30
1769, 0.30
1770, 0.30
1771, 0.30
1772, 0.30
1773, 0.30
1774, 0.30
1775, 0.30
1776, 0.30
1777, 0.30
1778, 0.30
1779, 0.30
1780, 0.30
1781, 0.30
1782, 0.30
1783, 0.30
1784, 0.30
1785, 0.30
1786, 0.30
1787, 0.30
1788, 0.30
1789, 0.30
1790, 0.30
1791, 0.30
1792, 0.30
1793, 0.30
1794, 0.30
1795, 0.30
1796, 0.30
1797, 0.30
1798, 0.30
1799, 0.30
1800, 0.30
1801, 0.30
1802, 0.30
1803, 0.30
1804, 0.30
1805, 0.30
1806, 0.30
1807, 0.30
1808, 0.30
1809, 0.30
1810, 0.30
1811, 0.30
1812, 0.30
1813, 0.30
1814, 0.30
1815, 0.30
1816, 0.30
1817, 0.30
1818, 0.30
1819, 0.30
1820, 0.30
1821, 0.30
1822, 0.30
1823, 0.30
1824, 0.30
1825, 0.30
1826, 0.30
1827, 0.30
1828, 0.30
1829, 0.30
1830, 0.30
1831, 0.30
1832, 0.30
1833, 0.30
1834, 0.30
1835, 0.30
1836, 0.30
1837, 0.30
1838, 0.30
1839, 0.30
1840, 0.30
1841, 0.30
1842, 0.30
1843, 0.30
1844, 0.30
1845, 0.30
1846, 0.30
1847, 0.30
1848, 0.30
1849, 0.30
1850, 0.30
1851, 0.30
1852, 0.30
1853, 0.30
1854, 0.30
1855, 0.30
1856, 0.30
1857, 0.30
1858, 0.30
1859, 0.30
1860, 0.30
1861, 0.30
1862, 0.30
1863, 0.30
1864, 0.30
1865, 0.30
1866, 0.30
1867, 0.30
1868, 0.30
1869, 0.30
1870, 0.30
1871, 0.30
1872, 0.30
1873, 0.30
1874, 0.30
1875, 0.30
1876, 0.30
1877, 0.30
1878, 0.30
1879, 0.30
1880, 0.30
1881, 0.30
1882, 0.30
1883, 0.30
1884, 0.30
1885, 0.30
1886, 0.30
1887, 0.30
1888, 0.30
1889, 0.30
1890, 0.30
1891, 0.30
1892, 0.30
1893, 0.30
1894, 0.30
1895, 0.30
1896, 0.30
1897, 0.30
1898, 0.30
1899, 0.30
1900, 0.30
1901, 0.30
1902, 0.30
1903, 0.30
1904, 0.30
1905, 0.30
1906, 0.30
1907, 0.30
1908, 0.30
1909, 0.30
1910, 0.30
1911, 0.30
1912, 0.30
1913, 0.30
1914, 0.30
1915, 0.30
1916, 0.30
1917, 0.30
1918, 0.30
1919, 0.30
1920, 0.30
1921, 0.30
1922, 0.30
1923, 0.30
1924, 0.30
1925, 0.30
1926, 0.30
1927, 0.30
1928, 0.30
1929, 0.30
1930, 0.30
1931, 0.30
1932, 0.30
1933, 0.30
1934, 0.30
1935, 0.30
1936, 0.30
1937, 0.30
1938, 0.30
1939, 0.30
1940, 0.30
1941, 0.30
1942, 0.30
1943, 0.30
1944, 0.30
1945, 0.30
1946, 0.30
1947, 0.30
1948, 0.30
1949, 0.30
1950, 0.30
1951, 0.30
1952, 0.30
1953, 0.30
1954, 0.30
1955, 0.30
1956, 0.30
1957, 0.30
1958, 0.30
1959, 0.30
1960, 0.30
1961, 0.30
1962, 0.30
1963, 0.30
1964, 0.30
1965, 0.30
1966, 0.30
1967, 0.30
1968, 0.30
1969, 0.30
1970, 0.30
1971, 0.30
1972, 0.30
1973, 0.30
1974, 0.30
1975, 0.30
1976, 0.30
1977, 0.30
1978, 0.30
1979, 0.30
1980, 0.30
1981, 0.30
1982, 0.30
1983, 0.30
1984, 0.30
1985, 0.30
1986, 0.30
1987, 0.30
1988, 0.30
1989, 0.30
1990, 0.30
1991, 0.30
1992, 0.30
1993, 0.30
1994, 0.30
1995, 0.30
1996, 0.30
1997, 0.30
1998, 0.30
1999, 0.30
2000, 0.30
2001, 0.30
2002, 0.30
2003, 0.30
2004, 0.30
2005, 0.30
2006, 0.30
2007, 0.30
2008, 0.30
2009, 0.30
2010, 0.30
2011, 0.30
2012, 0.30
2013, 0.30
2014, 0.30
2015, 0.30
2016, 0.30
2017, 0.30
2018, 0.30
2019, 0.30
2020, 0.30
2021, 0.30
2022, 0.30
2023, 0.30
2024, 0.30
2025, 0.30
2026, 0.30
2027, 0.30
2028, 0.30
2029, 0.30
2030, 0.30
2031, 0.30
2032, 0.30
2033, 0.30
2034, 0.30
2035, 0.30
2036, 0.30
2037, 0.30
2038, 0.30
2039, 0.30
2040, 0.30
2041, 0.30
2042, 0.30
2043, 0.30
2044, 0.30
2045, 0.30
2046, 0.30
2047, 0.30
2048, 0.30
2049, 0.30
2050, 0.30
2051, 0.30
2052, 0.30
2053, 0.30
2054, 0.30
2055, 0.30
2056, 0.30
2057, 0.30
2058, 0.30
2059, 0.30
2060, 0.30
2061, 0.30
2062, 0.30
2063, 0.30
2064, 0.30
2065, 0.30
2066, 0.30
2067, 0.30
2068, 0.30
2069, 0.30
2070, 0.30
2071, 0.30
2072, 0.30
2073, 0.30
2074, 0.30
2075, 0.30
2076, 0.30
2077, 0.30
2078, 0.30
2079, 0.30
2080, 0.30
2081, 0.30
2082, 0.30
2083, 0.30
2084, 0.30
2085, 0.30
2086, 0.30
2087, 0.30
2088, 0.30
2089, 0.30
2090, 0.30
2091, 0.30
2092, 0.30
2093, 0.30
2094, 0.30
2095, 0.30
2096, 0.30
2097, 0.30
2098, 0.30
2099, 0.30
2100, 0.30
2101, 0.30
2102, 0.30
2103, 0.30
2104, 0.30
2105, 0.30
2106, 0.30
2107, 0.30
2108, 0.30
2109, 0.30
2110, 0.30
2111, 0.30
2112, 0.30
2113, 0.30
2114, 0.30
2115, 0.30
2116, 0.30
2117, 0.30
2118, 0.30
2119, 0.30
2120, 0.30
2121, 0.30
2122, 0.30
2123, 0.30
2124, 0.30
2125, 0.30
2126, 0.30
2127, 0.30
2128, 0.30
2129, 0.30
2130, 0.30
2131, 0.30
2132, 0.30
2133, 0.30
2134, 0.30
2135, 0.30
2136, 0.30
2137, 0.30
2138, 0.30
2139, 0.30
2140, 0.30
2141, 0.30
2142, 0.30
2143, 0.30
2144, 0.30
2145, 0.30
2146, 0.30
2147, 0.30
2148, 0.30
2149, 0.30
2150, 0.30
2151, 0.30
2152, 0.30
2153, 0.30
2154, 0.30
2155, 0.30
2156, 0.30
2157, 0.30
2158, 0.30
2159, 0.30
2160, 0.30
2161, 0.30
2162, 0.30
2163, 0.30
2164, 0.30
2165, 0.30
2166, 0.30
2167, 0.30
2168, 0.30
2169, 0.30
2170, 0.30
2171, 0.30
2172, 0.30
2173, 0.30
2174, 0.30
2175, 0.30
2176, 0.30
2177, 0.30
2178, 0.30
2179, 0.30
2180, 0.30
2181, 0.30
2182, 0.30
2183, 0.30
2184, 0.30
2185, 0.30
2186, 0.30
2187, 0.30
2188, 0.30
2189, 0.30
2190, 0.30
2191, 0.30
2192, 0.30
2193, 0.30
2194, 0.30
2195, 0.30
2196, 0.30
2197, 0.30
2198, 0.30
2199, 0.30
2200, 0.30
2201, 0.30
2202, 0.30
2203, 0.30
2204, 0.30
2205, 0.30
2206, 0.30
2207, 0.30
2208, 0.30
2209, 0.30
2210, 0.30
2211, 0.30
2212, 0.30
2213, 0.30
2214, 0.30
2215, 0.30
2216, 0.30
2217, 0.30
2218, 0.30
2219, 0.30
2220, 0.30
2221, 0.30
2222, 0.30
2223, 0.30
2224, 0.30
2225, 0.30
2226, 0.30
2227, 0.30
2228, 0.30
2229, 0.30
2230, 0.30
2231, 0.30
2232, 0.30
2233, 0.30
2234, 0.30
2235, 0.30
2236, 0.30
2237, 0.30
2238, 0.30
2239, 0.30
2240, 0.30
2241, 0.30
2242, 0.30
2243, 0.30
2244, 0.30
2245, 0.30
2246, 0.30
2247, 0.30
2248, 0.30
2249, 0.30
2250, 0.30
2251, 0.30
2252, 0.30
2253, 0.30
2254, 0.30
2255, 0.30
2256, 0.30
2257, 0.30
2258, 0.30
2259, 0.30
2260, 0.30
2261, 0.30
2262, 0.30
2263, 0.30
2264, 0.30
2265, 0.30
2266, 0.30
2267, 0.30
2268, 0.30
2269, 0.30
2270, 0.30
2271, 0.30
2272, 0.30
2273, 0.30
2274, 0.30
2275, 0.30
2276, 0.30
2277, 0.30
2278, 0.30
2279, 0.30
2280, 0.30
2281, 0.30
2282, 0.30
2283, 0.30
2284, 0.30
2285, 0.30
2286, 0.30
2287, 0.30
2288, 0.30
2289, 0.30
2290, 0.30
2291, 0.30
2292, 0.30
2293, 0.30
2294, 0.30
2295, 0.30
2296, 0.30
2297, 0.30
2298, 0.30
2299, 0.30
2300, 0.30
2301, 0.30
2302, 0.30
2303, 0.30
2304, 0.30
2305, 0.30
2306, 0.30
2307, 0.30
2308, 0.30
2309, 0.30
2310, 0.30
2311, 0.30
2312, 0.30
2313, 0.30
2314, 0.30
2315, 0.30
2316, 0.30
2317, 0.30
2318, 0.30
2319, 0.30
2320, 0.30
2321, 0.30
2322, 0.30
2323, 0.30
2324, 0.30
2325, 0.30
2326, 0.30
2327, 0.30
2328, 0.30
2329, 0.30
2330, 0.30
2331, 0.30
2332, 0.30
2333, 0.30
2334, 0.30
2335, 0.30
2336, 0.30
2337, 0.30
2338, 0.30
2339, 0.30
2340, 0.30
2341, 0.30
2342, 0.30
2343, 0.30
2344, 0.30
2345, 0.30
2346, 0.30
2347, 0.30
2348, 0.30
2349, 0.30
2350, 0.30
2351, 0.30
2352, 0.30
2353, 0.30
2354, 0.30
2355, 0.30
2356, 0.30
2357, 0.30
2358, 0.30
2359, 0.30
2360, 0.30
2361, 0.30
2362, 0.30
2363, 0.30
2364, 0.30
2365, 0.30
2366, 0.30
2367, 0.30
2368, 0.30
2369, 0.30
2370, 0.30
2371, 0.30
2372, 0.30
2373, 0.30
2374, 0.30
2375, 0.30
2376, 0.30
2377, 0.30
2378, 0.30
2379, 0.30
2380, 0.30
2381, 0.30
2382, 0.30
2383, 0.30
2384, 0.30
2385, 0.30
2386, 0.30
2387, 0.30
2388, 0.30
2389, 0.30
2390, 0.30
2391, 0.30
2392, 0.30
2393, 0.30
2394, 0.30
2395, 0.30
2396, 0.30
2397, 0.30
2398, 0.30
2399, 0.30
2400, 0.30
2401, 0.30
2402, 0.30
2403, 0.30
2404, 0.30
2405, 0.30
2406, 0.30
2407, 0.30
2408, 0.30
2409, 0.30
2410, 0.30
2411, 0.30
2412, 0.30
2413, 0.30
2414, 0.30
2415, 0.30
2416, 0.30
2417, 0.30
2418, 0.30
2419, 0.30
2420, 0.30
2421, 0.30
2422, 0.30
2423, 0.30
2424, 0.30
2425, 0.30
2426, 0.30
2427, 0.30
2428, 0.30
2429, 0.30
2430, 0.30
2431, 0.30
2432, 0.30
2433, 0.30
2434, 0.30
2435, 0.30
2436, 0.30
2437, 0.30
2438, 0.30
2439, 0.30
2440, 0.30
2441, 0.30
2442, 0.30
2443, 0.30
2444, 0.30
2445, 0.30
2446, 0.30
2447, 0.30
2448, 0.30
2449, 0.30
2450, 0.30
2451, 0.30
2452, 0.30
2453, 0.30
2454, 0.30
2455, 0.30
2456, 0.30
2457, 0.30
2458, 0.30
2459, 0.30
2460, 0.30
2461, 0.30
2462, 0.30
2463, 0.30
2464, 0.30
2465, 0.30
2466, 0.30
2467, 0.30
2468, 0.30
2469, 0.30
2470, 0.30
2471, 0.30
2472, 0.30
2473, 0.30
2474, 0.30
2475, 0.30
2476, 0.30
2477, 0.30
2478, 0.30
2479, 0.30
2480, 0.30
2481, 0.30
2482, 0.30
2483, 0.30
2484, 0.30
2485, 0.30
2486, 0.30
2487, 0.30
2488, 0.30
2489, 0.30
2490, 0.30
2491, 0.30
2492, 0.30
2493, 0.30
2494, 0.30
2495, 0.30
2496, 0.30
2497, 0.30
2498, 0.30
2499, 0.30
2500, 0.30
2501, 0.30
2502, 0.30
2503, 0.30
2504, 0.30
2505, 0.30
2506, 0.30
2507, 0.30
2508, 0.30
2509, 0.30
2510, 0.30
2511, 0.30
2512, 0.30
2513, 0.30
2514, 0.30
2515, 0.30
2516, 0.30
2517, 0.30
2518, 0.30
2519, 0.30
2520, 0.30
2521, 0.30
2522, 0.30
2523, 0.30
2524, 0.30
2525, 0.30
2526, 0.30
2527, 0.30
2528, 0.30
2529, 0.30
2530, 0.30
2531, 0.30
2532, 0.30
2533, 0.30
2534, 0.30
2535, 0.30
2536, 0.30
2537, 0.30
2538, 0.30
2539, 0.30
2540, 0.30
2541, 0.30
2542, 0.30
2543, 0.30
2544, 0.30
2545, 0.30
2546, 0.30
2547, 0.30
2548, 0.30
2549, 0.30
2550, 0.30
2551, 0.30
2552, 0.30
2553, 0.30
2554, 0.30
2555, 0.30
2556, 0.30
2557, 0.30
2558, 0.30
2559, 0.30
2560, 0.30
2561, 0.30
2562, 0.30
2563, 0.30
2564, 0.30
2565, 0.30
2566, 0.30
2567, 0.30
2568, 0.30
2569, 0.30
2570, 0.30
2571, 0.30
2572, 0.30
2573, 0.30
2574, 0.30
2575, 0.30
2576, 0.30
2577, 0.30
2578, 0.30
2579, 0.30
2580, 0.30
2581, 0.30
2582, 0.30
2583, 0.30
2584, 0.30
2585, 0.30
2586, 0.30
2587, 0.30
2588, 0.30
2589, 0.30
2590, 0.30
2591, 0.30
2592, 0.30
2593, 0.30
2594, 0.30
2595, 0.30
2596, 0.30
2597, 0.30
2598, 0.30
2599, 0.30
2600, 0.30
2601, 0.30
2602, 0.30
2603, 0.30
2604, 0.30
2605, 0.30
2606, 0.30
2607, 0.30
2608, 0.30
2609, 0.30
2610, 0.30
2611, 0.30
2612, 0.30
2613, 0.30
2614, 0.30
2615, 0.30
2616, 0.30
2617, 0.30
2618, 0.30
2619, 0.30
2620, 0.30
2621, 0.30
2622, 0.30
2623, 0.30
2624, 0.30
2625, 0.30
2626, 0.30
2627, 0.30
2628, 0.30
2629, 0.30
2630, 0.30
2631, 0.30
2632, 0.30
2633, 0.30
2634, 0.30
2635, 0.30
2636, 0.30
2637, 0.30
2638, 0.30
2639, 0.30
2640, 0.30
2641, 0.30
2642, 0.30
2643, 0.30
2644, 0.30
2645, 0.30
2646, 0.30
2647, 0.30
2648, 0.30
2649, 0.30
2650, 0.30
2651, 0.30
2652, 0.30
2653, 0.30
2654, 0.30
2655, 0.30
2656, 0.30
2657, 0.30
2658, 0.30
2659, 0.30
2660, 0.30
2661, 0.30
2662, 0.30
2663, 0.30
2664, 0.30
2665, 0.30
2666, 0.30
2667, 0.30
2668, 0.30
2669, 0.30
2670, 0.30
2671, 0.30
2672, 0.30
2673, 0.30
2674, 0.30
2675, 0.30
2676, 0.30
2677, 0.30
2678, 0.30
2679, 0.30
2680, 0.30
2681, 0.30
2682, 0.30
2683, 0.30
2684, 0.30
2685, 0.30
2686, 0.30
2687, 0.30
2688, 0.30
2689, 0.30
2690, 0.30
2691, 0.30
2692, 0.30
2693, 0.30
2694, 0.30
2695, 0.30
2696, 0.30
2697, 0.30
2698, 0.30
2699, 0.30
2700, 0.30
2701, 0.30
2702, 0.30
2703, 0.30
2704, 0.30
2705, 0.30
2706, 0.30
2707, 0.30
2708, 0.30
2709, 0.30
2710, 0.30
2711, 0.30
2712, 0.30
2713, 0.30
2714, 0.30
2715, 0.30
2716, 0.30
2717, 0.30
2718, 0.30
2719, 0.30
2720, 0.30
2721, 0.30
2722, 0.30
2723, 0.30
2724, 0.30
2725, 0.30
2726, 0.30
2727, 0.30
2728, 0.30
2729, 0.30
2730, 0.30
2731, 0.30
2732, 0.30
2733, 0.30
2734, 0.30
2735, 0.30
2736, 0.30
2737, 0.30
2738, 0.30
2739, 0.30
2740, 0.30
2741, 0.30
2742, 0.30
2743, 0.30
2744, 0.30
2745, 0.30
2746, 0.30
2747, 0.30
2748, 0.30
2749, 0.30
2750, 0.30
2751, 0.30
2752, 0.30
2753, 0.30
2754, 0.30
2755, 0.30
2756, 0.30
2757, 0.30
2758, 0.30
2759, 0.30
2760, 0.30
2761, 0.30
2762, 0.30
2763, 0.30
2764, 0.30
2765, 0.30
2766, 0.30
2767, 0.30
2768, 0.30
2769, 0.30
2770, 0.30
2771, 0.30
2772, 0.30
2773, 0.30
2774, 0.30
2775, 0.30
2776, 0.30
2777, 0.30
2778, 0.30
2779, 0.30
2780, 0.30
2781, 0.30
2782, 0.30
2783, 0.30
2784, 0.30
2785, 0.30
2786, 0.30
2787, 0.30
2788, 0.30
2789, 0.30
2790, 0.30
2791, 0.30
2792, 0.30
2793, 0.30
2794, 0.30
2795, 0.30
2796, 0.30
2797, 0.30
2798, 0.30
2799, 0.30
2800, 0.30
2801, 0.30
2802, 0.30
2803, 0.30
2804, 0.30
2805, 0.30
2806, 0.30
2807, 0.30
2808, 0.30
2809, 0.30
2810, 0.30
2811, 0.30
2812, 0.30
2813, 0.30
2814, 0.30
2815, 0.30
2816, 0.30
2817, 0.30
2818, 0.30
2819, 0.30
2820, 0.30
2821, 0.30
2822, 0.30
2823, 0.30
2824, 0.30
2825, 0.30
2826, 0.30
2827, 0.30
2828, 0.30
2829, 0.30
2830, 0.30
2831, 0.30
2832, 0.30
2833, 0.30
2834, 0.30
2835, 0.30
2836, 0.30
2837, 0.30
2838, 0.30
2839, 0.30
2840, 0.30
2841, 0.30
2842, 0.30
2843, 0.30
2844, 0.30
2845, 0.30
2846, 0.30
2847, 0.30
2848, 0.30
2849, 0.30
2850, 0.30
2851, 0.30
2852, 0.30
2853, 0.30
2854, 0.30
2855, 0.30
2856, 0.30
2857, 0.30
2858, 0.30
2859, 0.30
2860, 0.30
2861, 0.30
2862, 0.30
2863, 0.30
2864, 0.30
2865, 0.30
2866, 0.30
2867, 0.30
2868, 0.30
2869, 0.30
2870, 0.30
2871, 0.30
2872, 0.30
2873, 0.30
2874, 0.30
2875, 0.30
2876, 0.30
2877, 0.30
2878, 0.30
2879, 0.30
2880, 0.30
2881, 0.30
2882, 0.30
2883, 0.30
2884, 0.30
2885, 0.30
2886, 0.30
2887, 0.30
2888, 0.30
2889, 0.30
2890, 0.30
2891, 0.30
2892, 0.30
2893, 0.30
2894, 0.30
2895, 0.30
2896, 0.30
2897, 0.30
2898, 0.30
2899, 0.30
2900, 0.30
2901, 0.30
2902, 0.30
2903, 0.30
2904, 0.30
2905, 0.30
2906, 0.30
2907, 0.30
2908, 0.30
2909, 0.30
2910, 0.30
2911, 0.30
2912, 0.30
2913, 0.30
2914, 0.30
2915, 0.30
2916, 0.30
2917, 0.30
2918, 0.30
2919, 0.30
2920, 0.30
2921, 0.30
2922, 0.30
2923, 0.30
2924, 0.30
2925, 0.30
2926, 0.30
2927, 0.30
2928, 0.30
2929, 0.30
2930, 0.30
2931, 0.30
2932, 0.30
2933, 0.30
2934, 0.30
2935, 0.30
2936, 0.30
2937, 0.30
2938, 0.30
2939, 0.30
2940, 0.30
2941, 0.30
2942, 0.30
2943, 0.30
2944, 0.30
2945, 0.30
2946, 0.30
2947, 0.30
2948, 0.30
2949, 0.30
2950, 0.30
2951, 0.30
2952, 0.30
2953, 0.30
2954, 0.30
2955, 0.30
2956, 0.30
2957, 0.30
2958, 0.30
2959, 0.30
2960, 0.30
2961, 0.30
2962, 0.30
2963, 0.30
2964, 0.30
2965, 0.30
2966, 0.30
2967, 0.30
2968, 0.30
2969, 0.30
2970, 0.30
2971, 0.30
2972, 0.30
2973, 0.30
2974, 0.30
2975, 0.30
2976, 0.30
2977, 0.30
2978, 0.30
2979, 0.30
2980, 0.30
2981, 0.30
2982, 0.30
2983, 0.30
2984, 0.30
2985, 0.30
2986, 0.30
2987, 0.30
2988, 0.30
2989, 0.30
2990, 0.30
2991, 0.30
2992, 0.30
2993, 0.30
2994, 0.30
2995, 0.30
2996, 0.30
2997, 0.30
2998, 0.30
2999, 0.30
3000, 0.30
3001, 0.30
3002, 0.30
3003, 0.30
3004, 0.30
3005, 0.30
3006, 0.30
3007, 0.30
3008, 0.30
3009, 0.30
3010, 0.30
3011, 0.30
3012, 0.30
3013, 0.30
3014, 0.30
3015, 0.30
3016, 0.30
3017, 0.30
3018, 0.30
3019, 0.30
3020, 0.30
3021, 0.30
3022, 0.30
3023, 0.30
3024, 0.30
3025, 0.30
3026, 0.30
3027, 0.30
3028, 0.30
3029, 0.30
3030, 0.30
3031, 0.30
3032, 0.30
3033, 0.30
3034, 0.30
3035, 0.30
3036, 0.30
3037, 0.30
3038, 0.30
3039, 0.30
3040, 0.30
3041, 0.30
3042, 0.30
3043, 0.30
3044, 0.30
3045, 0.30
3046, 0.30
3047, 0.30
3048, 0.30
3049, 0.30
3050, 0.30
3051, 0.30
3052, 0.30
3053, 0.30
3054, 0.30
3055, 0.30
3056, 0.30
3057, 0.30
3058, 0.30
3059, 0.30
3060, 0.30
3061, 0.30
3062, 0.30
3063, 0.30
3064, 0.30
3065, 0.30
3066, 0.30
3067, 0.30
3068, 0.30
3069, 0.30
3070, 0.30
3071, 0.30
3072, 0.30
3073, 0.30
3074, 0.30
3075, 0.30
3076, 0.30
3077, 0.30
3078, 0.30
3079, 0.30
3080, 0.30
3081, 0.30
3082, 0.30
3083, 0.30
3084, 0.30
3085, 0.30
3086, 0.30
3087, 0.30
3088, 0.30
3089, 0.30
3090, 0.30
3091, 0.30
3092, 0.30
3093, 0.30
3094, 0.30
3095, 0.30
3096, 0.30
3097, 0.30
3098, 0.30
3099, 0.30
3100, 0.30
3101, 0.30
3102, 0.30
3103, 0.30
3104, 0.30
3105, 0.30
3106, 0.30
3107, 0.30
3108, 0.30
3109, 0.30
3110, 0.30
3111, 0.30
3112, 0.30
3113, 0.30
3114, 0.30
3115, 0.30
3116, 0.30
3117, 0.30
3118, 0.30
3119, 0.30
3120, 0.30
3121, 0.30
3122, 0.30
3123, 0.30
3124, 0.30
3125, 0.30
3126, 0.30
3127, 0.30
3128, 0.30
3129, 0.30
3130, 0.30
3131, 0.30
3132, 0.30
3133, 0.30
3134, 0.30
3135, 0.30
3136, 0.30
3137, 0.30
3138, 0.30
3139, 0.30
3140, 0.30
3141, 0.30
3142, 0.30
3143, 0.30
3144, 0.30
3145, 0.30
3146, 0.30
3147, 0.30
3148, 0.30
3149, 0.30
3150, 0.30
3151, 0.30
3152, 0.30
3153, 0.30
3154, 0.30
3155, 0.30
3156, 0.30
3157, 0.30
3158, 0.30
3159, 0.30
3160, 0.30
3161, 0.30
3162, 0.30
3163, 0.30
3164, 0.30
3165, 0.30
3166, 0.30
3167, 0.30
3168, 0.30
3169, 0.30
3170, 0.30
3171, 0.30
3172, 0.30
3173, 0.30
3174, 0.30
3175, 0.30
3176, 0.30
3177, 0.30
3178, 0.30
3179, 0.30
3180, 0.30
3181, 0.30
3182, 0.30
3183, 0.30
3184, 0.30
3185, 0.30
3186, 0.30
3187, 0.30
3188, 0.30
3189, 0.30
3190, 0.30
3191, 0.30
3192, 0.30
3193, 0.30
3194, 0.30
3195, 0.30
3196, 0.30
3197, 0.30
3198, 0.30
3199, 0.30
3200, 0.30
3201, 0.30
3202, 0.30
3203, 0.30
3204, 0.30
3205, 0.30
3206, 0.30
3207, 0.30
3208, 0.30
3209, 0.30
3210, 0.30
3211, 0.30
3212, 0.30
3213, 0.30
3214, 0.30
3215, 0.30
3216, 0.30
3217, 0.30
3218, 0.30
3219, 0.30
3220, 0.30
3221, 0.30
3222, 0.30
3223, 0.30
3224, 0.30
3225, 0.30
3226, 0.30
3227, 0.30
3228, 0.30
3229, 0.30
3230, 0.30
3231, 0.30
3232, 0.30
3233, 0.30
3234, 0.30
3235, 0.30
3236, 0.30
3237, 0.30
3238, 0.30
3239, 0.30
3240, 0.30
3241, 0.30
3242, 0.30
3243, 0.30
3244, 0.30
3245, 0.30
3246, 0.30
3247, 0.30
3248, 0.30
3249, 0.30
3250, 0.30
3251, 0.30
3252, 0.30
3253, 0.30
3254, 0.30
3255, 0.30
3256, 0.30
3257, 0.30
3258, 0.30
3259, 0.30
3260, 0.30
3261, 0.30
3262, 0.30
3263, 0.30
3264, 0.30
3265, 0.30
3266, 0.30
3267, 0.30
3268, 0.30
3269, 0.30
3270, 0.30
3271, 0.30
3272, 0.30
3273, 0.30
3274, 0.30
3275, 0.30
3276, 0.30
3277, 0.30
3278, 0.30
3279, 0.30
3280, 0.30
3281, 0.30
3282, 0.30
3283, 0.30
3284, 0.30
3285, 0.30
3286, 0.30
3287, 0.30
3288, 0.30
3289, 0.30
3290, 0.30
3291, 0.30
3292, 0.30
3293, 0.30
3294, 0.30
3295, 0.30
3296, 0.30
3297, 0.30
3298, 0.30
3299, 0.30
3300, 0.30
3301, 0.30
3302, 0.30
3303, 0.30
3304, 0.30
3305, 0.30
3306, 0.30
3307, 0.30
3308, 0.30
3309, 0.30
3310, 0.30
3311, 0.30
3312, 0.30
3313, 0.30
3314, 0.30
3315, 0.30
3316, 0.30
3317, 0.30
3318, 0.30
3319, 0.30
3320, 0.30
3321, 0.30
3322, 0.30
3323, 0.30
3324, 0.30
3325, 0.30
3326, 0.30
3327, 0.30
3328, 0.30
3329, 0.30
3330, 0.30
3331, 0.30
3332, 0.30
3333, 0.30
3334, 0.30
3335, 0.30
3336, 0.30
3337, 0.30
3338, 0.30
3339, 0.30
3340, 0.30
3341, 0.30
3342, 0.30
3343, 0.30
3344, 0.30
3345, 0.30
3346, 0.30
3347, 0.30
3348, 0.30
3349, 0.30
3350, 0.30
3351, 0.30
3352, 0.30
3353, 0.30
3354, 0.30
3355, 0.30
3356, 0.30
3357, 0.30
3358, 0.30
3359, 0.30
3360, 0.30
3361, 0.30
3362, 0.30
3363, 0.30
3364, 0.30
3365, 0.30
3366, 0.30
3367, 0.30
3368, 0.30
3369, 0.30
3370, 0.30
3371, 0.30
3372, 0.30
3373, 0.30
3374, 0.30
3375, 0.30
3376, 0.30
3377, 0.30
3378, 0.30
3379, 0.30
3380, 0.30
3381, 0.30
3382, 0.30
3383, 0.30
3384, 0.30
3385, 0.30
3386, 0.30
3387, 0.30
3388, 0.30
3389, 0.30
3390, 0.30
3391, 0.30
3392, 0.30
3393, 0.30
3394, 0.30
3395, 0.30
3396, 0.30
3397, 0.30
3398, 0.30
3399, 0.30
3400, 0.30
3401, 0.30
3402, 0.30
3403, 0.30
3404, 0.30
3405, 0.30
3406, 0.30
3407, 0.30
3408, 0.30
3409, 0.30
3410, 0.30
3411, 0.30
3412, 0.30
3413, 0.30
3414, 0.30
3415, 0.30
3416, 0.30
3417, 0.30
3418, 0.30
3419, 0.30
3420, 0.30
3421, 0.30
3422, 0.30
3423, 0.30
3424, 0.30
3425, 0.30
3426, 0.30
3427, 0.30
3428, 0.30
3429, 0.30
3430, 0.30
3431, 0.30
3432, 0.30
3433, 0.30
3434, 0.30
3435, 0.30
3436, 0.30
3437, 0.30
3438, 0.30
3439, 0.30
3440, 0.30
3441, 0.30
3442, 0.30
3443, 0.30
3444, 0.30
3445, 0.30
3446, 0.30
3447, 0.30
3448, 0.30
3449, 0.30
3450, 0.30
3451, 0.30
3452, 0.30
3453, 0.30
3454, 0.30
3455, 0.30
3456, 0.30
3457, 0.30
3458, 0.30
3459, 0.30
3460, 0.30
3461, 0.30
3462, 0.30
3463, 0.30
3464, 0.30
3465, 0.30
3466, 0.30
3467, 0.30
3468, 0.30
3469, 0.30
3470, 0.30
3471, 0.30
3472, 0.30
3473, 0.30
3474, 0.30
3475, 0.30
3476, 0.30
3477, 0.30
3478, 0.30
3479, 0.30
3480, 0.30
3481, 0.30
3482, 0.30
3483, 0.30
3484, 0.30
3485, 0.30
3486, 0.30
3487, 0.30
3488, 0.30
3489, 0.30
3490, 0.30
3491, 0.30
3492, 0.30
3493, 0.30
3494, 0.30
3495, 0.30
3496, 0.30
3497, 0.30
3498, 0.30
3499, 0.30
3500, 0.30
3501, 0.30
3502, 0.30
3503, 0.30
3504, 0.30
3505, 0.30
3506, 0.30
3507, 0.30
3508, 0.30
3509, 0.30
3510, 0.30
3511, 0.30
3512, 0.30
3513, 0.30
3514, 0.30
3515, 0.30
3516, 0.30
3517, 0.30
3518, 0.30
3519, 0.30
3520, 0.30
3521, 0.30
3522, 0.30
3523, 0.30
3524, 0.30
3525, 0.30
3526, 0.30
3527, 0.30
3528, 0.30
3529, 0.30
3530, 0.30
3531, 0.30
3532, 0.30
3533, 0.30
3534, 0.30
3535, 0.30
3536, 0.30
3537, 0.30
3538, 0.30
3539, 0.30
3540, 0.30
3541, 0.30
3542, 0.30
3543, 0.30
3544, 0.30
3545, 0.30
3546, 0.30
3547, 0.30
3548, 0.30
3549, 0.30
3550, 0.30
3551, 0.30
3552, 0.30
3553, 0.30
3554, 0.30
3555, 0.30
3556, 0.30
3557, 0.30
3558, 0.30
3559, 0.30
3560, 0.30
3561, 0.30
3562, 0.30
3563, 0.30
3564, 0.30
3565, 0.30
3566, 0.30
3567, 0.30
3568, 0.30
3569, 0.30
3570, 0.30
3571, 0.30
3572, 0.30
3573, 0.30
3574, 0.30
3575, 0.30
3576, 0.30
3577, 0.30
3578, 0.30
3579, 0.30
3580, 0.30
3581, 0.30
3582, 0.30
3583, 0.30
3584, 0.30
3585, 0.30
3586, 0.30
3587, 0.30
3588, 0.30
3589, 0.30
3590, 0.30
3591, 0.30
3592, 0.30
3593, 0.30
3594, 0.30
3595, 0.30
3596, 0.30
3597, 0.30
3598, 0.30
3599, 0.30
3600, 0.30
3601, 0.30
3602, 0.30
3603, 0.30
3604, 0.30
3605, 0.30
3606, 0.30
3607, 0.30
3608, 0.30
3609, 0.30
3610, 0.30
3611, 0.30
3612, 0.30
3613, 0.30
3614, 0.30
3615, 0.30
3616, 0.30
3617, 0.30
3618, 0.30
3619, 0.30
3620, 0.30
3621, 0.30
3622, 0.30
3623, 0.30
3624, 0.30
3625, 0.30
3626, 0.30
3627, 0.30
3628, 0.30
3629, 0.30
3630, 0.30
3631, 0.30
3632, 0.30
3633, 0.30
3634, 0.30
3635, 0.30
3636, 0.30
3637, 0.30
3638, 0.30
3639, 0.30
3640, 0.30
3641, 0.30
3642, 0.30
3643, 0.30
3644, 0.30
3645, 0.30
3646, 0.30
3647, 0.30
3648, 0.30
3649, 0.30
3650, 0.30
3651, 0.30
3652, 0.30
3653, 0.30
3654, 0.30
3655, 0.30
3656, 0.30
3657, 0.30
3658, 0.30
3659, 0.30
3660, 0.30
3661, 0.30
3662, 0.30
3663, 0.30
3664, 0.30
3665, 0.30
3666, 0.30
3667, 0.30
3668, 0.30
3669, 0.30
3670, 0.30
3671, 0.30
3672, 0.30
3673, 0.30
3674, 0.30
3675, 0.30
3676, 0.30
3677, 0.30
3678, 0.30
3679, 0.30
3680, 0.30
3681, 0.30
3682, 0.30
3683, 0.30
3684, 0.30
3685, 0.30
3686, 0.30
3687, 0.30
3688, 0.30
3689, 0.30
3690, 0.30
3691, 0.30
3692, 0.30
3693, 0.30
3694, 0.30
3695, 0.30
3696, 0.30
3697, 0.30
3698, 0.30
3699, 0.30
3700, 0.30
3701, 0.30
3702, 0.30
3703, 0.30
3704, 0.30
3705, 0.30
3706, 0.30
3707, 0.30
3708, 0.30
3709, 0.30
3710, 0.30
3711, 0.30
3712, 0.30
3713, 0.30
3714, 0.30
3715, 0.30
3716, 0.30
3717, 0.30
3718, 0.30
3719, 0.30
3720, 0.30
3721, 0.30
3722, 0.30
3723, 0.30
3724, 0.30
3725, 0.30
3726, 0.30
3727, 0.30
3728, 0.30
3729, 0.30
3730, 0.30
3731, 0.30
3732, 0.30
3733, 0.30
3734, 0.30
3735, 0.30
3736, 0.30
3737, 0.30
3738, 0.30
3739, 0.30
3740, 0.30
3741, 0.30
3742, 0.30
3743, 0.30
3744, 0.30
3745, 0.30
3746, 0.30
3747, 0.30
3748, 0.30
3749, 0.30
3750, 0.30
3751, 0.30
3752, 0.30
3753, 0.30
3754, 0.30
3755, 0.30
3756, 0.30
3757, 0.30
3758, 0.30
3759, 0.30
3760, 0.30
3761, 0.30
3762, 0.30
3763, 0.30
3764, 0.30
3765, 0.30
3766, 0.30
3767, 0.30
3768, 0.30
3769, 0.30
3770, 0.30
3771, 0.30
3772, 0.30
3773, 0.30
3774, 0.30
3775, 0.30
3776, 0.30
3777, 0.30
3778, 0.30
3779, 0.30
3780, 0.30
3781, 0.30
3782, 0.30
3783, 0.30
3784, 0.30
3785, 0.30
3786, 0.30
3787, 0.30
3788, 0.30
3789, 0.30
3790, 0.30
3791, 0.30
3792, 0.30
3793, 0.30
3794, 0.30
3795, 0.30
3796, 0.30
3797, 0.30
3798, 0.30
3799, 0.30
3800, 0.30
3801, 0.30
3802, 0.30
3803, 0.30
3804, 0.30
3805, 0.30
3806, 0.30
3807, 0.30
3808, 0.30
3809, 0.30
3810, 0.30
3811, 0.30
3812, 0.30
3813, 0.30
3814, 0.30
3815, 0.30
3816, 0.30
3817, 0.30
3818, 0.30
3819, 0.30
3820, 0.30
3821, 0.30
3822, 0.30
3823, 0.30
3824, 0.30
3825, 0.30
3826, 0.30
3827, 0.30
3828, 0.30
3829, 0.30
3830, 0.30
3831, 0.30
3832, 0.30
3833, 0.30
3834, 0.30
3835, 0.30
3836, 0.30
3837, 0.30
3838, 0.30
3839, 0.30
3840, 0.30
3841, 0.30
3842, 0.30
3843, 0.30
3844, 0.30
3845, 0.30
3846, 0.30
3847, 0.30
3848, 0.30
3849, 0.30
3850, 0.30
3851, 0.30
3852, 0.30
3853, 0.30
3854, 0.30
3855, 0.30
3856, 0.30
3857, 0.30
3858, 0.30
3859, 0.30
3860, 0.30
3861, 0.30
3862, 0.30
3863, 0.30
3864, 0.30
3865, 0.30
3866, 0.30
3867, 0.30
3868, 0.30
3869, 0.30
3870, 0.30
3871, 0.30
3872, 0.30
3873, 0.30
3874, 0.30
3875, 0.30
3876, 0.30
3877, 0.30
3878, 0.30
3879, 0.30
3880, 0.30
3881, 0.30
3882, 0.30
3883, 0.30
3884, 0.30
3885, 0.30
3886, 0.30
3887, 0.30
3888, 0.30
3889, 0.30
3890, 0.30
3891, 0.30
3892, 0.30
3893, 0.30
3894, 0.30
3895, 0.30
3896, 0.30
3897, 0.30
3898, 0.30
3899, 0.30
3900, 0.30
3901, 0.30
3902, 0.30
3903, 0.30
3904, 0.30
3905, 0.30
3906, 0.30
3907, 0.30
3908, 0.30
3909, 0.30
3910, 0.30
3911, 0.30
3912, 0.30
3913, 0.30
3914, 0.30
3915, 0.30
3916, 0.30
3917, 0.30
3918, 0.30
3919, 0.30
3920, 0.30
3921, 0.30
3922, 0.30
3923, 0.30
3924, 0.30
3925, 0.30
3926, 0.30
3927, 0.30
3928, 0.30
3929, 0.30
3930, 0.30
3931, 0.30
3932, 0.30
3933, 0.30
3934, 0.30
3935, 0.30
3936, 0.30
3937, 0.30
3938, 0.30
3939, 0.30
3940, 0.30
3941, 0.30
3942, 0.30
3943, 0.30
3944, 0.30
3945, 0.30
3946, 0.30
3947, 0.30
3948, 0.30
3949, 0.30
3950, 0.30
3951, 0.30
3952, 0.30
3953, 0.30
3954, 0.30
3955, 0.30
3956, 0.30
3957, 0.30
3958, 0.30
3959, 0.30
3960, 0.30
3961, 0.30
3962, 0.30
3963, 0.30
3964, 0.30
3965, 0.30
3966, 0.30
3967, 0.30
3968, 0.30
3969, 0.30
3970, 0.30
3971, 0.30
3972, 0.30
3973, 0.30
3974, 0.30
3975, 0.30
3976, 0.30
3977, 0.30
3978, 0.30
3979, 0.30
3980, 0.30
3981, 0.30
3982, 0.30
3983, 0.30
3984, 0.30
3985, 0.30
3986, 0.30
3987, 0.30
3988, 0.30
3989, 0.30
3990, 0.30
3991, 0.30
3992, 0.30
3993, 0.30
3994, 0.30
3995, 0.30
3996, 0.30
3997, 0.30
3998, 0.30
3999, 0.30
4000, 0.30
4001, 0.30
4002, 0.30
4003, 0.30
4004, 0.30
4005, 0.30
4006, 0.30
4007, 0.30
4008, 0.30
4009, 0.30
4010, 0.30
4011, 0.30
4012, 0.30
4013, 0.30
4014, 0.30
4015, 0.30
4016, 0.30
4017, 0.30
4018, 0.30
4019, 0.30
4020, 0.30
4021, 0.30
4022, 0.30
4023, 0.30
4024, 0.30
4025, 0.30
4026, 0.30
4027, 0.30
4028, 0.30
4029, 0.30
4030, 0.30
4031, 0.30
4032, 0.30
4033, 0.30
4034, 0.30
4035, 0.30
4036, 0.30
4037, 0.30
4038, 0.30
4039, 0.30
4040, 0.30
4041, 0.30
4042, 0.30
4043, 0.30
4044, 0.30
4045, 0.30
4046, 0.30
4047, 0.30
4048, 0.30
4049, 0.30
4050, 0.30
4051, 0.30
4052, 0.30
4053, 0.30
4054, 0.30
4055, 0.30
4056, 0.30
4057, 0.30
4058, 0.30
4059, 0.30
4060, 0.30
4061, 0.30
4062, 0.30
4063, 0.30
4064, 0.30
4065, 0.30
4066, 0.30
4067, 0.30
4068, 0.30
4069, 0.30
4070, 0.30
4071, 0.30
4072, 0.30
4073, 0.30
4074, 0.30
4075, 0.30
4076, 0.30
4077, 0.30
4078, 0.30
4079, 0.30
4080, 0.30
4081, 0.30
4082, 0.30
4083, 0.30
4084, 0.30
4085, 0.30
4086, 0.30
4087, 0.30
4088, 0.30
4089, 0.30
4090, 0.30
4091, 0.30
4092, 0.30
4093, 0.30
4094, 0.30
4095, 0.30
4096, 0.30
4097, 0.30
4098, 0.30
4099, 0.30
4100, 0.30
4101, 0.30
4102, 0.30
4103, 0.30
4104, 0.30
4105, 0.30
4106, 0.30
4107, 0.30
4108, 0.30
4109, 0.30
4110, 0.30
4111, 0.30
4112, 0.30
4113, 0.30
4114, 0.30
4115, 0.30
4116, 0.30
4117, 0.30
4118, 0.30
4119, 0.30
4120, 0.30
4121, 0.30
4122, 0.30
4123, 0.30
4124, 0.30
4125, 0.30
4126, 0.30
4127, 0.30
4128, 0.30
4129, 0.30
4130, 0.30
4131, 0.30
4132, 0.30
4133, 0.30
4134, 0.30
4135, 0.30
4136, 0.30
4137, 0.30
4138, 0.30
4139, 0.30
4140, 0.30
4141, 0.30
4142, 0.30
4143, 0.30
4144, 0.30
4145, 0.30
4146, 0.30
4147, 0.30
4148, 0.30
4149, 0.30
4150, 0.30
4151, 0.30
4152, 0.30
4153, 0.30
4154, 0.30
4155, 0.30
4156, 0.30
4157, 0.30
4158, 0.30
4159, 0.30
4160, 0.30
4161, 0.30
4162, 0.30
4163, 0.30
4164, 0.30
4165, 0.30
4166, 0.30
4167, 0.30
4168, 0.30
4169, 0.30
4170, 0.30
4171, 0.30
4172, 0.30
4173, 0.30
4174, 0.30
4175, 0.30
4176, 0.30
4177, 0.30
4178, 0.30
4179, 0.30
4180, 0.30
4181, 0.30
4182, 0.30
4183, 0.30
4184, 0.30
4185, 0.30
4186, 0.30
4187, 0.30
4188, 0.30
4189, 0.30
4190, 0.30
4191, 0.30
4192, 0.30
4193, 0.30
4194, 0.30
4195, 0.30
4196, 0.30
4197, 0.30
4198, 0.30
4199, 0.30
4200, 0.30
4201, 0.30
4202, 0.30
4203, 0.30
4204, 0.30
4205, 0.30
4206, 0.30
4207, 0.30
4208, 0.30
4209, 0.30
4210, 0.30
4211, 0.30
4212, 0.30
4213, 0.30
4214, 0.30
4215, 0.30
4216, 0.30
4217, 0.30
4218, 0.30
4219, 0.30
4220, 0.30
4221, 0.30
4222, 0.30
4223, 0.30
4224, 0.30
4225, 0.30
4226, 0.30
4227, 0.30
4228, 0.30
4229, 0.30
4230, 0.30
4231, 0.30
4232, 0.30
4233, 0.30
4234, 0.30
4235, 0.30
4236, 0.30
4237, 0.30
4238, 0.30
4239, 0.30
4240, 0.30
4241, 0.30
4242, 0.30
4243, 0.30
4244, 0.30
4245, 0.30
4246, 0.30
4247, 0.30
4248, 0.30
4249, 0.30
4250, 0.30
4251, 0.30
4252, 0.30
4253, 0.30
4254, 0.30
4255, 0.30
4256, 0.30
4257, 0.30
4258, 0.30
4259, 0.30
4260, 0.30
4261, 0.30
4262, 0.30
4263, 0.30
4264, 0.30
4265, 0.30
4266, 0.30
4267, 0.30
4268, 0.30
4269, 0.30
4270, 0.30
4271, 0.30
4272, 0.30
4273, 0.30
4274, 0.30
4275, 0.30
4276, 0.30
4277, 0.30
4278, 0.30
4279, 0.30
4280, 0.30
4281, 0.30
4282, 0.30
4283, 0.30
4284, 0.30
4285, 0.30
4286, 0.30
4287, 0.30
4288, 0.30
4289, 0.30
4290, 0.30
4291, 0.30
4292, 0.30
4293, 0.30
4294, 0.30
4295, 0.30
4296, 0.30
4297, 0.30
4298, 0.30
4299, 0.30
4300, 0.30
4301, 0.30
4302, 0.30
4303, 0.30
4304, 0.30
4305, 0.30
4306, 0.30
4307, 0.30
4308, 0.30
4309, 0.30
4310, 0.30
4311, 0.30
4312, 0.30
4313, 0.30
4314, 0.30
4315, 0.30
4316, 0.30
4317, 0.30
4318, 0.30
4319, 0.30
4320, 0.30
4321, 0.30
4322, 0.30
4323, 0.30
4324, 0.30
4325, 0.30
4326, 0.30
4327, 0.30
4328, 0.30
4329, 0.30
4330, 0.30
4331, 0.30
4332, 0.30
4333, 0.30
4334, 0.30
4335, 0.30
4336, 0.30
4337, 0.30
4338, 0.30
4339, 0.30
4340, 0.30
4341, 0.30
4342, 0.30
4343, 0.30
4344, 0.30
4345, 0.30
4346, 0.30
4347, 0.30
4348, 0.30
4349, 0.30
4350, 0.30
4351, 0.30
4352, 0.30
4353, 0.30
4354, 0.30
4355, 0.30
4356, 0.30
4357, 0.30
4358, 0.30
4359, 0.30
4360, 0.30
4361, 0.30
4362, 0.30
4363, 0.30
4364, 0.30
4365, 0.30
4366, 0.30
4367, 0.30
4368, 0.30
4369, 0.30
4370, 0.30
4371, 0.30
4372, 0.30
4373, 0.30
4374, 0.30
4375, 0.30
4376, 0.30
4377, 0.30
4378, 0.30
4379, 0.30
4380, 0.30
4381, 0.30
4382, 0.30
4383, 0.30
4384, 0.30
4385, 0.30
4386, 0.30
4387, 0.30
4388, 0.30
4389, 0.30
4390, 0.30
4391, 0.30
4392, 0.30
4393, 0.30
4394, 0.30
4395, 0.30
4396, 0.30
4397, 0.30
4398, 0.30
4399, 0.30
4400, 0.30
4401, 0.30
4402, 0.30
4403, 0.30
4404, 0.30
4405, 0.30
4406, 0.30
4407, 0.30
4408, 0.30
4409, 0.30
4410, 0.30
4411, 0.30
4412, 0.30
4413, 0.30
4414, 0.30
4415, 0.30
4416, 0.30
4417, 0.30
4418, 0.30
4419, 0.30
4420, 0.30
4421, 0.30
4422, 0.30
4423, 0.30
4424, 0.30
4425, 0.30
4426, 0.30
4427, 0.30
4428, 0.30
4429, 0.30
4430, 0.30
4431, 0.30
4432, 0.30
4433, 0.30
4434, 0.30
4435, 0.30
4436, 0.30
4437, 0.30
4438, 0.30
4439, 0.30
4440, 0.30
4441, 0.30
4442, 0.30
4443, 0.30
4444, 0.30
4445, 0.30
4446, 0.30
4447, 0.30
4448, 0.30
4449, 0.30
4450, 0.30
4451, 0.30
4452, 0.30
4453, 0.30
4454, 0.30
4455, 0.30
4456, 0.30
4457, 0.30
4458, 0.30
4459, 0.30
4460, 0.30
4461, 0.30
4462, 0.30
4463, 0.30
4464, 0.30
4465, 0.30
4466, 0.30
4467, 0.30
4468, 0.30
4469, 0.30
4470, 0.30
4471, 0.30
4472, 0.30
4473, 0.30
4474, 0.30
4475, 0.30
4476, 0.30
4477, 0.30
4478, 0.30
4479, 0.30
4480, 0.30
4481, 0.30
4482, 0.30
4483, 0.30
4484, 0.30
4485, 0.30
4486, 0.30
4487, 0.30
4488, 0.30
4489, 0.30
4490, 0.30
4491, 0.30
4492, 0.30
4493, 0.30
4494, 0.30
4495, 0.30
4496, 0.30
4497, 0.30
4498, 0.30
4499, 0.30
4500, 0.30
4501, 0.30
4502, 0.30
4503, 0.30
4504, 0.30
4505, 0.30
4506, 0.30
4507, 0.30
4508, 0.30
4509, 0.30
4510, 0.30
4511, 0.30
4512, 0.30
4513, 0.30
4514, 0.30
4515, 0.30
4516, 0.30
4517, 0.30
4518, 0.30
4519, 0.30
4520, 0.30
4521, 0.30
4522, 0.30
4523, 0.30
4524, 0.30
4525, 0.30
4526, 0.30
4527, 0.30
4528, 0.30
4529, 0.30
4530, 0.30
4531, 0.30
4532, 0.30
4533, 0.30
4534, 0.30
4535, 0.30
4536, 0.30
4537, 0.30
4538, 0.30
4539, 0.30
4540, 0.30
4541, 0.30
4542, 0.30
4543, 0.30
4544, 0.30
4545, 0.30
4546, 0.30
4547, 0.30
4548, 0.30
4549, 0.30
4550, 0.30
4551, 0.30
4552, 0.30
4553, 0.30
4554, 0.30
4555, 0.30
4556, 0.30
4557, 0.30
4558, 0.30
4559, 0.30
4560, 0.30
4561, 0.30
4562, 0.30
4563, 0.30
4564, 0.30
4565, 0.30
4566, 0.30
4567, 0.30
4568, 0.30
4569, 0.30
4570, 0.30
4571, 0.30
4572, 0.30
4573, 0.30
4574, 0.30
4575, 0.30
4576, 0.30
4577, 0.30
4578, 0.30
4579, 0.30
4580, 0.30
4581, 0.30
4582, 0.30
4583, 0.30
4584, 0.30
4585, 0.30
4586, 0.30
4587, 0.30
4588, 0.30
4589, 0.30
4590, 0.30
4591, 0.30
4592, 0.30
4593, 0.30
4594, 0.30
4595, 0.30
4596, 0.30
4597, 0.30
4598, 0.30
4599, 0.30
4600, 0.30
4601, 0.30
4602, 0.30
4603, 0.30
4604, 0.30
4605, 0.30
4606, 0.30
4607, 0.30
4608, 0.30
4609, 0.30
4610, 0.30
4611, 0.30
4612, 0.30
4613, 0.30
4614, 0.30
4615, 0.30
4616, 0.30
4617, 0.30
4618, 0.30
4619, 0.30
4620, 0.30
4621, 0.30
4622, 0.30
4623, 0.30
4624, 0.30
4625, 0.30
4626, 0.30
4627, 0.30
4628, 0.30
4629, 0.30
4630, 0.30
4631, 0.30
4632, 0.30
4633, 0.30
4634, 0.30
4635, 0.30
4636, 0.30
4637, 0.30
4638, 0.30
4639, 0.30
4640, 0.30
4641, 0.30
4642, 0.30
4643, 0.30
4644, 0.30
4645, 0.30
4646, 0.30
4647, 0.30
4648, 0.30
4649, 0.30
4650, 0.30
4651, 0.30
4652, 0.30
4653, 0.30
4654, 0.30
4655, 0.30
4656, 0.30
4657, 0.30
4658, 0.30
4659, 0.30
4660, 0.30
4661, 0.30
4662, 0.30
4663, 0.30
4664, 0.30
4665, 0.30
4666, 0.30
4667, 0.30
4668, 0.30
4669, 0.30
4670, 0.30
4671, 0.30
4672, 0.30
4673, 0.30
4674, 0.30
4675, 0.30
4676, 0.30
4677, 0.30
4678, 0.30
4679, 0.30
4680, 0.30
4681, 0.30
4682, 0.30
4683, 0.30
4684, 0.30
4685, 0.30
4686, 0.30
4687, 0.30
4688, 0.30
4689, 0.30
4690, 0.30
4691, 0.30
4692, 0.30
4693, 0.30
4694, 0.30
4695, 0.30
4696, 0.30
4697, 0.30
4698, 0.30
4699, 0.30
4700, 0.30
4701, 0.30
4702, 0.30
4703, 0.30
4704, 0.30
4705, 0.30
4706, 0.30
4707, 0.30
4708, 0.30
4709, 0.30
4710, 0.30
4711, 0.30
4712, 0.30
4713, 0.30
4714, 0.30
4715, 0.30
4716, 0.30
4717, 0.30
4718, 0.30
4719, 0.30
4720, 0.30
4721, 0.30
4722, 0.30
4723, 0.30
4724, 0.30
4725, 0.30
4726, 0.30
4727, 0.30
4728, 0.30
4729, 0.30
4730, 0.30
4731, 0.30
4732, 0.30
4733, 0.30
4734, 0.30
4735, 0.30
4736, 0.30
4737, 0.30
4738, 0.30
4739, 0.30
4740, 0.30
4741, 0.30
4742, 0.30
4743, 0.30
4744, 0.30
4745, 0.30
4746, 0.30
4747, 0.30
4748, 0.30
4749, 0.30
4750, 0.30
4751, 0.30
4752, 0.30
4753, 0.30
4754, 0.30
4755, 0.30
4756, 0.30
4757, 0.30
4758, 0.30
4759, 0.30
4760, 0.30
4761, 0.30
4762, 0.30
4763, 0.30
4764, 0.30
4765, 0.30
4766, 0.30
4767, 0.30
4768, 0.30
4769, 0.30
4770, 0.30
4771, 0.30
4772, 0.30
4773, 0.30
4774, 0.30
4775, 0.30
4776, 0.30
4777, 0.30
4778, 0.30
4779, 0.30
4780, 0.30
4781, 0.30
4782, 0.30
4783, 0.30
4784, 0.30
4785, 0.30
4786, 0.30
4787, 0.30
4788, 0.30
4789, 0.30
4790, 0.30
4791, 0.30
4792, 0.30
4793, 0.30
4794, 0.30
4795, 0.30
4796, 0.30
4797, 0.30
4798, 0.30
4799, 0.30
4800, 0.30
4801, 0.30
4802, 0.30
4803, 0.30
4804, 0.30
4805, 0.30
4806, 0.30
4807, 0.30
4808, 0.30
4809, 0.30
4810, 0.30
4811, 0.30
4812, 0.30
4813, 0.30
4814, 0.30
4815, 0.30
4816, 0.30
4817, 0.30
4818, 0.30
4819, 0.30
4820, 0.30
4821, 0.30
4822, 0.30
4823, 0.30
4824, 0.30
4825, 0.30
4826, 0.30
4827, 0.30
4828, 0.30
4829, 0.30
4830, 0.30
4831, 0.30
4832, 0.30
4833, 0.30
4834, 0.30
4835, 0.30
4836, 0.30
4837, 0.30
4838, 0.30
4839, 0.30
4840, 0.30
4841, 0.30
4842, 0.30
4843, 0.30
4844, 0.30
4845, 0.30
4846, 0.30
4847, 0.30
4848, 0.30
4849, 0.30
4850, 0.30
4851, 0.30
4852, 0.30
4853, 0.30
4854, 0.30
4855, 0.30
4856, 0.30
4857, 0.30
4858, 0.30
4859, 0.30
4860, 0.30
4861, 0.30
4862, 0.30
4863, 0.30
4864, 0.30
4865, 0.30
4866, 0.30
4867, 0.30
4868, 0.30
4869, 0.30
4870, 0.30
4871, 0.30
4872, 0.30
4873, 0.30
4874, 0.30
4875, 0.30
4876, 0.30
4877, 0.30
4878, 0.30
4879, 0.30
4880, 0.30
4881, 0.30
4882, 0.30
4883, 0.30
4884, 0.30
4885, 0.30
4886, 0.30
4887, 0.30
4888, 0.30
4889, 0.30
4890, 0.30
4891, 0.30
4892, 0.30
4893, 0.30
4894, 0.30
4895, 0.30
4896, 0.30
4897, 0.30
4898, 0.30
4899, 0.30
4900, 0.30
4901, 0.30
4902, 0.30
4903, 0.30
4904, 0.30
4905, 0.30
4906, 0.30
4907, 0.30
4908, 0.30
4909, 0.30
4910, 0.30
4911, 0.30
4912, 0.30
4913, 0.30
4914, 0.30
4915, 0.30
4916, 0.30
4917, 0.30
4918, 0.30
4919, 0.30
4920, 0.30
4921, 0.30
4922, 0.30
4923, 0.30
4924, 0.30
4925, 0.30
4926, 0.30
4927, 0.30
4928, 0.30
4929, 0.30
4930, 0.30
4931, 0.30
4932, 0.30
4933, 0.30
4934, 0.30
4935, 0.30
4936, 0.30
4937, 0.30
4938, 0.30
4939, 0.30
4940, 0.30
4941, 0.30
4942, 0.30
4943, 0.30
4944, 0.30
4945, 0.30
4946, 0.30
4947, 0.30
4948, 0.30
4949, 0.30
4950, 0.30
4951, 0.30
4952, 0.30
4953, 0.30
4954, 0.30
4955, 0.30
4956, 0.30
4957, 0.30
4958, 0.30
4959, 0.30
4960, 0.30
4961, 0.30
4962, 0.30
4963, 0.30
4964, 0.30
4965, 0.30
4966, 0.30
4967, 0.30
4968, 0.30
4969, 0.30
4970, 0.30
4971, 0.30
4972, 0.30
4973, 0.30
4974, 0.30
4975, 0.30
4976, 0.30
4977, 0.30
4978, 0.30
4979, 0.30
4980, 0.30
4981, 0.30
4982, 0.30
4983, 0.30
4984, 0.30
4985, 0.30
4986, 0.30
4987, 0.30
4988, 0.30
4989, 0.30
4990, 0.30
4991, 0.30
4992, 0.30
4993, 0.30
4994, 0.30
4995, 0.30
4996, 0.30
4997, 0.30
4998, 0.30
4999, 0.30
5000, 0.30
5001, 0.30
5002, 0.30
5003, 0.30
5004, 0.30
5005, 0.30
5006, 0.30
5007, 0.30
5008, 0.30
5009, 0.30
5010, 0.30
5011, 0.30
5012, 0.30
5013, 0.30
5014, 0.30
5015, 0.30
5016, 0.30
5017, 0.30
5018, 0.30
5019, 0.30
5020, 0.30
5021, 0.30
5022, 0.30
5023, 0.30
5024, 0.30
5025, 0.30
5026, 0.30
5027, 0.30
5028, 0.30
5029, 0.30
5030, 0.30
5031, 0.30
5032, 0.30
5033, 0.30
5034, 0.30
5035, 0.30
5036, 0.30
5037, 0.30
5038, 0.30
5039, 0.30
5040, 0.30
5041, 0.30
5042, 0.30
5043, 0.30
5044, 0.30
5045, 0.30
5046, 0.30
5047, 0.30
5048, 0.30
5049, 0.30
5050, 0.30
5051, 0.30
5052, 0.30
5053, 0.30
5054, 0.30
5055, 0.30
5056, 0.30
5057, 0.30
5058, 0.30
5059, 0.30
5060, 0.30
5061, 0.30
5062, 0.30
5063, 0.30
5064, 0.30
5065, 0.30
5066, 0.30
5067, 0.30
5068, 0.30
5069, 0.30
5070, 0.30
5071, 0.30
5072, 0.30
5073, 0.30
5074, 0.30
5075, 0.30
5076, 0.30
5077, 0.30
5078, 0.30
5079, 0.30
5080, 0.30
5081, 0.30
5082, 0.30
5083, 0.30
5084, 0.30
5085, 0.30
5086, 0.30
5087, 0.30
5088, 0.30
5089, 0.30
5090, 0.30
5091, 0.30
5092, 0.30
5093, 0.30
5094, 0.30
5095, 0.30
5096, 0.30
5097, 0.30
5098, 0.30
5099, 0.30
5100, 0.30
5101, 0.30
5102, 0.30
5103, 0.30
5104, 0.30
5105, 0.30
5106, 0.30
5107, 0.30
5108, 0.30
5109, 0.30
5110, 0.30
5111, 0.30
5112, 0.30
5113, 0.30
5114, 0.30
5115, 0.30
5116, 0.30
5117, 0.30
5118, 0.30
5119, 0.30
5120, 0.30
5121, 0.30
5122, 0.30
5123, 0.30
5124, 0.30
5125, 0.30
5126, 0.30
5127, 0.30
5128, 0.30
5129, 0.30
5130, 0.30
5131, 0.30
5132, 0.30
5133, 0.30
5134, 0.30
5135, 0.30
5136, 0.30
5137, 0.30
5138, 0.30
5139, 0.30
5140, 0.30
5141, 0.30
5142, 0.30
5143, 0.30
5144, 0.30
5145, 0.30
5146, 0.30
5147, 0.30
5148, 0.30
5149, 0.30
5150, 0.30
5151, 0.30
5152, 0.30
5153, 0.30
5154, 0.30
5155, 0.30
5156, 0.30
5157, 0.30
5158, 0.30
5159, 0.30
5160, 0.30
5161, 0.30
5162, 0.30
5163, 0.30
5164, 0.30
5165, 0.30
5166, 0.30
5167, 0.30
5168, 0.30
5169, 0.30
5170, 0.30
5171, 0.30
5172, 0.30
5173, 0.30
5174, 0.30
5175, 0.30
5176, 0.30
5177, 0.30
5178, 0.30
5179, 0.30
5180, 0.30
5181, 0.30
5182, 0.30
5183, 0.30
5184, 0.30
5185, 0.30
5186, 0.30
5187, 0.30
5188, 0.30
5189, 0.30
5190, 0.30
5191, 0.30
5192, 0.30
5193, 0.30
5194, 0.30
5195, 0.30
5196, 0.30
5197, 0.30
5198, 0.30
5199, 0.30
5200, 0.30
5201, 0.30
5202, 0.30
5203, 0.30
5204, 0.30
5205, 0.30
5206, 0.30
5207, 0.30
5208, 0.30
5209, 0.30
5210, 0.30
5211, 0.30
5212, 0.30
5213, 0.30
5214, 0.30
5215, 0.30
5216, 0.30
5217, 0.30
5218, 0.30
5219, 0.30
5220, 0.30
5221, 0.30
5222, 0.30
5223, 0.30
5224, 0.30
5225, 0.30
5226, 0.30
5227, 0.30
5228, 0.30
5229, 0.30
5230, 0.30
5231, 0.30
5232, 0.30
5233, 0.30
5234, 0.30
5235, 0.30
5236, 0.30
5237, 0.30
5238, 0.30
5239, 0.30
5240, 0.30
5241, 0.30
5242, 0.30
5243, 0.30
5244, 0.30
5245, 0.30
5246, 0.30
5247, 0.30
5248, 0.30
5249, 0.30
5250, 0.30
5251, 0.30
5252, 0.30
5253, 0.30
5254, 0.30
5255, 0.30
5256, 0.30
5257, 0.30
5258, 0.30
5259, 0.30
5260, 0.30
5261, 0.30
5262, 0.30
5263, 0.30
5264, 0.30
5265, 0.30
5266, 0.30
5267, 0.30
5268, 0.30
5269, 0.30
5270, 0.30
5271, 0.30
5272, 0.30
5273, 0.30
5274, 0.30
5275, 0.30
5276, 0.30
5277, 0.30
5278, 0.30
5279, 0.30
5280, 0.30
5281, 0.30
5282, 0.30
5283, 0.30
5284, 0.30
5285, 0.30
5286, 0.30
5287, 0.30
5288, 0.30
5289, 0.30
5290, 0.30
5291, 0.30
5292, 0.30
5293, 0.30
5294, 0.30
5295, 0.30
5296, 0.30
5297, 0.30
5298, 0.30
5299, 0.30
5300, 0.30
5301, 0.30
5302, 0.30
5303, 0.30
5304, 0.30
5305, 0.30
5306, 0.30
5307, 0.30
5308, 0.30
5309, 0.30
5310, 0.30
5311, 0.30
5312, 0.30
5313, 0.30
5314, 0.30
5315, 0.30
5316, 0.30
5317, 0.30
5318, 0.30
5319, 0.30
5320, 0.30
5321, 0.30
5322, 0.30
5323, 0.30
5324, 0.30
5325, 0.30
5326, 0.30
5327, 0.30
5328, 0.30
5329, 0.30
5330, 0.30
5331, 0.30
5332, 0.30
5333, 0.30
5334, 0.30
5335, 0.30
5336, 0.30
5337, 0.30
5338, 0.30
5339, 0.30
5340, 0.30
5341, 0.30
5342, 0.30
5343, 0.30
5344, 0.30
5345, 0.30
5346, 0.30
5347, 0.30
5348, 0.30
5349, 0.30
5350, 0.30
5351, 0.30
5352, 0.30
5353, 0.30
5354, 0.30
5355, 0.30
5356, 0.30
5357, 0.30
5358, 0.30
5359, 0.30
5360, 0.30
5361, 0.30
5362, 0.30
5363, 0.30
5364, 0.30
5365, 0.30
5366, 0.30
5367, 0.30
5368, 0.30
5369, 0.30
5370, 0.30
5371, 0.30
5372, 0.30
5373, 0.30
5374, 0.30
5375, 0.30
5376, 0.30
5377, 0.30
5378, 0.30
5379, 0.30
5380, 0.30
5381, 0.30
5382, 0.30
5383, 0.30
5384, 0.30
5385, 0.30
5386, 0.30
5387, 0.30
5388, 0.30
5389, 0.30
5390, 0.30
5391, 0.30
5392, 0.30
5393, 0.30
5394, 0.30
5395, 0.30
5396, 0.30
5397, 0.30
5398, 0.30
5399, 0.30
5400, 0.30
5401, 0.30
5402, 0.30
5403, 0.30
5404, 0.30
5405, 0.30
5406, 0.30
5407, 0.30
5408, 0.30
5409, 0.30
5410, 0.30
5411, 0.30
5412, 0.30
5413, 0.30
5414, 0.30
5415, 0.30
5416, 0.30
5417, 0.30
5418, 0.30
5419, 0.30
5420, 0.30
5421, 0.30
5422, 0.30
5423, 0.30
5424, 0.30
5425, 0.30
5426, 0.30
5427, 0.30
5428, 0.30
5429, 0.30
5430, 0.30
5431, 0.30
5432, 0.30
5433, 0.30
5434, 0.30
5435, 0.30
5436, 0.30
5437, 0.30
5438, 0.30
5439, 0.30
5440, 0.30
5441, 0.30
5442, 0.30
5443, 0.30
5444, 0.30
5445, 0.30
5446, 0.30
5447, 0.30
5448, 0.30
5449, 0.30
5450, 0.30
5451, 0.30
5452, 0.30
5453, 0.30
5454, 0.30
5455, 0.30
5456, 0.30
5457, 0.30
5458, 0.30
5459, 0.30
5460, 0.30
5461, 0.30
5462, 0.30
5463, 0.30
5464, 0.30
5465, 0.30
5466, 0.30
5467, 0.30
5468, 0.30
5469, 0.30
5470, 0.30
5471, 0.30
5472, 0.30
5473, 0.30
5474, 0.30
5475, 0.30
5476, 0.30
5477, 0.30
5478, 0.30
5479, 0.30
5480, 0.30
5481, 0.30
5482, 0.30
5483, 0.30
5484, 0.30
5485, 0.30
5486, 0.30
5487, 0.30
5488, 0.30
5489, 0.30
5490, 0.30
5491, 0.30
5492, 0.30
5493, 0.30
5494, 0.30
5495, 0.30
5496, 0.30
5497, 0.30
5498, 0.30
5499, 0.30
5500, 0.30
5501, 0.30
5502, 0.30
5503, 0.30
5504, 0.30
5505, 0.30
5506, 0.30
5507, 0.30
5508, 0.30
5509, 0.30
5510, 0.30
5511, 0.30
5512, 0.30
5513, 0.30
5514, 0.30
5515, 0.30
5516, 0.30
5517, 0.30
5518, 0.30
5519, 0.30
5520, 0.30
5521, 0.30
5522, 0.30
5523, 0.30
5524, 0.30
5525, 0.30
5526, 0.30
5527, 0.30
5528, 0.30
5529, 0.30
5530, 0.30
5531, 0.30
5532, 0.30
5533, 0.30
5534, 0.30
5535, 0.30
5536, 0.30
5537, 0.30
5538, 0.30
5539, 0.30
5540, 0.30
5541, 0.30
5542, 0.30
5543, 0.30
5544, 0.30
5545, 0.30
5546, 0.30
5547, 0.30
5548, 0.30
5549, 0.30
5550, 0.30
5551, 0.30
5552, 0.30
5553, 0.30
5554, 0.30
5555, 0.30
5556, 0.30
5557, 0.30
5558, 0.30
5559, 0.30
5560, 0.30
5561, 0.30
5562, 0.30
5563, 0.30
5564, 0.30
5565, 0.30
5566, 0.30
5567, 0.30
5568, 0.30
5569, 0.30
5570, 0.30
5571, 0.30
5572, 0.30
5573, 0.30
5574, 0.30
5575, 0.30
5576, 0.30
5577, 0.30
5578, 0.30
5579, 0.30
5580, 0.30
5581, 0.30
5582, 0.30
5583, 0.30
5584, 0.30
5585, 0.30
5586, 0.30
5587, 0.30
5588, 0.30
5589, 0.30
5590, 0.30
5591, 0.30
5592, 0.30
5593, 0.30
5594, 0.30
5595, 0.30
5596, 0.30
5597, 0.30
5598, 0.30
5599, 0.30
5600, 0.30
5601, 0.30
5602, 0.30
5603, 0.30
5604, 0.30
5605, 0.30
5606, 0.30
5607, 0.30
5608, 0.30
5609, 0.30
5610, 0.30
5611, 0.30
5612, 0.30
5613, 0.30
5614, 0.30
5615, 0.30
5616, 0.30
5617, 0.30
5618, 0.30
5619, 0.30
5620, 0.30
5621, 0.30
5622, 0.30
5623, 0.30
5624, 0.30
5625, 0.30
5626, 0.30
5627, 0.30
5628, 0.30
5629, 0.30
5630, 0.30
5631, 0.30
5632, 0.30
5633, 0.30
5634, 0.30
5635, 0.30
5636, 0.30
5637, 0.30
5638, 0.30
5639, 0.30
5640, 0.30
5641, 0.30
5642, 0.30
5643, 0.30
5644, 0.30
5645, 0.30
5646, 0.30
5647, 0.30
5648, 0.30
5649, 0.30
5650, 0.30
5651, 0.30
5652, 0.30
5653, 0.30
5654, 0.30
5655, 0.30
5656, 0.30
5657, 0.30
5658, 0.30
5659, 0.30
5660, 0.30
5661, 0.30
5662, 0.30
5663, 0.30
5664, 0.30
5665, 0.30
5666, 0.30
5667, 0.30
5668, 0.30
5669, 0.30
5670, 0.30
5671, 0.30
5672, 0.30
5673, 0.30
5674, 0.30
5675, 0.30
5676, 0.30
5677, 0.30
5678, 0.30
5679, 0.30
5680, 0.30
5681, 0.30
5682, 0.30
5683, 0.30
5684, 0.30
5685, 0.30
5686, 0.30
5687, 0.30
5688, 0.30
5689, 0.30
5690, 0.30
5691, 0.30
5692, 0.30
5693, 0.30
5694, 0.30
5695, 0.30
5696, 0.30
5697, 0.30
5698, 0.30
5699, 0.30
5700, 0.30
5701, 0.30
5702, 0.30
5703, 0.30
5704, 0.30
5705, 0.30
5706, 0.30
5707, 0.30
5708, 0.30
5709, 0.30
5710, 0.30
5711, 0.30
5712, 0.30
5713, 0.30
5714, 0.30
5715, 0.30
5716, 0.30
5717, 0.30
5718, 0.30
5719, 0.30
5720, 0.30
5721, 0.30
5722, 0.30
5723, 0.30
5724, 0.30
5725, 0.30
5726, 0.30
5727, 0.30
5728, 0.30
5729, 0.30
5730, 0.30
5731, 0.30
5732, 0.30
5733, 0.30
5734, 0.30
5735, 0.30
5736, 0.30
5737, 0.30
5738, 0.30
5739, 0.30
5740, 0.30
5741, 0.30
5742, 0.30
5743, 0.30
5744, 0.30
5745, 0.30
5746, 0.30
5747, 0.30
5748, 0.30
5749, 0.30
5750, 0.30
5751, 0.30
5752, 0.30
5753, 0.30
5754, 0.30
5755, 0.30
5756, 0.30
5757, 0.30
5758, 0.30
5759, 0.30
5760, 0.30
5761, 0.30
5762, 0.30
5763, 0.30
5764, 0.30
5765, 0.30
5766, 0.30
5767, 0.30
5768, 0.30
5769, 0.30
5770, 0.30
5771, 0.30
5772, 0.30
5773, 0.30
5774, 0.30
5775, 0.30
5776, 0.30
5777, 0.30
5778, 0.30
5779, 0.30
5780, 0.30
5781, 0.30
5782, 0.30
5783, 0.30
5784, 0.30
5785, 0.30
5786, 0.30
5787, 0.30
5788, 0.30
5789, 0.30
5790, 0.30
5791, 0.30
5792, 0.30
5793, 0.30
5794, 0.30
5795, 0.30
5796, 0.30
5797, 0.30
5798, 0.30
5799, 0.30
5800, 0.30
5801, 0.30
5802, 0.30
5803, 0.30
5804, 0.30
5805, 0.30
5806, 0.30
5807, 0.30
5808, 0.30
5809, 0.30
5810, 0.30
5811, 0.30
5812, 0.30
5813, 0.30
5814, 0.30
5815, 0.30
5816, 0.30
5817, 0.30
5818, 0.30
5819, 0.30
5820, 0.30
5821, 0.30
5822, 0.30
5823, 0.30
5824, 0.30
5825, 0.30
5826, 0.30
5827, 0.30
5828, 0.30
5829, 0.30
5830, 0.30
5831, 0.30
5832, 0.30
5833, 0.30
5834, 0.30
5835, 0.30
5836, 0.30
5837, 0.30
5838, 0.30
5839, 0.30
5840, 0.30
5841, 0.30
5842, 0.30
5843, 0.30
5844, 0.30
5845, 0.30
5846, 0.30
5847, 0.30
5848, 0.30
5849, 0.30
5850, 0.30
5851, 0.30
5852, 0.30
5853, 0.30
5854, 0.30
5855, 0.30
5856, 0.30
5857, 0.30
5858, 0.30
5859, 0.30
5860, 0.30
5861, 0.30
5862, 0.30
5863, 0.30
5864, 0.30
5865, 0.30
5866, 0.30
5867, 0.30
5868, 0.30
5869, 0.30
5870, 0.30
5871, 0.30
5872, 0.30
5873, 0.30
5874, 0.30
5875, 0.30
5876, 0.30
5877, 0.30
5878, 0.30
5879, 0.30
5880, 0.30
5881, 0.30
5882, 0.30
5883, 0.30
5884, 0.30
5885, 0.30
5886, 0.30
5887, 0.30
5888, 0.30
5889, 0.30
5890, 0.30
5891, 0.30
5892, 0.30
5893, 0.30
5894, 0.30
5895, 0.30
5896, 0.30
5897, 0.30
5898, 0.30
5899, 0.30
5900, 0.30
5901, 0.30
5902, 0.30
5903, 0.30
5904, 0.30
5905, 0.30
5906, 0.30
5907, 0.30
5908, 0.30
5909, 0.30
5910, 0.30
5911, 0.30
5912, 0.30
5913, 0.30
5914, 0.30
5915, 0.30
5916, 0.30
5917, 0.30
5918, 0.30
5919, 0.30
5920, 0.30
5921, 0.30
5922, 0.30
5923, 0.30
5924, 0.30
5925, 0.30
5926, 0.30
5927, 0.30
5928, 0.30
5929, 0.30
5930, 0.30
5931, 0.30
5932, 0.30
5933, 0.30
5934, 0.30
5935, 0.30
5936, 0.30
5937, 0.30
5938, 0.30
5939, 0.30
5940, 0.30
5941, 0.30
5942, 0.30
5943, 0.30
5944, 0.30
5945, 0.30
5946, 0.30
5947, 0.30
5948, 0.30
5949, 0.30
5950, 0.30
5951, 0.30
5952, 0.30
5953, 0.30
5954, 0.30
5955, 0.30
5956, 0.30
5957, 0.30
5958, 0.30
5959, 0.30
5960, 0.30
5961, 0.30
5962, 0.30
5963, 0.30
5964, 0.30
5965, 0.30
5966, 0.30
5967, 0.30
5968, 0.30
5969, 0.30
5970, 0.30
5971, 0.30
5972, 0.30
5973, 0.30
5974, 0.30
5975, 0.30
5976, 0.30
5977, 0.30
5978, 0.30
5979, 0.30
5980, 0.30
5981, 0.30
5982, 0.30
5983, 0.30
5984, 0.30
5985, 0.30
5986, 0.30
5987, 0.30
5988, 0.30
5989, 0.30
5990, 0.30
5991, 0.30
5992, 0.30
5993, 0.30
5994, 0.30
5995, 0.30
5996, 0.30
5997, 0.30
5998, 0.30
5999, 0.30
6000, 0.30
6001, 0.30
6002, 0.30
6003, 0.30
6004, 0.30
6005, 0.30
6006, 0.30
6007, 0.30
6008, 0.30
6009, 0.30
6010, 0.30
6011, 0.30
6012, 0.30
6013, 0.30
6014, 0.30
6015, 0.30
6016, 0.30
6017, 0.30
6018, 0.30
6019, 0.30
6020, 0.30
6021, 0.30
6022, 0.30
6023, 0.30
6024, 0.30
6025, 0.30
6026, 0.30
6027, 0.30
6028, 0.30
6029, 0.30
6030, 0.30
6031, 0.30
6032, 0.30
6033, 0.30
6034, 0.30
6035, 0.30
6036, 0.30
6037, 0.30
6038, 0.30
6039, 0.30
6040, 0.30
6041, 0.30
6042, 0.30
6043, 0.30
6044, 0.30
6045, 0.30
6046, 0.30
6047, 0.30
6048, 0.30
6049, 0.30
6050, 0.30
6051, 0.30
6052, 0.30
6053, 0.30
6054, 0.30
6055, 0.30
6056, 0.30
6057, 0.30
6058, 0.30
6059, 0.30
6060, 0.30
6061, 0.30
6062, 0.30
6063, 0.30
6064, 0.30
6065, 0.30
6066, 0.30
6067, 0.30
6068, 0.30
6069, 0.30
6070, 0.30
6071, 0.30
6072, 0.30
6073, 0.30
6074, 0.30
6075, 0.30
6076, 0.30
6077, 0.30
6078, 0.30
6079, 0.30
6080, 0.30
6081, 0.30
6082, 0.30
6083, 0.30
6084, 0.30
6085, 0.30
6086, 0.30
6087, 0.30
6088, 0.30
6089, 0.30
6090, 0.30
6091, 0.30
6092, 0.30
6093, 0.30
6094, 0.30
6095, 0.30
6096, 0.30
6097, 0.30
6098, 0.30
6099, 0.30
6100, 0.30
6101, 0.30
6102, 0.30
6103, 0.30
6104, 0.30
6105, 0.30
6106, 0.30
6107, 0.30
6108, 0.30
6109, 0.30
6110, 0.30
6111, 0.30
6112, 0.30
6113, 0.30
6114, 0.30
6115, 0.30
6116, 0.30
6117, 0.30
6118, 0.30
6119, 0.30
6120, 0.30
6121, 0.30
6122, 0.30
6123, 0.30
6124, 0.30
6125, 0.30
6126, 0.30
6127, 0.30
6128, 0.30
6129, 0.30
6130, 0.30
6131, 0.30
6132, 0.30
6133, 0.30
6134, 0.30
6135, 0.30
6136, 0.30
6137, 0.30
6138, 0.30
6139, 0.30
6140, 0.30
6141, 0.30
6142, 0.30
6143, 0.30
6144, 0.30
6145, 0.30
6146, 0.30
6147, 0.30
6148, 0.30
6149, 0.30
6150, 0.30
6151, 0.30
6152, 0.30
6153, 0.30
6154, 0.30
6155, 0.30
6156, 0.30
6157, 0.30
6158, 0.30
6159, 0.30
6160, 0.30
6161, 0.30
6162, 0.30
6163, 0.30
6164, 0.30
6165, 0.30
6166, 0.30
6167, 0.30
6168, 0.30
6169, 0.30
6170, 0.30
6171, 0.30
6172, 0.30
6173, 0.30
6174, 0.30
6175, 0.30
6176, 0.30
6177, 0.30
6178, 0.30
6179, 0.30
6180, 0.30
6181, 0.30
6182, 0.30
6183, 0.30
6184, 0.30
6185, 0.30
6186, 0.30
6187, 0.30
6188, 0.30
6189, 0.30
6190, 0.30
6191, 0.30
6192, 0.30
6193, 0.30
6194, 0.30
6195, 0.30
6196, 0.30
6197, 0.30
6198, 0.30
6199, 0.30
6200, 0.30
6201, 0.30
6202, 0.30
6203, 0.30
6204, 0.30
6205, 0.30
6206, 0.30
6207, 0.30
6208, 0.30
6209, 0.30
6210, 0.30
6211, 0.30
6212, 0.30
6213, 0.30
6214, 0.30
6215, 0.30
6216, 0.30
6217, 0.30
6218, 0.30
6219, 0.30
6220, 0.30
6221, 0.30
6222, 0.30
6223, 0.30
6224, 0.30
6225, 0.30
6226, 0.30
6227, 0.30
6228, 0.30
6229, 0.30
6230, 0.30
6231, 0.30
6232, 0.30
6233, 0.30
6234, 0.30
6235, 0.30
6236, 0.30
6237, 0.30
6238, 0.30
6239, 0.30
6240, 0.30
6241, 0.30
6242, 0.30
6243, 0.30
6244, 0.30
6245, 0.30
6246, 0.30
6247, 0.30
6248, 0.30
6249, 0.30
6250, 0.30
6251, 0.30
6252, 0.30
6253, 0.30
6254, 0.30
6255, 0.30
6256, 0.30
6257, 0.30
6258, 0.30
6259, 0.30
6260, 0.30
6261, 0.30
6262, 0.30
6263, 0.30
6264, 0.30
6265, 0.30
6266, 0.30
6267, 0.30
6268, 0.30
6269, 0.30
6270, 0.30
6271, 0.30
6272, 0.30
6273, 0.30
6274, 0.30
6275, 0.30
6276, 0.30
6277, 0.30
6278, 0.30
6279, 0.30
6280, 0.30
6281, 0.30
6282, 0.30
6283, 0.30
6284, 0.30
6285, 0.30
6286, 0.30
6287, 0.30
6288, 0.30
6289, 0.30
6290, 0.30
6291, 0.30
6292, 0.30
6293, 0.30
6294, 0.30
6295, 0.30
6296, 0.30
6297, 0.30
6298, 0.30
6299, 0.30
6300, 0.30
6301, 0.30
6302, 0.30
6303, 0.30
6304, 0.30
6305, 0.30
6306, 0.30
6307, 0.30
6308, 0.30
6309, 0.30
6310, 0.30
6311, 0.30
6312, 0.30
6313, 0.30
6314, 0.30
6315, 0.30
6316, 0.30
6317, 0.30
6318, 0.30
6319, 0.30
6320, 0.30
6321, 0.30
6322, 0.30
6323, 0.30
6324, 0.30
6325, 0.30
6326, 0.30
6327, 0.30
6328, 0.30
6329, 0.30
6330, 0.30
6331, 0.30
6332, 0.30
6333, 0.30
6334, 0.30
6335, 0.30
6336, 0.30
6337, 0.30
6338, 0.30
6339, 0.30
6340, 0.30
6341, 0.30
6342, 0.30
6343, 0.30
6344, 0.30
6345, 0.30
6346, 0.30
6347, 0.30
6348, 0.30
6349, 0.30
6350, 0.30
6351, 0.30
6352, 0.30
6353, 0.30
6354, 0.30
6355, 0.30
6356, 0.30
6357, 0.30
6358, 0.30
6359, 0.30
6360, 0.30
6361, 0.30
6362, 0.30
6363, 0.30
6364, 0.30
6365, 0.30
6366, 0.30
6367, 0.30
6368, 0.30
6369, 0.30
6370, 0.30
6371, 0.30
6372, 0.30
6373, 0.30
6374, 0.30
6375, 0.30
6376, 0.30
6377, 0.30
6378, 0.30
6379, 0.30
6380, 0.30
6381, 0.30
6382, 0.30
6383, 0.30
6384, 0.30
6385, 0.30
6386, 0.30
6387, 0.30
6388, 0.30
6389, 0.30
6390, 0.30
6391, 0.30
6392, 0.30
6393, 0.30
6394, 0.30
6395, 0.30
6396, 0.30
6397, 0.30
6398, 0.30
6399, 0.30
6400, 0.30
6401, 0.30
6402, 0.30
6403, 0.30
6404, 0.30
6405, 0.30
6406, 0.30
6407, 0.30
6408, 0.30
6409, 0.30
6410, 0.30
6411, 0.30
6412, 0.30
6413, 0.30
6414, 0.30
6415, 0.30
6416, 0.30
6417, 0.30
6418, 0.30
6419, 0.30
6420, 0.30
6421, 0.30
6422, 0.30
6423, 0.30
6424, 0.30
6425, 0.30
6426, 0.30
6427, 0.30
6428, 0.30
6429, 0.30
6430, 0.30
6431, 0.30
6432, 0.30
6433, 0.30
6434, 0.30
6435, 0.30
6436, 0.30
6437, 0.30
6438, 0.30
6439, 0.30
6440, 0.30
6441, 0.30
6442, 0.30
6443, 0.30
6444, 0.30
6445, 0.30
6446, 0.30
6447, 0.30
6448, 0.30
6449, 0.30
6450, 0.30
6451, 0.30
6452, 0.30
6453, 0.30
6454, 0.30
6455, 0.30
6456, 0.30
6457, 0.30
6458, 0.30
6459, 0.30
6460, 0.30
6461, 0.30
6462, 0.30
6463, 0.30
6464, 0.30
6465, 0.30
6466, 0.30
6467, 0.30
6468, 0.30
6469, 0.30
6470, 0.30
6471, 0.30
6472, 0.30
6473, 0.30
6474, 0.30
6475, 0.30
6476, 0.30
6477, 0.30
6478, 0.30
6479, 0.30
6480, 0.30
6481, 0.30
6482, 0.30
6483, 0.30
6484, 0.30
6485, 0.30
6486, 0.30
6487, 0.30
6488, 0.30
6489, 0.30
6490, 0.30
6491, 0.30
6492, 0.30
6493, 0.30
6494, 0.30
6495, 0.30
6496, 0.30
6497, 0.30
6498, 0.30
6499, 0.30
6500, 0.30
6501, 0.30
6502, 0.30
6503, 0.30
6504, 0.30
6505, 0.30
6506, 0.30
6507, 0.30
6508, 0.30
6509, 0.30
6510, 0.30
6511, 0.30
6512, 0.30
6513, 0.30
6514, 0.30
6515, 0.30
6516, 0.30
6517, 0.30
6518, 0.30
6519, 0.30
6520, 0.30
6521, 0.30
6522, 0.30
6523, 0.30
6524, 0.30
6525, 0.30
6526, 0.30
6527, 0.30
6528, 0.30
6529, 0.30
6530, 0.30
6531, 0.30
6532, 0.30
6533, 0.30
6534, 0.30
6535, 0.30
6536, 0.30
6537, 0.30
6538, 0.30
6539, 0.30
6540, 0.30
6541, 0.30
6542, 0.30
6543, 0.30
6544, 0.30
6545, 0.30
6546, 0.30
6547, 0.30
6548, 0.30
6549, 0.30
6550, 0.30
6551, 0.30
6552, 0.30
6553, 0.30
6554, 0.30
6555, 0.30
6556, 0.30
6557, 0.30
6558, 0.30
6559, 0.30
6560, 0.30
6561, 0.30
6562, 0.30
6563, 0.30
6564, 0.30
6565, 0.30
6566, 0.30
6567, 0.30
6568, 0.30
6569, 0.30
6570, 0.30
6571, 0.30
6572, 0.30
6573, 0.30
6574, 0.30
6575, 0.30
6576, 0.30
6577, 0.30
6578, 0.30
6579, 0.30
6580, 0.30
6581, 0.30
6582, 0.30
6583, 0.30
6584, 0.30
6585, 0.30
6586, 0.30
6587, 0.30
6588, 0.30
6589, 0.30
6590, 0.30
6591, 0.30
6592, 0.30
6593, 0.30
6594, 0.30
6595, 0.30
6596, 0.30
6597, 0.30
6598, 0.30
6599, 0.30
6600, 0.30
6601, 0.30
6602, 0.30
6603, 0.30
6604, 0.30
6605, 0.30
6606, 0.30
6607, 0.30
6608, 0.30
6609, 0.30
6610, 0.30
6611, 0.30
6612, 0.30
6613, 0.30
6614, 0.30
6615, 0.30
6616, 0.30
6617, 0.30
6618, 0.30
6619, 0.30
6620, 0.30
6621, 0.30
6622, 0.30
6623, 0.30
6624, 0.30
6625, 0.30
6626, 0.30
6627, 0.30
6628, 0.30
6629, 0.30
6630, 0.30
6631, 0.30
6632, 0.30
6633, 0.30
6634, 0.30
6635, 0.30
6636, 0.30
6637, 0.30
6638, 0.30
6639, 0.30
6640, 0.30
6641, 0.30
6642, 0.30
6643, 0.30
6644, 0.30
6645, 0.30
6646, 0.30
6647, 0.30
6648, 0.30
6649, 0.30
6650, 0.30
6651, 0.30
6652, 0.30
6653, 0.30
6654, 0.30
6655, 0.30
6656, 0.30
6657, 0.30
6658, 0.30
6659, 0.30
6660, 0.30
6661, 0.30
6662, 0.30
6663, 0.30
6664, 0.30
6665, 0.30
6666, 0.30
6667, 0.30
6668, 0.30
6669, 0.30
6670, 0.30
6671, 0.30
6672, 0.30
6673, 0.30
6674, 0.30
6675, 0.30
6676, 0.30
6677, 0.30
6678, 0.30
6679, 0.30
6680, 0.30
6681, 0.30
6682, 0.30
6683, 0.30
6684, 0.30
6685, 0.30
6686, 0.30
6687, 0.30
6688, 0.30
6689, 0.30
6690, 0.30
6691, 0.30
6692, 0.30
6693, 0.30
6694, 0.30
6695, 0.30
6696, 0.30
6697, 0.30
6698, 0.30
6699, 0.30
6700, 0.30
6701, 0.30
6702, 0.30
6703, 0.30
6704, 0.30
6705, 0.30
6706, 0.30
6707, 0.30
6708, 0.30
6709, 0.30
6710, 0.30
6711, 0.30
6712, 0.30
6713, 0.30
6714, 0.30
6715, 0.30
6716, 0.30
6717, 0.30
6718, 0.30
6719, 0.30
6720, 0.30
6721, 0.30
6722, 0.30
6723, 0.30
6724, 0.30
6725, 0.30
6726, 0.30
6727, 0.30
6728, 0.30
6729, 0.30
6730, 0.30
6731, 0.30
6732, 0.30
6733, 0.30
6734, 0.30
6735, 0.30
6736, 0.30
6737, 0.30
6738, 0.30
6739, 0.30
6740, 0.30
6741, 0.30
6742, 0.30
6743, 0.30
6744, 0.30
6745, 0.30
6746, 0.30
6747, 0.30
6748, 0.30
6749, 0.30
6750, 0.30
6751, 0.30
6752, 0.30
6753, 0.30
6754, 0.30
6755, 0.30
6756, 0.30
6757, 0.30
6758, 0.30
6759, 0.30
6760, 0.30
6761, 0.30
6762, 0.30
6763, 0.30
6764, 0.30
6765, 0.30
6766, 0.30
6767, 0.30
6768, 0.30
6769, 0.30
6770, 0.30
6771, 0.30
6772, 0.30
6773, 0.30
6774, 0.30
6775, 0.30
6776, 0.30
6777, 0.30
6778, 0.30
6779, 0.30
6780, 0.30
6781, 0.30
6782, 0.30
6783, 0.30
6784, 0.30
6785, 0.30
6786, 0.30
6787, 0.30
6788, 0.30
6789, 0.30
6790, 0.30
6791, 0.30
6792, 0.30
6793, 0.30
6794, 0.30
6795, 0.30
6796, 0.30
6797, 0.30
6798, 0.30
6799, 0.30
6800, 0.30
6801, 0.30
6802, 0.30
6803, 0.30
6804, 0.30
6805, 0.30
6806, 0.30
6807, 0.30
6808, 0.30
6809, 0.30
6810, 0.30
6811, 0.30
6812, 0.30
6813, 0.30
6814, 0.30
6815, 0.30
6816, 0.30
6817, 0.30
6818, 0.30
6819, 0.30
6820, 0.30
6821, 0.30
6822, 0.30
6823, 0.30
6824, 0.30
6825, 0.30
6826, 0.30
6827, 0.30
6828, 0.30
6829, 0.30
6830, 0.30
6831, 0.30
6832, 0.30
6833, 0.30
6834, 0.30
6835, 0.30
6836, 0.30
6837, 0.30
6838, 0.30
6839, 0.30
6840, 0.30
6841, 0.30
6842, 0.30
6843, 0.30
6844, 0.30
6845, 0.30
6846, 0.30
6847, 0.30
6848, 0.30
6849, 0.30
6850, 0.30
6851, 0.30
6852, 0.30
6853, 0.30
6854, 0.30
6855, 0.30
6856, 0.30
6857, 0.30
6858, 0.30
6859, 0.30
6860, 0.30
6861, 0.30
6862, 0.30
6863, 0.30
6864, 0.30
6865, 0.30
6866, 0.30
6867, 0.30
6868, 0.30
6869, 0.30
6870, 0.30
6871, 0.30
6872, 0.30
6873, 0.30
6874, 0.30
6875, 0.30
6876, 0.30
6877, 0.30
6878, 0.30
6879, 0.30
6880, 0.30
6881, 0.30
6882, 0.30
6883, 0.30
6884, 0.30
6885, 0.30
6886, 0.30
6887, 0.30
6888, 0.30
6889, 0.30
6890, 0.30
6891, 0.30
6892, 0.30
6893, 0.30
6894, 0.30
6895, 0.30
6896, 0.30
6897, 0.30
6898, 0.30
6899, 0.30
6900, 0.30
6901, 0.30
6902, 0.30
6903, 0.30
6904, 0.30
6905, 0.30
6906, 0.30
6907, 0.30
6908, 0.30
6909, 0.30
6910, 0.30
6911, 0.30
6912, 0.30
6913, 0.30
6914, 0.30
6915, 0.30
6916, 0.30
6917, 0.30
6918, 0.30
6919, 0.30
6920, 0.30
6921, 0.30
6922, 0.30
6923, 0.30
6924, 0.30
6925, 0.30
6926, 0.30
6927, 0.30
6928, 0.30
6929, 0.30
6930, 0.30
6931, 0.30
6932, 0.30
6933, 0.30
6934, 0.30
6935, 0.30
6936, 0.30
6937, 0.30
6938, 0.30
6939, 0.30
6940, 0.30
6941, 0.30
6942, 0.30
6943, 0.30
6944, 0.30
6945, 0.30
6946, 0.30
6947, 0.30
6948, 0.30
6949, 0.30
6950, 0.30
6951, 0.30
6952, 0.30
6953, 0.30
6954, 0.30
6955, 0.30
6956, 0.30
6957, 0.30
6958, 0.30
6959, 0.30
6960, 0.30
6961, 0.30
6962, 0.30
6963, 0.30
6964, 0.30
6965, 0.30
6966, 0.30
6967, 0.30
6968, 0.30
6969, 0.30
6970, 0.30
6971, 0.30
6972, 0.30
6973, 0.30
6974, 0.30
6975, 0.30
6976, 0.30
6977, 0.30
6978, 0.30
6979, 0.30
6980, 0.30
6981, 0.30
6982, 0.30
6983, 0.30
6984, 0.30
6985, 0.30
6986, 0.30
6987, 0.30
6988, 0.30
6989, 0.30
6990, 0.30
6991, 0.30
6992, 0.30
6993, 0.30
6994, 0.30
6995, 0.30
6996, 0.30
6997, 0.30
6998, 0.30
6999, 0.30
7000, 0.30
7001, 0.30
7002, 0.30
7003, 0.30
7004, 0.30
7005, 0.30
7006, 0.30
7007, 0.30
7008, 0.30
7009, 0.30
7010, 0.30
7011, 0.30
7012, 0.30
7013, 0.30
7014, 0.30
7015, 0.30
7016, 0.30
7017, 0.30
7018, 0.30
7019, 0.30
7020, 0.30
7021, 0.30
7022, 0.30
7023, 0.30
7024, 0.30
7025, 0.30
7026, 0.30
7027, 0.30
7028, 0.30
7029, 0.30
7030, 0.30
7031, 0.30
7032, 0.30
7033, 0.30
7034, 0.30
7035, 0.30
7036, 0.30
7037, 0.30
7038, 0.30
7039, 0.30
7040, 0.30
7041, 0.30
7042, 0.30
7043, 0.30
7044, 0.30
7045, 0.30
7046, 0.30
7047, 0.30
7048, 0.30
7049, 0.30
7050, 0.30
7051, 0.30
7052, 0.30
7053, 0.30
7054, 0.30
7055, 0.30
7056, 0.30
7057, 0.30
7058, 0.30
7059, 0.30
7060, 0.30
7061, 0.30
7062, 0.30
7063, 0.30
7064, 0.30
7065, 0.30
7066, 0.30
7067, 0.30
7068, 0.30
7069, 0.30
7070, 0.30
7071, 0.30
7072, 0.30
7073, 0.30
7074, 0.30
7075, 0.30
7076, 0.30
7077, 0.30
7078, 0.30
7079, 0.30
7080, 0.30
7081, 0.30
7082, 0.30
7083, 0.30
7084, 0.30
7085, 0.30
7086, 0.30
7087, 0.30
7088, 0.30
7089, 0.30
7090, 0.30
7091, 0.30
7092, 0.30
7093, 0.30
7094, 0.30
7095, 0.30
7096, 0.30
7097, 0.30
7098, 0.30
7099, 0.30
7100, 0.30
7101, 0.30
7102, 0.30
7103, 0.30
7104, 0.30
7105, 0.30
7106, 0.30
7107, 0.30
7108, 0.30
7109, 0.30
7110, 0.30
7111, 0.30
7112, 0.30
7113, 0.30
7114, 0.30
7115, 0.30
7116, 0.30
7117, 0.30
7118, 0.30
7119, 0.30
7120, 0.30
7121, 0.30
7122, 0.30
7123, 0.30
7124, 0.30
7125, 0.30
7126, 0.30
7127, 0.30
7128, 0.30
7129, 0.30
7130, 0.30
7131, 0.30
7132, 0.30
7133, 0.30
7134, 0.30
7135, 0.30
7136, 0.30
7137, 0.30
7138, 0.30
7139, 0.30
7140, 0.30
7141, 0.30
7142, 0.30
7143, 0.30
7144, 0.30
7145, 0.30
7146, 0.30
7147, 0.30
7148, 0.30
7149, 0.30
7150, 0.30
7151, 0.30
7152, 0.30
7153, 0.30
7154, 0.30
7155, 0.30
7156, 0.30
7157, 0.30
7158, 0.30
7159, 0.30
7160, 0.30
7161, 0.30
7162, 0.30
7163, 0.30
7164, 0.30
7165, 0.30
7166, 0.30
7167, 0.30
7168, 0.30
7169, 0.30
7170, 0.30
7171, 0.30
7172, 0.30
7173, 0.30
7174, 0.30
7175, 0.30
7176, 0.30
7177, 0.30
7178, 0.30
7179, 0.30
7180, 0.30
7181, 0.30
7182, 0.30
7183, 0.30
7184, 0.30
7185, 0.30
7186, 0.30
7187, 0.30
7188, 0.30
7189, 0.30
7190, 0.30
7191, 0.30
7192, 0.30
7193, 0.30
7194, 0.30
7195, 0.30
7196, 0.30
7197, 0.30
7198, 0.30
7199, 0.30
7200, 0.30
7201, 0.30
7202, 0.30
7203, 0.30
7204, 0.30
7205, 0.30
7206, 0.30
7207, 0.30
7208, 0.30
7209, 0.30
7210, 0.30
7211, 0.30
7212, 0.30
7213, 0.30
7214, 0.30
7215, 0.30
7216, 0.30
7217, 0.30
7218, 0.30
7219, 0.30
7220, 0.30
7221, 0.30
7222, 0.30
7223, 0.30
7224, 0.30
7225, 0.30
7226, 0.30
7227, 0.30
7228, 0.30
7229, 0.30
7230, 0.30
7231, 0.30
7232, 0.30
7233, 0.30
7234, 0.30
7235, 0.30
7236, 0.30
7237, 0.30
7238, 0.30
7239, 0.30
7240, 0.30
7241, 0.30
7242, 0.30
7243, 0.30
7244, 0.30
7245, 0.30
7246, 0.30
7247, 0.30
7248, 0.30
7249, 0.30
7250, 0.30
7251, 0.30
7252, 0.30
7253, 0.30
7254, 0.30
7255, 0.30
7256, 0.30
7257, 0.30
7258, 0.30
7259, 0.30
7260, 0.30
7261, 0.30
7262, 0.30
7263, 0.30
7264, 0.30
7265, 0.30
7266, 0.30
7267, 0.30
7268, 0.30
7269, 0.30
7270, 0.30
7271, 0.30
7272, 0.30
7273, 0.30
7274, 0.30
7275, 0.30
7276, 0.30
7277, 0.30
7278, 0.30
7279, 0.30
7280, 0.30
7281, 0.30
7282, 0.30
7283, 0.30
7284, 0.30
7285, 0.30
7286, 0.30
7287, 0.30
7288, 0.30
7289, 0.30
7290, 0.30
7291, 0.30
7292, 0.30
7293, 0.30
7294, 0.30
7295, 0.30
7296, 0.30
7297, 0.30
7298, 0.30
7299, 0.30
7300, 0.30
7301, 0.30
7302, 0.30
7303, 0.30
7304, 0.30
7305, 0.30
7306, 0.30
7307, 0.30
7308, 0.30
7309, 0.30
7310, 0.30
7311, 0.30
7312, 0.30
7313, 0.30
7314, 0.30
7315, 0.30
7316, 0.30
7317, 0.30
7318, 0.30
7319, 0.30
7320, 0.30
7321, 0.30
7322, 0.30
7323, 0.30
7324, 0.30
7325, 0.30
7326, 0.30
7327, 0.30
7328, 0.30
7329, 0.30
7330, 0.30
7331, 0.30
7332, 0.30
7333, 0.30
7334, 0.30
7335, 0.30
7336, 0.30
7337, 0.30
7338, 0.30
7339, 0.30
7340, 0.30
7341, 0.30
7342, 0.30
7343, 0.30
7344, 0.30
7345, 0.30
7346, 0.30
7347, 0.30
7348, 0.30
7349, 0.30
7350, 0.30
7351, 0.30
7352, 0.30
7353, 0.30
7354, 0.30
7355, 0.30
7356, 0.30
7357, 0.30
7358, 0.30
7359, 0.30
7360, 0.30
7361, 0.30
7362, 0.30
7363, 0.30
7364, 0.30
7365, 0.30
7366, 0.30
7367, 0.30
7368, 0.30
7369, 0.30
7370, 0.30
7371, 0.30
7372, 0.30
7373, 0.30
7374, 0.30
7375, 0.30
7376, 0.30
7377, 0.30
7378, 0.30
7379, 0.30
7380, 0.30
7381, 0.30
7382, 0.30
7383, 0.30
7384, 0.30
7385, 0.30
7386, 0.30
7387, 0.30
7388, 0.30
7389, 0.30
7390, 0.30
7391, 0.30
7392, 0.30
7393, 0.30
7394, 0.30
7395, 0.30
7396, 0.30
7397, 0.30
7398, 0.30
7399, 0.30
7400, 0.30
7401, 0.30
7402, 0.30
7403, 0.30
7404, 0.30
7405, 0.30
7406, 0.30
7407, 0.30
7408, 0.30
7409, 0.30
7410, 0.30
7411, 0.30
7412, 0.30
7413, 0.30
7414, 0.30
7415, 0.30
7416, 0.30
7417, 0.30
7418, 0.30
7419, 0.30
7420, 0.30
7421, 0.30
7422, 0.30
7423, 0.30
7424, 0.30
7425, 0.30
7426, 0.30
7427, 0.30
7428, 0.30
7429, 0.30
7430, 0.30
7431, 0.30
7432, 0.30
7433, 0.30
7434, 0.30
7435, 0.30
7436, 0.30
7437, 0.30
7438, 0.30
7439, 0.30
7440, 0.30
7441, 0.30
7442, 0.30
7443, 0.30
7444, 0.30
7445, 0.30
7446, 0.30
7447, 0.30
7448, 0.30
7449, 0.30
7450, 0.30
7451, 0.30
7452, 0.30
7453, 0.30
7454, 0.30
7455, 0.30
7456, 0.30
7457, 0.30
7458, 0.30
7459, 0.30
7460, 0.30
7461, 0.30
7462, 0.30
7463, 0.30
7464, 0.30
7465, 0.30
7466, 0.30
7467, 0.30
7468, 0.30
7469, 0.30
7470, 0.30
7471, 0.30
7472, 0.30
7473, 0.30
7474, 0.30
7475, 0.30
7476, 0.30
7477, 0.30
7478, 0.30
7479, 0.30
7480, 0.30
7481, 0.30
7482, 0.30
7483, 0.30
7484, 0.30
7485, 0.30
7486, 0.30
7487, 0.30
7488, 0.30
7489, 0.30
7490, 0.30
7491, 0.30
7492, 0.30
7493, 0.30
7494, 0.30
7495, 0.30
7496, 0.30
7497, 0.30
7498, 0.30
7499, 0.30
7500, 0.30
7501, 0.30
7502, 0.30
7503, 0.30
7504, 0.30
7505, 0.30
7506, 0.30
7507, 0.30
7508, 0.30
7509, 0.30
7510, 0.30
7511, 0.30
7512, 0.30
7513, 0.30
7514, 0.30
7515, 0.30
7516, 0.30
7517, 0.30
7518, 0.30
7519, 0.30
7520, 0.30
7521, 0.30
7522, 0.30
7523, 0.30
7524, 0.30
7525, 0.30
7526, 0.30
7527, 0.30
7528, 0.30
7529, 0.30
7530, 0.30
7531, 0.30
7532, 0.30
7533, 0.30
7534, 0.30
7535, 0.30
7536, 0.30
7537, 0.30
7538, 0.30
7539, 0.30
7540, 0.30
7541, 0.30
7542, 0.30
7543, 0.30
7544, 0.30
7545, 0.30
7546, 0.30
7547, 0.30
7548, 0.30
7549, 0.30
7550, 0.30
7551, 0.30
7552, 0.30
7553, 0.30
7554, 0.30
7555, 0.30
7556, 0.30
7557, 0.30
7558, 0.30
7559, 0.30
7560, 0.30
7561, 0.30
7562, 0.30
7563, 0.30
7564, 0.30
7565, 0.30
7566, 0.30
7567, 0.30
7568, 0.30
7569, 0.30
7570, 0.30
7571, 0.30
7572, 0.30
7573, 0.30
7574, 0.30
7575, 0.30
7576, 0.30
7577, 0.30
7578, 0.30
7579, 0.30
7580, 0.30
7581, 0.30
7582, 0.30
7583, 0.30
7584, 0.30
7585, 0.30
7586, 0.30
7587, 0.30
7588, 0.30
7589, 0.30
7590, 0.30
7591, 0.30
7592, 0.30
7593, 0.30
7594, 0.30
7595, 0.30
7596, 0.30
7597, 0.30
7598, 0.30
7599, 0.30
7600, 0.30
7601, 0.30
7602, 0.30
7603, 0.30
7604, 0.30
7605, 0.30
7606, 0.30
7607, 0.30
7608, 0.30
7609, 0.30
7610, 0.30
7611, 0.30
7612, 0.30
7613, 0.30
7614, 0.30
7615, 0.30
7616, 0.30
7617, 0.30
7618, 0.30
7619, 0.30
7620, 0.30
7621, 0.30
7622, 0.30
7623, 0.30
7624, 0.30
7625, 0.30
7626, 0.30
7627, 0.30
7628, 0.30
7629, 0.30
7630, 0.30
7631, 0.30
7632, 0.30
7633, 0.30
7634, 0.30
7635, 0.30
7636, 0.30
7637, 0.30
7638, 0.30
7639, 0.30
7640, 0.30
7641, 0.30
7642, 0.30
7643, 0.30
7644, 0.30
7645, 0.30
7646, 0.30
7647, 0.30
7648, 0.30
7649, 0.30
7650, 0.30
7651, 0.30
7652, 0.30
7653, 0.30
7654, 0.30
7655, 0.30
7656, 0.30
7657, 0.30
7658, 0.30
7659, 0.30
7660, 0.30
7661, 0.30
7662, 0.30
7663, 0.30
7664, 0.30
7665, 0.30
7666, 0.30
7667, 0.30
7668, 0.30
7669, 0.30
7670, 0.30
7671, 0.30
7672, 0.30
7673, 0.30
7674, 0.30
7675, 0.30
7676, 0.30
7677, 0.30
7678, 0.30
7679, 0.30
7680, 0.30
7681, 0.30
7682, 0.30
7683, 0.30
7684, 0.30
7685, 0.30
7686, 0.30
7687, 0.30
7688, 0.30
7689, 0.30
7690, 0.30
7691, 0.30
7692, 0.30
7693, 0.30
7694, 0.30
7695, 0.30
7696, 0.30
7697, 0.30
7698, 0.30
7699, 0.30
7700, 0.30
7701, 0.30
7702, 0.30
7703, 0.30
7704, 0.30
7705, 0.30
7706, 0.30
7707, 0.30
7708, 0.30
7709, 0.30
7710, 0.30
7711, 0.30
7712, 0.30
7713, 0.30
7714, 0.30
7715, 0.30
7716, 0.30
7717, 0.30
7718, 0.30
7719, 0.30
7720, 0.30
7721, 0.30
7722, 0.30
7723, 0.30
7724, 0.30
7725, 0.30
7726, 0.30
7727, 0.30
7728, 0.30
7729, 0.30
7730, 0.30
7731, 0.30
7732, 0.30
7733, 0.30
7734, 0.30
7735, 0.30
7736, 0.30
7737, 0.30
7738, 0.30
7739, 0.30
7740, 0.30
7741, 0.30
7742, 0.30
7743, 0.30
7744, 0.30
7745, 0.30
7746, 0.30
7747, 0.30
7748, 0.30
7749, 0.30
7750, 0.30
7751, 0.30
7752, 0.30
7753, 0.30
7754, 0.30
7755, 0.30
7756, 0.30
7757, 0.30
7758, 0.30
7759, 0.30
7760, 0.30
7761, 0.30
7762, 0.30
7763, 0.30
7764, 0.30
7765, 0.30
7766, 0.30
7767, 0.30
7768, 0.30
7769, 0.30
7770, 0.30
7771, 0.30
7772, 0.30
7773, 0.30
7774, 0.30
7775, 0.30
7776, 0.30
7777, 0.30
7778, 0.30
7779, 0.30
7780, 0.30
7781, 0.30
7782, 0.30
7783, 0.30
7784, 0.30
7785, 0.30
7786, 0.30
7787, 0.30
7788, 0.30
7789, 0.30
7790, 0.30
7791, 0.30
7792, 0.30
7793, 0.30
7794, 0.30
7795, 0.30
7796, 0.30
7797, 0.30
7798, 0.30
7799, 0.30
7800, 0.30
7801, 0.30
7802, 0.30
7803, 0.30
7804, 0.30
7805, 0.30
7806, 0.30
7807, 0.30
7808, 0.30
7809, 0.30
7810, 0.30
7811, 0.30
7812, 0.30
7813, 0.30
7814, 0.30
7815, 0.30
7816, 0.30
7817, 0.30
7818, 0.30
7819, 0.30
7820, 0.30
7821, 0.30
7822, 0.30
7823, 0.30
7824, 0.30
7825, 0.30
7826, 0.30
7827, 0.30
7828, 0.30
7829, 0.30
7830, 0.30
7831, 0.30
7832, 0.30
7833, 0.30
7834, 0.30
7835, 0.30
7836, 0.30
7837, 0.30
7838, 0.30
7839, 0.30
7840, 0.30
7841, 0.30
7842, 0.30
7843, 0.30
7844, 0.30
7845, 0.30
7846, 0.30
7847, 0.30
7848, 0.30
7849, 0.30
7850, 0.30
7851, 0.30
7852, 0.30
7853, 0.30
7854, 0.30
7855, 0.30
7856, 0.30
7857, 0.30
7858, 0.30
7859, 0.30
7860, 0.30
7861, 0.30
7862, 0.30
7863, 0.30
7864, 0.30
7865, 0.30
7866, 0.30
7867, 0.30
7868, 0.30
7869, 0.30
7870, 0.30
7871, 0.30
7872, 0.30
7873, 0.30
7874, 0.30
7875, 0.30
7876, 0.30
7877, 0.30
7878, 0.30
7879, 0.30
7880, 0.30
7881, 0.30
7882, 0.30
7883, 0.30
7884, 0.30
7885, 0.30
7886, 0.30
7887, 0.30
7888, 0.30
7889, 0.30
7890, 0.30
7891, 0.30
7892, 0.30
7893, 0.30
7894, 0.30
7895, 0.30
7896, 0.30
7897, 0.30
7898, 0.30
7899, 0.30
7900, 0.30
7901, 0.30
7902, 0.30
7903, 0.30
7904, 0.30
7905, 0.30
7906, 0.30
7907, 0.30
7908, 0.30
7909, 0.30
7910, 0.30
7911, 0.30
7912, 0.30
7913, 0.30
7914, 0.30
7915, 0.30
7916, 0.30
7917, 0.30
7918, 0.30
7919, 0.30
7920, 0.30
7921, 0.30
7922, 0.30
7923, 0.30
7924, 0.30
7925, 0.30
7926, 0.30
7927, 0.30
7928, 0.30
7929, 0.30
7930, 0.30
7931, 0.30
7932, 0.30
7933, 0.30
7934, 0.30
7935, 0.30
7936, 0.30
7937, 0.30
7938, 0.30
7939, 0.30
7940, 0.30
7941, 0.30
7942, 0.30
7943, 0.30
7944, 0.30
7945, 0.30
7946, 0.30
7947, 0.30
7948, 0.30
7949, 0.30
7950, 0.30
7951, 0.30
7952, 0.30
7953, 0.30
7954, 0.30
7955, 0.30
7956, 0.30
7957, 0.30
7958, 0.30
7959, 0.30
7960, 0.30
7961, 0.30
7962, 0.30
7963, 0.30
7964, 0.30
7965, 0.30
7966, 0.30
7967, 0.30
7968, 0.30
7969, 0.30
7970, 0.30
7971, 0.30
7972, 0.30
7973, 0.30
7974, 0.30
7975, 0.30
7976, 0.30
7977, 0.30
7978, 0.30
7979, 0.30
7980, 0.30
7981, 0.30
7982, 0.30
7983, 0.30
7984, 0.30
7985, 0.30
7986, 0.30
7987, 0.30
7988, 0.30
7989, 0.30
7990, 0.30
7991, 0.30
7992, 0.30
7993, 0.30
7994, 0.30
7995, 0.30
7996, 0.30
7997, 0.30
7998, 0.30
7999, 0.30
8000, 0.30
8001, 0.30
8002, 0.30
8003, 0.30
8004, 0.30
8005, 0.30
8006, 0.30
8007, 0.30
8008, 0.30
8009, 0.30
8010, 0.30
8011, 0.30
8012, 0.30
8013, 0.30
8014, 0.30
8015, 0.30
8016, 0.30
8017, 0.30
8018, 0.30
8019, 0.30
8020, 0.30
8021, 0.30
8022, 0.30
8023, 0.30
8024, 0.30
8025, 0.30
8026, 0.30
8027, 0.30
8028, 0.30
8029, 0.30
8030, 0.30
8031, 0.30
8032, 0.30
8033, 0.30
8034, 0.30
8035, 0.30
8036, 0.30
8037, 0.30
8038, 0.30
8039, 0.30
8040, 0.30
8041, 0.30
8042, 0.30
8043, 0.30
8044, 0.30
8045, 0.30
8046, 0.30
8047, 0.30
8048, 0.30
8049, 0.30
8050, 0.30
8051, 0.30
8052, 0.30
8053, 0.30
8054, 0.30
8055, 0.30
8056, 0.30
8057, 0.30
8058, 0.30
8059, 0.30
8060, 0.30
8061, 0.30
8062, 0.30
8063, 0.30
8064, 0.30
8065, 0.30
8066, 0.30
8067, 0.30
8068, 0.30
8069, 0.30
8070, 0.30
8071, 0.30
8072, 0.30
8073, 0.30
8074, 0.30
8075, 0.30
8076, 0.30
8077, 0.30
8078, 0.30
8079, 0.30
8080, 0.30
8081, 0.30
8082, 0.30
8083, 0.30
8084, 0.30
8085, 0.30
8086, 0.30
8087, 0.30
8088, 0.30
8089, 0.30
8090, 0.30
8091, 0.30
8092, 0.30
8093, 0.30
8094, 0.30
8095, 0.30
8096, 0.30
8097, 0.30
8098, 0.30
8099, 0.30
8100, 0.30
8101, 0.30
8102, 0.30
8103, 0.30
8104, 0.30
8105, 0.30
8106, 0.30
8107, 0.30
8108, 0.30
8109, 0.30
8110, 0.30
8111, 0.30
8112, 0.30
8113, 0.30
8114, 0.30
8115, 0.30
8116, 0.30
8117, 0.30
8118, 0.30
8119, 0.30
8120, 0.30
8121, 0.30
8122, 0.30
8123, 0.30
8124, 0.30
8125, 0.30
8126, 0.30
8127, 0.30
8128, 0.30
8129, 0.30
8130, 0.30
8131, 0.30
8132, 0.30
8133, 0.30
8134, 0.30
8135, 0.30
8136, 0.30
8137, 0.30
8138, 0.30
8139, 0.30
8140, 0.30
8141, 0.30
8142, 0.30
8143, 0.30
8144, 0.30
8145, 0.30
8146, 0.30
8147, 0.30
8148, 0.30
8149, 0.30
8150, 0.30
8151, 0.30
8152, 0.30
8153, 0.30
8154, 0.30
8155, 0.30
8156, 0.30
8157, 0.30
8158, 0.30
8159, 0.30
8160, 0.30
8161, 0.30
8162, 0.30
8163, 0.30
8164, 0.30
8165, 0.30
8166, 0.30
8167, 0.30
8168, 0.30
8169, 0.30
8170, 0.30
8171, 0.30
8172, 0.30
8173, 0.30
8174, 0.30
8175, 0.30
8176, 0.30
8177, 0.30
8178, 0.30
8179, 0.30
8180, 0.30
8181, 0.30
8182, 0.30
8183, 0.30
8184, 0.30
8185, 0.30
8186, 0.30
8187, 0.30
8188, 0.30
8189, 0.30
8190, 0.30
8191, 0.30
8192, 0.30
8193, 0.30
8194, 0.30
8195, 0.30
8196, 0.30
8197, 0.30
8198, 0.30
8199, 0.30
8200, 0.30
8201, 0.30
8202, 0.30
8203, 0.30
8204, 0.30
8205, 0.30
8206, 0.30
8207, 0.30
8208, 0.30
8209, 0.30
8210, 0.30
8211, 0.30
8212, 0.30
8213, 0.30
8214, 0.30
8215, 0.30
8216, 0.30
8217, 0.30
8218, 0.30
8219, 0.30
8220, 0.30
8221, 0.30
8222, 0.30
8223, 0.30
8224, 0.30
8225, 0.30
8226, 0.30
8227, 0.30
8228, 0.30
8229, 0.30
8230, 0.30
8231, 0.30
8232, 0.30
8233, 0.30
8234, 0.30
8235, 0.30
8236, 0.30
8237, 0.30
8238, 0.30
8239, 0.30
8240, 0.30
8241, 0.30
8242, 0.30
8243, 0.30
8244, 0.30
8245, 0.30
8246, 0.30
8247, 0.30
8248, 0.30
8249, 0.30
8250, 0.30
8251, 0.30
8252, 0.30
8253, 0.30
8254, 0.30
8255, 0.30
8256, 0.30
8257, 0.30
8258, 0.30
8259, 0.30
8260, 0.30
8261, 0.30
8262, 0.30
8263, 0.30
8264, 0.30
8265, 0.30
8266, 0.30
8267, 0.30
8268, 0.30
8269, 0.30
8270, 0.30
8271, 0.30
8272, 0.30
8273, 0.30
8274, 0.30
8275, 0.30
8276, 0.30
8277, 0.30
8278, 0.30
8279, 0.30
8280, 0.30
8281, 0.30
8282, 0.30
8283, 0.30
8284, 0.30
8285, 0.30
8286, 0.30
8287, 0.30
8288, 0.30
8289, 0.30
8290, 0.30
8291, 0.30
8292, 0.30
8293, 0.30
8294, 0.30
8295, 0.30
8296, 0.30
8297, 0.30
8298, 0.30
8299, 0.30
8300, 0.30
8301, 0.30
8302, 0.30
8303, 0.30
8304, 0.30
8305, 0.30
8306, 0.30
8307, 0.30
8308, 0.30
8309, 0.30
8310, 0.30
8311, 0.30
8312, 0.30
8313, 0.30
8314, 0.30
8315, 0.30
8316, 0.30
8317, 0.30
8318, 0.30
8319, 0.30
8320, 0.30
8321, 0.30
8322, 0.30
8323, 0.30
8324, 0.30
8325, 0.30
8326, 0.30
8327, 0.30
8328, 0.30
8329, 0.30
8330, 0.30
8331, 0.30
8332, 0.30
8333, 0.30
8334, 0.30
8335, 0.30
8336, 0.30
8337, 0.30
8338, 0.30
8339, 0.30
8340, 0.30
8341, 0.30
8342, 0.30
8343, 0.30
8344, 0.30
8345, 0.30
8346, 0.30
8347, 0.30
8348, 0.30
8349, 0.30
8350, 0.30
8351, 0.30
8352, 0.30
8353, 0.30
8354, 0.30
8355, 0.30
8356, 0.30
8357, 0.30
8358, 0.30
8359, 0.30
8360, 0.30
8361, 0.30
8362, 0.30
8363, 0.30
8364, 0.30
8365, 0.30
8366, 0.30
8367, 0.30
8368, 0.30
8369, 0.30
8370, 0.30
8371, 0.30
8372, 0.30
8373, 0.30
8374, 0.30
8375, 0.30
8376, 0.30
8377, 0.30
8378, 0.30
8379, 0.30
8380, 0.30
8381, 0.30
8382, 0.30
8383, 0.30
8384, 0.30
8385, 0.30
8386, 0.30
8387, 0.30
8388, 0.30
8389, 0.30
8390, 0.30
8391, 0.30
8392, 0.30
8393, 0.30
8394, 0.30
8395, 0.30
8396, 0.30
8397, 0.30
8398, 0.30
8399, 0.30
8400, 0.30
8401, 0.30
8402, 0.30
8403, 0.30
8404, 0.30
8405, 0.30
8406, 0.30
8407, 0.30
8408, 0.30
8409, 0.30
8410, 0.30
8411, 0.30
8412, 0.30
8413, 0.30
8414, 0.30
8415, 0.30
8416, 0.30
8417, 0.30
8418, 0.30
8419, 0.30
8420, 0.30
8421, 0.30
8422, 0.30
8423, 0.30
8424, 0.30
8425, 0.30
8426, 0.30
8427, 0.30
8428, 0.30
8429, 0.30
8430, 0.30
8431, 0.30
8432, 0.30
8433, 0.30
8434, 0.30
8435, 0.30
8436, 0.30
8437, 0.30
8438, 0.30
8439, 0.30
8440, 0.30
8441, 0.30
8442, 0.30
8443, 0.30
8444, 0.30
8445, 0.30
8446, 0.30
8447, 0.30
8448, 0.30
8449, 0.30
8450, 0.30
8451, 0.30
8452, 0.30
8453, 0.30
8454, 0.30
8455, 0.30
8456, 0.30
8457, 0.30
8458, 0.30
8459, 0.30
8460, 0.30
8461, 0.30
8462, 0.30
8463, 0.30
8464, 0.30
8465, 0.30
8466, 0.30
8467, 0.30
8468, 0.30
8469, 0.30
8470, 0.30
8471, 0.30
8472, 0.30
8473, 0.30
8474, 0.30
8475, 0.30
8476, 0.30
8477, 0.30
8478, 0.30
8479, 0.30
8480, 0.30
8481, 0.30
8482, 0.30
8483, 0.30
8484, 0.30
8485, 0.30
8486, 0.30
8487, 0.30
8488, 0.30
8489, 0.30
8490, 0.30
8491, 0.30
8492, 0.30
8493, 0.30
8494, 0.30
8495, 0.30
8496, 0.30
8497, 0.30
8498, 0.30
8499, 0.30
8500, 0.30
8501, 0.30
8502, 0.30
8503, 0.30
8504, 0.30
8505, 0.30
8506, 0.30
8507, 0.30
8508, 0.30
8509, 0.30
8510, 0.30
8511, 0.30
8512, 0.30
8513, 0.30
8514, 0.30
8515, 0.30
8516, 0.30
8517, 0.30
8518, 0.30
8519, 0.30
8520, 0.30
8521, 0.30
8522, 0.30
8523, 0.30
8524, 0.30
8525, 0.30
8526, 0.30
8527, 0.30
8528, 0.30
8529, 0.30
8530, 0.30
8531, 0.30
8532, 0.30
8533, 0.30
8534, 0.30
8535, 0.30
8536, 0.30
8537, 0.30
8538, 0.30
8539, 0.30
8540, 0.30
8541, 0.30
8542, 0.30
8543, 0.30
8544, 0.30
8545, 0.30
8546, 0.30
8547, 0.30
8548, 0.30
8549, 0.30
8550, 0.30
8551, 0.30
8552, 0.30
8553, 0.30
8554, 0.30
8555, 0.30
8556, 0.30
8557, 0.30
8558, 0.30
8559, 0.30
8560, 0.30
8561, 0.30
8562, 0.30
8563, 0.30
8564, 0.30
8565, 0.30
8566, 0.30
8567, 0.30
8568, 0.30
8569, 0.30
8570, 0.30
8571, 0.30
8572, 0.30
8573, 0.30
8574, 0.30
8575, 0.30
8576, 0.30
8577, 0.30
8578, 0.30
8579, 0.30
8580, 0.30
8581, 0.30
8582, 0.30
8583, 0.30
8584, 0.30
8585, 0.30
8586, 0.30
8587, 0.30
8588, 0.30
8589, 0.30
8590, 0.30
8591, 0.30
8592, 0.30
8593, 0.30
8594, 0.30
8595, 0.30
8596, 0.30
8597, 0.30
8598, 0.30
8599, 0.30
8600, 0.30
8601, 0.30
8602, 0.30
8603, 0.30
8604, 0.30
8605, 0.30
8606, 0.30
8607, 0.30
8608, 0.30
8609, 0.30
8610, 0.30
8611, 0.30
8612, 0.30
8613, 0.30
8614, 0.30
8615, 0.30
8616, 0.30
8617, 0.30
8618, 0.30
8619, 0.30
8620, 0.30
8621, 0.30
8622, 0.30
8623, 0.30
8624, 0.30
8625, 0.30
8626, 0.30
8627, 0.30
8628, 0.30
8629, 0.30
8630, 0.30
8631, 0.30
8632, 0.30
8633, 0.30
8634, 0.30
8635, 0.30
8636, 0.30
8637, 0.30
8638, 0.30
8639, 0.30
8640, 0.30
8641, 0.30
8642, 0.30
8643, 0.30
8644, 0.30
8645, 0.30
8646, 0.30
8647, 0.30
8648, 0.30
8649, 0.30
8650, 0.30
8651, 0.30
8652, 0.30
8653, 0.30
8654, 0.30
8655, 0.30
8656, 0.30
8657, 0.30
8658, 0.30
8659, 0.30
8660, 0.30
8661, 0.30
8662, 0.30
8663, 0.30
8664, 0.30
8665, 0.30
8666, 0.30
8667, 0.30
8668, 0.30
8669, 0.30
8670, 0.30
8671, 0.30
8672, 0.30
8673, 0.30
8674, 0.30
8675, 0.30
8676, 0.30
8677, 0.30
8678, 0.30
8679, 0.30
8680, 0.30
8681, 0.30
8682, 0.30
8683, 0.30
8684, 0.30
8685, 0.30
8686, 0.30
8687, 0.30
8688, 0.30
8689, 0.30
8690, 0.30
8691, 0.30
8692, 0.30
8693, 0.30
8694, 0.30
8695, 0.30
8696, 0.30
8697, 0.30
8698, 0.30
8699, 0.30
8700, 0.30
8701, 0.30
8702, 0.30
8703, 0.30
8704, 0.30
8705, 0.30
8706, 0.30
8707, 0.30
8708, 0.30
8709, 0.30
8710, 0.30
8711, 0.30
8712, 0.30
8713, 0.30
8714, 0.30
8715, 0.30
8716, 0.30
8717, 0.30
8718, 0.30
8719, 0.30
8720, 0.30
8721, 0.30
8722, 0.30
8723, 0.30
8724, 0.30
8725, 0.30
8726, 0.30
8727, 0.30
8728, 0.30
8729, 0.30
8730, 0.30
8731, 0.30
8732, 0.30
8733, 0.30
8734, 0.30
8735, 0.30
8736, 0.30
8737, 0.30
8738, 0.30
8739, 0.30
8740, 0.30
8741, 0.30
8742, 0.30
8743, 0.30
8744, 0.30
8745, 0.30
8746, 0.30
8747, 0.30
8748, 0.30
8749, 0.30
8750, 0.30
8751, 0.30
8752, 0.30
8753, 0.30
8754, 0.30
8755, 0.30
8756, 0.30
8757, 0.30
8758, 0.30
8759, 0.30
8760, 0.30
