T, SOC_max_EV
1, 20
2, 20
3, 20
4, 20
5, 20
6, 20
7, 20
8, 20
9, 20
10, 20
11, 20
12, 20
13, 20
14, 20
15, 20
16, 20
17, 20
18, 20
19, 20
20, 20
21, 20
22, 20
23, 20
24, 20
25, 20
26, 20
27, 20
28, 20
29, 20
30, 20
31, 20
32, 20
33, 20
34, 20
35, 20
36, 20
37, 20
38, 20
39, 20
40, 20
41, 20
42, 20
43, 20
44, 20
45, 20
46, 20
47, 20
48, 20
49, 20
50, 20
51, 20
52, 20
53, 20
54, 20
55, 20
56, 20
57, 20
58, 20
59, 20
60, 20
61, 20
62, 20
63, 20
64, 20
65, 20
66, 20
67, 20
68, 20
69, 20
70, 20
71, 20
72, 20
73, 20
74, 20
75, 20
76, 20
77, 20
78, 20
79, 20
80, 20
81, 20
82, 20
83, 20
84, 20
85, 20
86, 20
87, 20
88, 20
89, 20
90, 20
91, 20
92, 20
93, 20
94, 20
95, 20
96, 20
97, 20
98, 20
99, 20
100, 20
101, 20
102, 20
103, 20
104, 20
105, 20
106, 20
107, 20
108, 20
109, 20
110, 20
111, 20
112, 20
113, 20
114, 20
115, 20
116, 20
117, 20
118, 20
119, 20
120, 20
121, 20
122, 20
123, 20
124, 20
125, 20
126, 20
127, 20
128, 20
129, 20
130, 20
131, 20
132, 20
133, 20
134, 20
135, 20
136, 20
137, 20
138, 20
139, 20
140, 20
141, 20
142, 20
143, 20
144, 20
145, 20
146, 20
147, 20
148, 20
149, 20
150, 20
151, 20
152, 20
153, 20
154, 20
155, 20
156, 20
157, 20
158, 20
159, 20
160, 20
161, 20
162, 20
163, 20
164, 20
165, 20
166, 20
167, 20
168, 20
169, 20
170, 20
171, 20
172, 20
173, 20
174, 20
175, 20
176, 20
177, 20
178, 20
179, 20
180, 20
181, 20
182, 20
183, 20
184, 20
185, 20
186, 20
187, 20
188, 20
189, 20
190, 20
191, 20
192, 20
193, 20
194, 20
195, 20
196, 20
197, 20
198, 20
199, 20
200, 20
201, 20
202, 20
203, 20
204, 20
205, 20
206, 20
207, 20
208, 20
209, 20
210, 20
211, 20
212, 20
213, 20
214, 20
215, 20
216, 20
217, 20
218, 20
219, 20
220, 20
221, 20
222, 20
223, 20
224, 20
225, 20
226, 20
227, 20
228, 20
229, 20
230, 20
231, 20
232, 20
233, 20
234, 20
235, 20
236, 20
237, 20
238, 20
239, 20
240, 20
241, 20
242, 20
243, 20
244, 20
245, 20
246, 20
247, 20
248, 20
249, 20
250, 20
251, 20
252, 20
253, 20
254, 20
255, 20
256, 20
257, 20
258, 20
259, 20
260, 20
261, 20
262, 20
263, 20
264, 20
265, 20
266, 20
267, 20
268, 20
269, 20
270, 20
271, 20
272, 20
273, 20
274, 20
275, 20
276, 20
277, 20
278, 20
279, 20
280, 20
281, 20
282, 20
283, 20
284, 20
285, 20
286, 20
287, 20
288, 20
289, 20
290, 20
291, 20
292, 20
293, 20
294, 20
295, 20
296, 20
297, 20
298, 20
299, 20
300, 20
301, 20
302, 20
303, 20
304, 20
305, 20
306, 20
307, 20
308, 20
309, 20
310, 20
311, 20
312, 20
313, 20
314, 20
315, 20
316, 20
317, 20
318, 20
319, 20
320, 20
321, 20
322, 20
323, 20
324, 20
325, 20
326, 20
327, 20
328, 20
329, 20
330, 20
331, 20
332, 20
333, 20
334, 20
335, 20
336, 20
337, 20
338, 20
339, 20
340, 20
341, 20
342, 20
343, 20
344, 20
345, 20
346, 20
347, 20
348, 20
349, 20
350, 20
351, 20
352, 20
353, 20
354, 20
355, 20
356, 20
357, 20
358, 20
359, 20
360, 20
361, 20
362, 20
363, 20
364, 20
365, 20
366, 20
367, 20
368, 20
369, 20
370, 20
371, 20
372, 20
373, 20
374, 20
375, 20
376, 20
377, 20
378, 20
379, 20
380, 20
381, 20
382, 20
383, 20
384, 20
385, 20
386, 20
387, 20
388, 20
389, 20
390, 20
391, 20
392, 20
393, 20
394, 20
395, 20
396, 20
397, 20
398, 20
399, 20
400, 20
401, 20
402, 20
403, 20
404, 20
405, 20
406, 20
407, 20
408, 20
409, 20
410, 20
411, 20
412, 20
413, 20
414, 20
415, 20
416, 20
417, 20
418, 20
419, 20
420, 20
421, 20
422, 20
423, 20
424, 20
425, 20
426, 20
427, 20
428, 20
429, 20
430, 20
431, 20
432, 20
433, 20
434, 20
435, 20
436, 20
437, 20
438, 20
439, 20
440, 20
441, 20
442, 20
443, 20
444, 20
445, 20
446, 20
447, 20
448, 20
449, 20
450, 20
451, 20
452, 20
453, 20
454, 20
455, 20
456, 20
457, 20
458, 20
459, 20
460, 20
461, 20
462, 20
463, 20
464, 20
465, 20
466, 20
467, 20
468, 20
469, 20
470, 20
471, 20
472, 20
473, 20
474, 20
475, 20
476, 20
477, 20
478, 20
479, 20
480, 20
481, 20
482, 20
483, 20
484, 20
485, 20
486, 20
487, 20
488, 20
489, 20
490, 20
491, 20
492, 20
493, 20
494, 20
495, 20
496, 20
497, 20
498, 20
499, 20
500, 20
501, 20
502, 20
503, 20
504, 20
505, 20
506, 20
507, 20
508, 20
509, 20
510, 20
511, 20
512, 20
513, 20
514, 20
515, 20
516, 20
517, 20
518, 20
519, 20
520, 20
521, 20
522, 20
523, 20
524, 20
525, 20
526, 20
527, 20
528, 20
529, 20
530, 20
531, 20
532, 20
533, 20
534, 20
535, 20
536, 20
537, 20
538, 20
539, 20
540, 20
541, 20
542, 20
543, 20
544, 20
545, 20
546, 20
547, 20
548, 20
549, 20
550, 20
551, 20
552, 20
553, 20
554, 20
555, 20
556, 20
557, 20
558, 20
559, 20
560, 20
561, 20
562, 20
563, 20
564, 20
565, 20
566, 20
567, 20
568, 20
569, 20
570, 20
571, 20
572, 20
573, 20
574, 20
575, 20
576, 20
577, 20
578, 20
579, 20
580, 20
581, 20
582, 20
583, 20
584, 20
585, 20
586, 20
587, 20
588, 20
589, 20
590, 20
591, 20
592, 20
593, 20
594, 20
595, 20
596, 20
597, 20
598, 20
599, 20
600, 20
601, 20
602, 20
603, 20
604, 20
605, 20
606, 20
607, 20
608, 20
609, 20
610, 20
611, 20
612, 20
613, 20
614, 20
615, 20
616, 20
617, 20
618, 20
619, 20
620, 20
621, 20
622, 20
623, 20
624, 20
625, 20
626, 20
627, 20
628, 20
629, 20
630, 20
631, 20
632, 20
633, 20
634, 20
635, 20
636, 20
637, 20
638, 20
639, 20
640, 20
641, 20
642, 20
643, 20
644, 20
645, 20
646, 20
647, 20
648, 20
649, 20
650, 20
651, 20
652, 20
653, 20
654, 20
655, 20
656, 20
657, 20
658, 20
659, 20
660, 20
661, 20
662, 20
663, 20
664, 20
665, 20
666, 20
667, 20
668, 20
669, 20
670, 20
671, 20
672, 20
673, 20
674, 20
675, 20
676, 20
677, 20
678, 20
679, 20
680, 20
681, 20
682, 20
683, 20
684, 20
685, 20
686, 20
687, 20
688, 20
689, 20
690, 20
691, 20
692, 20
693, 20
694, 20
695, 20
696, 20
697, 20
698, 20
699, 20
700, 20
701, 20
702, 20
703, 20
704, 20
705, 20
706, 20
707, 20
708, 20
709, 20
710, 20
711, 20
712, 20
713, 20
714, 20
715, 20
716, 20
717, 20
718, 20
719, 20
720, 20
721, 20
722, 20
723, 20
724, 20
725, 20
726, 20
727, 20
728, 20
729, 20
730, 20
731, 20
732, 20
733, 20
734, 20
735, 20
736, 20
737, 20
738, 20
739, 20
740, 20
741, 20
742, 20
743, 20
744, 20
745, 20
746, 20
747, 20
748, 20
749, 20
750, 20
751, 20
752, 20
753, 20
754, 20
755, 20
756, 20
757, 20
758, 20
759, 20
760, 20
761, 20
762, 20
763, 20
764, 20
765, 20
766, 20
767, 20
768, 20
769, 20
770, 20
771, 20
772, 20
773, 20
774, 20
775, 20
776, 20
777, 20
778, 20
779, 20
780, 20
781, 20
782, 20
783, 20
784, 20
785, 20
786, 20
787, 20
788, 20
789, 20
790, 20
791, 20
792, 20
793, 20
794, 20
795, 20
796, 20
797, 20
798, 20
799, 20
800, 20
801, 20
802, 20
803, 20
804, 20
805, 20
806, 20
807, 20
808, 20
809, 20
810, 20
811, 20
812, 20
813, 20
814, 20
815, 20
816, 20
817, 20
818, 20
819, 20
820, 20
821, 20
822, 20
823, 20
824, 20
825, 20
826, 20
827, 20
828, 20
829, 20
830, 20
831, 20
832, 20
833, 20
834, 20
835, 20
836, 20
837, 20
838, 20
839, 20
840, 20
841, 20
842, 20
843, 20
844, 20
845, 20
846, 20
847, 20
848, 20
849, 20
850, 20
851, 20
852, 20
853, 20
854, 20
855, 20
856, 20
857, 20
858, 20
859, 20
860, 20
861, 20
862, 20
863, 20
864, 20
865, 20
866, 20
867, 20
868, 20
869, 20
870, 20
871, 20
872, 20
873, 20
874, 20
875, 20
876, 20
877, 20
878, 20
879, 20
880, 20
881, 20
882, 20
883, 20
884, 20
885, 20
886, 20
887, 20
888, 20
889, 20
890, 20
891, 20
892, 20
893, 20
894, 20
895, 20
896, 20
897, 20
898, 20
899, 20
900, 20
901, 20
902, 20
903, 20
904, 20
905, 20
906, 20
907, 20
908, 20
909, 20
910, 20
911, 20
912, 20
913, 20
914, 20
915, 20
916, 20
917, 20
918, 20
919, 20
920, 20
921, 20
922, 20
923, 20
924, 20
925, 20
926, 20
927, 20
928, 20
929, 20
930, 20
931, 20
932, 20
933, 20
934, 20
935, 20
936, 20
937, 20
938, 20
939, 20
940, 20
941, 20
942, 20
943, 20
944, 20
945, 20
946, 20
947, 20
948, 20
949, 20
950, 20
951, 20
952, 20
953, 20
954, 20
955, 20
956, 20
957, 20
958, 20
959, 20
960, 20
961, 20
962, 20
963, 20
964, 20
965, 20
966, 20
967, 20
968, 20
969, 20
970, 20
971, 20
972, 20
973, 20
974, 20
975, 20
976, 20
977, 20
978, 20
979, 20
980, 20
981, 20
982, 20
983, 20
984, 20
985, 20
986, 20
987, 20
988, 20
989, 20
990, 20
991, 20
992, 20
993, 20
994, 20
995, 20
996, 20
997, 20
998, 20
999, 20
1000, 20
1001, 20
1002, 20
1003, 20
1004, 20
1005, 20
1006, 20
1007, 20
1008, 20
1009, 20
1010, 20
1011, 20
1012, 20
1013, 20
1014, 20
1015, 20
1016, 20
1017, 20
1018, 20
1019, 20
1020, 20
1021, 20
1022, 20
1023, 20
1024, 20
1025, 20
1026, 20
1027, 20
1028, 20
1029, 20
1030, 20
1031, 20
1032, 20
1033, 20
1034, 20
1035, 20
1036, 20
1037, 20
1038, 20
1039, 20
1040, 20
1041, 20
1042, 20
1043, 20
1044, 20
1045, 20
1046, 20
1047, 20
1048, 20
1049, 20
1050, 20
1051, 20
1052, 20
1053, 20
1054, 20
1055, 20
1056, 20
1057, 20
1058, 20
1059, 20
1060, 20
1061, 20
1062, 20
1063, 20
1064, 20
1065, 20
1066, 20
1067, 20
1068, 20
1069, 20
1070, 20
1071, 20
1072, 20
1073, 20
1074, 20
1075, 20
1076, 20
1077, 20
1078, 20
1079, 20
1080, 20
1081, 20
1082, 20
1083, 20
1084, 20
1085, 20
1086, 20
1087, 20
1088, 20
1089, 20
1090, 20
1091, 20
1092, 20
1093, 20
1094, 20
1095, 20
1096, 20
1097, 20
1098, 20
1099, 20
1100, 20
1101, 20
1102, 20
1103, 20
1104, 20
1105, 20
1106, 20
1107, 20
1108, 20
1109, 20
1110, 20
1111, 20
1112, 20
1113, 20
1114, 20
1115, 20
1116, 20
1117, 20
1118, 20
1119, 20
1120, 20
1121, 20
1122, 20
1123, 20
1124, 20
1125, 20
1126, 20
1127, 20
1128, 20
1129, 20
1130, 20
1131, 20
1132, 20
1133, 20
1134, 20
1135, 20
1136, 20
1137, 20
1138, 20
1139, 20
1140, 20
1141, 20
1142, 20
1143, 20
1144, 20
1145, 20
1146, 20
1147, 20
1148, 20
1149, 20
1150, 20
1151, 20
1152, 20
1153, 20
1154, 20
1155, 20
1156, 20
1157, 20
1158, 20
1159, 20
1160, 20
1161, 20
1162, 20
1163, 20
1164, 20
1165, 20
1166, 20
1167, 20
1168, 20
1169, 20
1170, 20
1171, 20
1172, 20
1173, 20
1174, 20
1175, 20
1176, 20
1177, 20
1178, 20
1179, 20
1180, 20
1181, 20
1182, 20
1183, 20
1184, 20
1185, 20
1186, 20
1187, 20
1188, 20
1189, 20
1190, 20
1191, 20
1192, 20
1193, 20
1194, 20
1195, 20
1196, 20
1197, 20
1198, 20
1199, 20
1200, 20
1201, 20
1202, 20
1203, 20
1204, 20
1205, 20
1206, 20
1207, 20
1208, 20
1209, 20
1210, 20
1211, 20
1212, 20
1213, 20
1214, 20
1215, 20
1216, 20
1217, 20
1218, 20
1219, 20
1220, 20
1221, 20
1222, 20
1223, 20
1224, 20
1225, 20
1226, 20
1227, 20
1228, 20
1229, 20
1230, 20
1231, 20
1232, 20
1233, 20
1234, 20
1235, 20
1236, 20
1237, 20
1238, 20
1239, 20
1240, 20
1241, 20
1242, 20
1243, 20
1244, 20
1245, 20
1246, 20
1247, 20
1248, 20
1249, 20
1250, 20
1251, 20
1252, 20
1253, 20
1254, 20
1255, 20
1256, 20
1257, 20
1258, 20
1259, 20
1260, 20
1261, 20
1262, 20
1263, 20
1264, 20
1265, 20
1266, 20
1267, 20
1268, 20
1269, 20
1270, 20
1271, 20
1272, 20
1273, 20
1274, 20
1275, 20
1276, 20
1277, 20
1278, 20
1279, 20
1280, 20
1281, 20
1282, 20
1283, 20
1284, 20
1285, 20
1286, 20
1287, 20
1288, 20
1289, 20
1290, 20
1291, 20
1292, 20
1293, 20
1294, 20
1295, 20
1296, 20
1297, 20
1298, 20
1299, 20
1300, 20
1301, 20
1302, 20
1303, 20
1304, 20
1305, 20
1306, 20
1307, 20
1308, 20
1309, 20
1310, 20
1311, 20
1312, 20
1313, 20
1314, 20
1315, 20
1316, 20
1317, 20
1318, 20
1319, 20
1320, 20
1321, 20
1322, 20
1323, 20
1324, 20
1325, 20
1326, 20
1327, 20
1328, 20
1329, 20
1330, 20
1331, 20
1332, 20
1333, 20
1334, 20
1335, 20
1336, 20
1337, 20
1338, 20
1339, 20
1340, 20
1341, 20
1342, 20
1343, 20
1344, 20
1345, 20
1346, 20
1347, 20
1348, 20
1349, 20
1350, 20
1351, 20
1352, 20
1353, 20
1354, 20
1355, 20
1356, 20
1357, 20
1358, 20
1359, 20
1360, 20
1361, 20
1362, 20
1363, 20
1364, 20
1365, 20
1366, 20
1367, 20
1368, 20
1369, 20
1370, 20
1371, 20
1372, 20
1373, 20
1374, 20
1375, 20
1376, 20
1377, 20
1378, 20
1379, 20
1380, 20
1381, 20
1382, 20
1383, 20
1384, 20
1385, 20
1386, 20
1387, 20
1388, 20
1389, 20
1390, 20
1391, 20
1392, 20
1393, 20
1394, 20
1395, 20
1396, 20
1397, 20
1398, 20
1399, 20
1400, 20
1401, 20
1402, 20
1403, 20
1404, 20
1405, 20
1406, 20
1407, 20
1408, 20
1409, 20
1410, 20
1411, 20
1412, 20
1413, 20
1414, 20
1415, 20
1416, 20
1417, 20
1418, 20
1419, 20
1420, 20
1421, 20
1422, 20
1423, 20
1424, 20
1425, 20
1426, 20
1427, 20
1428, 20
1429, 20
1430, 20
1431, 20
1432, 20
1433, 20
1434, 20
1435, 20
1436, 20
1437, 20
1438, 20
1439, 20
1440, 20
1441, 20
1442, 20
1443, 20
1444, 20
1445, 20
1446, 20
1447, 20
1448, 20
1449, 20
1450, 20
1451, 20
1452, 20
1453, 20
1454, 20
1455, 20
1456, 20
1457, 20
1458, 20
1459, 20
1460, 20
1461, 20
1462, 20
1463, 20
1464, 20
1465, 20
1466, 20
1467, 20
1468, 20
1469, 20
1470, 20
1471, 20
1472, 20
1473, 20
1474, 20
1475, 20
1476, 20
1477, 20
1478, 20
1479, 20
1480, 20
1481, 20
1482, 20
1483, 20
1484, 20
1485, 20
1486, 20
1487, 20
1488, 20
1489, 20
1490, 20
1491, 20
1492, 20
1493, 20
1494, 20
1495, 20
1496, 20
1497, 20
1498, 20
1499, 20
1500, 20
1501, 20
1502, 20
1503, 20
1504, 20
1505, 20
1506, 20
1507, 20
1508, 20
1509, 20
1510, 20
1511, 20
1512, 20
1513, 20
1514, 20
1515, 20
1516, 20
1517, 20
1518, 20
1519, 20
1520, 20
1521, 20
1522, 20
1523, 20
1524, 20
1525, 20
1526, 20
1527, 20
1528, 20
1529, 20
1530, 20
1531, 20
1532, 20
1533, 20
1534, 20
1535, 20
1536, 20
1537, 20
1538, 20
1539, 20
1540, 20
1541, 20
1542, 20
1543, 20
1544, 20
1545, 20
1546, 20
1547, 20
1548, 20
1549, 20
1550, 20
1551, 20
1552, 20
1553, 20
1554, 20
1555, 20
1556, 20
1557, 20
1558, 20
1559, 20
1560, 20
1561, 20
1562, 20
1563, 20
1564, 20
1565, 20
1566, 20
1567, 20
1568, 20
1569, 20
1570, 20
1571, 20
1572, 20
1573, 20
1574, 20
1575, 20
1576, 20
1577, 20
1578, 20
1579, 20
1580, 20
1581, 20
1582, 20
1583, 20
1584, 20
1585, 20
1586, 20
1587, 20
1588, 20
1589, 20
1590, 20
1591, 20
1592, 20
1593, 20
1594, 20
1595, 20
1596, 20
1597, 20
1598, 20
1599, 20
1600, 20
1601, 20
1602, 20
1603, 20
1604, 20
1605, 20
1606, 20
1607, 20
1608, 20
1609, 20
1610, 20
1611, 20
1612, 20
1613, 20
1614, 20
1615, 20
1616, 20
1617, 20
1618, 20
1619, 20
1620, 20
1621, 20
1622, 20
1623, 20
1624, 20
1625, 20
1626, 20
1627, 20
1628, 20
1629, 20
1630, 20
1631, 20
1632, 20
1633, 20
1634, 20
1635, 20
1636, 20
1637, 20
1638, 20
1639, 20
1640, 20
1641, 20
1642, 20
1643, 20
1644, 20
1645, 20
1646, 20
1647, 20
1648, 20
1649, 20
1650, 20
1651, 20
1652, 20
1653, 20
1654, 20
1655, 20
1656, 20
1657, 20
1658, 20
1659, 20
1660, 20
1661, 20
1662, 20
1663, 20
1664, 20
1665, 20
1666, 20
1667, 20
1668, 20
1669, 20
1670, 20
1671, 20
1672, 20
1673, 20
1674, 20
1675, 20
1676, 20
1677, 20
1678, 20
1679, 20
1680, 20
1681, 20
1682, 20
1683, 20
1684, 20
1685, 20
1686, 20
1687, 20
1688, 20
1689, 20
1690, 20
1691, 20
1692, 20
1693, 20
1694, 20
1695, 20
1696, 20
1697, 20
1698, 20
1699, 20
1700, 20
1701, 20
1702, 20
1703, 20
1704, 20
1705, 20
1706, 20
1707, 20
1708, 20
1709, 20
1710, 20
1711, 20
1712, 20
1713, 20
1714, 20
1715, 20
1716, 20
1717, 20
1718, 20
1719, 20
1720, 20
1721, 20
1722, 20
1723, 20
1724, 20
1725, 20
1726, 20
1727, 20
1728, 20
1729, 20
1730, 20
1731, 20
1732, 20
1733, 20
1734, 20
1735, 20
1736, 20
1737, 20
1738, 20
1739, 20
1740, 20
1741, 20
1742, 20
1743, 20
1744, 20
1745, 20
1746, 20
1747, 20
1748, 20
1749, 20
1750, 20
1751, 20
1752, 20
1753, 20
1754, 20
1755, 20
1756, 20
1757, 20
1758, 20
1759, 20
1760, 20
1761, 20
1762, 20
1763, 20
1764, 20
1765, 20
1766, 20
1767, 20
1768, 20
1769, 20
1770, 20
1771, 20
1772, 20
1773, 20
1774, 20
1775, 20
1776, 20
1777, 20
1778, 20
1779, 20
1780, 20
1781, 20
1782, 20
1783, 20
1784, 20
1785, 20
1786, 20
1787, 20
1788, 20
1789, 20
1790, 20
1791, 20
1792, 20
1793, 20
1794, 20
1795, 20
1796, 20
1797, 20
1798, 20
1799, 20
1800, 20
1801, 20
1802, 20
1803, 20
1804, 20
1805, 20
1806, 20
1807, 20
1808, 20
1809, 20
1810, 20
1811, 20
1812, 20
1813, 20
1814, 20
1815, 20
1816, 20
1817, 20
1818, 20
1819, 20
1820, 20
1821, 20
1822, 20
1823, 20
1824, 20
1825, 20
1826, 20
1827, 20
1828, 20
1829, 20
1830, 20
1831, 20
1832, 20
1833, 20
1834, 20
1835, 20
1836, 20
1837, 20
1838, 20
1839, 20
1840, 20
1841, 20
1842, 20
1843, 20
1844, 20
1845, 20
1846, 20
1847, 20
1848, 20
1849, 20
1850, 20
1851, 20
1852, 20
1853, 20
1854, 20
1855, 20
1856, 20
1857, 20
1858, 20
1859, 20
1860, 20
1861, 20
1862, 20
1863, 20
1864, 20
1865, 20
1866, 20
1867, 20
1868, 20
1869, 20
1870, 20
1871, 20
1872, 20
1873, 20
1874, 20
1875, 20
1876, 20
1877, 20
1878, 20
1879, 20
1880, 20
1881, 20
1882, 20
1883, 20
1884, 20
1885, 20
1886, 20
1887, 20
1888, 20
1889, 20
1890, 20
1891, 20
1892, 20
1893, 20
1894, 20
1895, 20
1896, 20
1897, 20
1898, 20
1899, 20
1900, 20
1901, 20
1902, 20
1903, 20
1904, 20
1905, 20
1906, 20
1907, 20
1908, 20
1909, 20
1910, 20
1911, 20
1912, 20
1913, 20
1914, 20
1915, 20
1916, 20
1917, 20
1918, 20
1919, 20
1920, 20
1921, 20
1922, 20
1923, 20
1924, 20
1925, 20
1926, 20
1927, 20
1928, 20
1929, 20
1930, 20
1931, 20
1932, 20
1933, 20
1934, 20
1935, 20
1936, 20
1937, 20
1938, 20
1939, 20
1940, 20
1941, 20
1942, 20
1943, 20
1944, 20
1945, 20
1946, 20
1947, 20
1948, 20
1949, 20
1950, 20
1951, 20
1952, 20
1953, 20
1954, 20
1955, 20
1956, 20
1957, 20
1958, 20
1959, 20
1960, 20
1961, 20
1962, 20
1963, 20
1964, 20
1965, 20
1966, 20
1967, 20
1968, 20
1969, 20
1970, 20
1971, 20
1972, 20
1973, 20
1974, 20
1975, 20
1976, 20
1977, 20
1978, 20
1979, 20
1980, 20
1981, 20
1982, 20
1983, 20
1984, 20
1985, 20
1986, 20
1987, 20
1988, 20
1989, 20
1990, 20
1991, 20
1992, 20
1993, 20
1994, 20
1995, 20
1996, 20
1997, 20
1998, 20
1999, 20
2000, 20
2001, 20
2002, 20
2003, 20
2004, 20
2005, 20
2006, 20
2007, 20
2008, 20
2009, 20
2010, 20
2011, 20
2012, 20
2013, 20
2014, 20
2015, 20
2016, 20
2017, 20
2018, 20
2019, 20
2020, 20
2021, 20
2022, 20
2023, 20
2024, 20
2025, 20
2026, 20
2027, 20
2028, 20
2029, 20
2030, 20
2031, 20
2032, 20
2033, 20
2034, 20
2035, 20
2036, 20
2037, 20
2038, 20
2039, 20
2040, 20
2041, 20
2042, 20
2043, 20
2044, 20
2045, 20
2046, 20
2047, 20
2048, 20
2049, 20
2050, 20
2051, 20
2052, 20
2053, 20
2054, 20
2055, 20
2056, 20
2057, 20
2058, 20
2059, 20
2060, 20
2061, 20
2062, 20
2063, 20
2064, 20
2065, 20
2066, 20
2067, 20
2068, 20
2069, 20
2070, 20
2071, 20
2072, 20
2073, 20
2074, 20
2075, 20
2076, 20
2077, 20
2078, 20
2079, 20
2080, 20
2081, 20
2082, 20
2083, 20
2084, 20
2085, 20
2086, 20
2087, 20
2088, 20
2089, 20
2090, 20
2091, 20
2092, 20
2093, 20
2094, 20
2095, 20
2096, 20
2097, 20
2098, 20
2099, 20
2100, 20
2101, 20
2102, 20
2103, 20
2104, 20
2105, 20
2106, 20
2107, 20
2108, 20
2109, 20
2110, 20
2111, 20
2112, 20
2113, 20
2114, 20
2115, 20
2116, 20
2117, 20
2118, 20
2119, 20
2120, 20
2121, 20
2122, 20
2123, 20
2124, 20
2125, 20
2126, 20
2127, 20
2128, 20
2129, 20
2130, 20
2131, 20
2132, 20
2133, 20
2134, 20
2135, 20
2136, 20
2137, 20
2138, 20
2139, 20
2140, 20
2141, 20
2142, 20
2143, 20
2144, 20
2145, 20
2146, 20
2147, 20
2148, 20
2149, 20
2150, 20
2151, 20
2152, 20
2153, 20
2154, 20
2155, 20
2156, 20
2157, 20
2158, 20
2159, 20
2160, 20
2161, 20
2162, 20
2163, 20
2164, 20
2165, 20
2166, 20
2167, 20
2168, 20
2169, 20
2170, 20
2171, 20
2172, 20
2173, 20
2174, 20
2175, 20
2176, 20
2177, 20
2178, 20
2179, 20
2180, 20
2181, 20
2182, 20
2183, 20
2184, 20
2185, 20
2186, 20
2187, 20
2188, 20
2189, 20
2190, 20
2191, 20
2192, 20
2193, 20
2194, 20
2195, 20
2196, 20
2197, 20
2198, 20
2199, 20
2200, 20
2201, 20
2202, 20
2203, 20
2204, 20
2205, 20
2206, 20
2207, 20
2208, 20
2209, 20
2210, 20
2211, 20
2212, 20
2213, 20
2214, 20
2215, 20
2216, 20
2217, 20
2218, 20
2219, 20
2220, 20
2221, 20
2222, 20
2223, 20
2224, 20
2225, 20
2226, 20
2227, 20
2228, 20
2229, 20
2230, 20
2231, 20
2232, 20
2233, 20
2234, 20
2235, 20
2236, 20
2237, 20
2238, 20
2239, 20
2240, 20
2241, 20
2242, 20
2243, 20
2244, 20
2245, 20
2246, 20
2247, 20
2248, 20
2249, 20
2250, 20
2251, 20
2252, 20
2253, 20
2254, 20
2255, 20
2256, 20
2257, 20
2258, 20
2259, 20
2260, 20
2261, 20
2262, 20
2263, 20
2264, 20
2265, 20
2266, 20
2267, 20
2268, 20
2269, 20
2270, 20
2271, 20
2272, 20
2273, 20
2274, 20
2275, 20
2276, 20
2277, 20
2278, 20
2279, 20
2280, 20
2281, 20
2282, 20
2283, 20
2284, 20
2285, 20
2286, 20
2287, 20
2288, 20
2289, 20
2290, 20
2291, 20
2292, 20
2293, 20
2294, 20
2295, 20
2296, 20
2297, 20
2298, 20
2299, 20
2300, 20
2301, 20
2302, 20
2303, 20
2304, 20
2305, 20
2306, 20
2307, 20
2308, 20
2309, 20
2310, 20
2311, 20
2312, 20
2313, 20
2314, 20
2315, 20
2316, 20
2317, 20
2318, 20
2319, 20
2320, 20
2321, 20
2322, 20
2323, 20
2324, 20
2325, 20
2326, 20
2327, 20
2328, 20
2329, 20
2330, 20
2331, 20
2332, 20
2333, 20
2334, 20
2335, 20
2336, 20
2337, 20
2338, 20
2339, 20
2340, 20
2341, 20
2342, 20
2343, 20
2344, 20
2345, 20
2346, 20
2347, 20
2348, 20
2349, 20
2350, 20
2351, 20
2352, 20
2353, 20
2354, 20
2355, 20
2356, 20
2357, 20
2358, 20
2359, 20
2360, 20
2361, 20
2362, 20
2363, 20
2364, 20
2365, 20
2366, 20
2367, 20
2368, 20
2369, 20
2370, 20
2371, 20
2372, 20
2373, 20
2374, 20
2375, 20
2376, 20
2377, 20
2378, 20
2379, 20
2380, 20
2381, 20
2382, 20
2383, 20
2384, 20
2385, 20
2386, 20
2387, 20
2388, 20
2389, 20
2390, 20
2391, 20
2392, 20
2393, 20
2394, 20
2395, 20
2396, 20
2397, 20
2398, 20
2399, 20
2400, 20
2401, 20
2402, 20
2403, 20
2404, 20
2405, 20
2406, 20
2407, 20
2408, 20
2409, 20
2410, 20
2411, 20
2412, 20
2413, 20
2414, 20
2415, 20
2416, 20
2417, 20
2418, 20
2419, 20
2420, 20
2421, 20
2422, 20
2423, 20
2424, 20
2425, 20
2426, 20
2427, 20
2428, 20
2429, 20
2430, 20
2431, 20
2432, 20
2433, 20
2434, 20
2435, 20
2436, 20
2437, 20
2438, 20
2439, 20
2440, 20
2441, 20
2442, 20
2443, 20
2444, 20
2445, 20
2446, 20
2447, 20
2448, 20
2449, 20
2450, 20
2451, 20
2452, 20
2453, 20
2454, 20
2455, 20
2456, 20
2457, 20
2458, 20
2459, 20
2460, 20
2461, 20
2462, 20
2463, 20
2464, 20
2465, 20
2466, 20
2467, 20
2468, 20
2469, 20
2470, 20
2471, 20
2472, 20
2473, 20
2474, 20
2475, 20
2476, 20
2477, 20
2478, 20
2479, 20
2480, 20
2481, 20
2482, 20
2483, 20
2484, 20
2485, 20
2486, 20
2487, 20
2488, 20
2489, 20
2490, 20
2491, 20
2492, 20
2493, 20
2494, 20
2495, 20
2496, 20
2497, 20
2498, 20
2499, 20
2500, 20
2501, 20
2502, 20
2503, 20
2504, 20
2505, 20
2506, 20
2507, 20
2508, 20
2509, 20
2510, 20
2511, 20
2512, 20
2513, 20
2514, 20
2515, 20
2516, 20
2517, 20
2518, 20
2519, 20
2520, 20
2521, 20
2522, 20
2523, 20
2524, 20
2525, 20
2526, 20
2527, 20
2528, 20
2529, 20
2530, 20
2531, 20
2532, 20
2533, 20
2534, 20
2535, 20
2536, 20
2537, 20
2538, 20
2539, 20
2540, 20
2541, 20
2542, 20
2543, 20
2544, 20
2545, 20
2546, 20
2547, 20
2548, 20
2549, 20
2550, 20
2551, 20
2552, 20
2553, 20
2554, 20
2555, 20
2556, 20
2557, 20
2558, 20
2559, 20
2560, 20
2561, 20
2562, 20
2563, 20
2564, 20
2565, 20
2566, 20
2567, 20
2568, 20
2569, 20
2570, 20
2571, 20
2572, 20
2573, 20
2574, 20
2575, 20
2576, 20
2577, 20
2578, 20
2579, 20
2580, 20
2581, 20
2582, 20
2583, 20
2584, 20
2585, 20
2586, 20
2587, 20
2588, 20
2589, 20
2590, 20
2591, 20
2592, 20
2593, 20
2594, 20
2595, 20
2596, 20
2597, 20
2598, 20
2599, 20
2600, 20
2601, 20
2602, 20
2603, 20
2604, 20
2605, 20
2606, 20
2607, 20
2608, 20
2609, 20
2610, 20
2611, 20
2612, 20
2613, 20
2614, 20
2615, 20
2616, 20
2617, 20
2618, 20
2619, 20
2620, 20
2621, 20
2622, 20
2623, 20
2624, 20
2625, 20
2626, 20
2627, 20
2628, 20
2629, 20
2630, 20
2631, 20
2632, 20
2633, 20
2634, 20
2635, 20
2636, 20
2637, 20
2638, 20
2639, 20
2640, 20
2641, 20
2642, 20
2643, 20
2644, 20
2645, 20
2646, 20
2647, 20
2648, 20
2649, 20
2650, 20
2651, 20
2652, 20
2653, 20
2654, 20
2655, 20
2656, 20
2657, 20
2658, 20
2659, 20
2660, 20
2661, 20
2662, 20
2663, 20
2664, 20
2665, 20
2666, 20
2667, 20
2668, 20
2669, 20
2670, 20
2671, 20
2672, 20
2673, 20
2674, 20
2675, 20
2676, 20
2677, 20
2678, 20
2679, 20
2680, 20
2681, 20
2682, 20
2683, 20
2684, 20
2685, 20
2686, 20
2687, 20
2688, 20
2689, 20
2690, 20
2691, 20
2692, 20
2693, 20
2694, 20
2695, 20
2696, 20
2697, 20
2698, 20
2699, 20
2700, 20
2701, 20
2702, 20
2703, 20
2704, 20
2705, 20
2706, 20
2707, 20
2708, 20
2709, 20
2710, 20
2711, 20
2712, 20
2713, 20
2714, 20
2715, 20
2716, 20
2717, 20
2718, 20
2719, 20
2720, 20
2721, 20
2722, 20
2723, 20
2724, 20
2725, 20
2726, 20
2727, 20
2728, 20
2729, 20
2730, 20
2731, 20
2732, 20
2733, 20
2734, 20
2735, 20
2736, 20
2737, 20
2738, 20
2739, 20
2740, 20
2741, 20
2742, 20
2743, 20
2744, 20
2745, 20
2746, 20
2747, 20
2748, 20
2749, 20
2750, 20
2751, 20
2752, 20
2753, 20
2754, 20
2755, 20
2756, 20
2757, 20
2758, 20
2759, 20
2760, 20
2761, 20
2762, 20
2763, 20
2764, 20
2765, 20
2766, 20
2767, 20
2768, 20
2769, 20
2770, 20
2771, 20
2772, 20
2773, 20
2774, 20
2775, 20
2776, 20
2777, 20
2778, 20
2779, 20
2780, 20
2781, 20
2782, 20
2783, 20
2784, 20
2785, 20
2786, 20
2787, 20
2788, 20
2789, 20
2790, 20
2791, 20
2792, 20
2793, 20
2794, 20
2795, 20
2796, 20
2797, 20
2798, 20
2799, 20
2800, 20
2801, 20
2802, 20
2803, 20
2804, 20
2805, 20
2806, 20
2807, 20
2808, 20
2809, 20
2810, 20
2811, 20
2812, 20
2813, 20
2814, 20
2815, 20
2816, 20
2817, 20
2818, 20
2819, 20
2820, 20
2821, 20
2822, 20
2823, 20
2824, 20
2825, 20
2826, 20
2827, 20
2828, 20
2829, 20
2830, 20
2831, 20
2832, 20
2833, 20
2834, 20
2835, 20
2836, 20
2837, 20
2838, 20
2839, 20
2840, 20
2841, 20
2842, 20
2843, 20
2844, 20
2845, 20
2846, 20
2847, 20
2848, 20
2849, 20
2850, 20
2851, 20
2852, 20
2853, 20
2854, 20
2855, 20
2856, 20
2857, 20
2858, 20
2859, 20
2860, 20
2861, 20
2862, 20
2863, 20
2864, 20
2865, 20
2866, 20
2867, 20
2868, 20
2869, 20
2870, 20
2871, 20
2872, 20
2873, 20
2874, 20
2875, 20
2876, 20
2877, 20
2878, 20
2879, 20
2880, 20
2881, 20
2882, 20
2883, 20
2884, 20
2885, 20
2886, 20
2887, 20
2888, 20
2889, 20
2890, 20
2891, 20
2892, 20
2893, 20
2894, 20
2895, 20
2896, 20
2897, 20
2898, 20
2899, 20
2900, 20
2901, 20
2902, 20
2903, 20
2904, 20
2905, 20
2906, 20
2907, 20
2908, 20
2909, 20
2910, 20
2911, 20
2912, 20
2913, 20
2914, 20
2915, 20
2916, 20
2917, 20
2918, 20
2919, 20
2920, 20
2921, 20
2922, 20
2923, 20
2924, 20
2925, 20
2926, 20
2927, 20
2928, 20
2929, 20
2930, 20
2931, 20
2932, 20
2933, 20
2934, 20
2935, 20
2936, 20
2937, 20
2938, 20
2939, 20
2940, 20
2941, 20
2942, 20
2943, 20
2944, 20
2945, 20
2946, 20
2947, 20
2948, 20
2949, 20
2950, 20
2951, 20
2952, 20
2953, 20
2954, 20
2955, 20
2956, 20
2957, 20
2958, 20
2959, 20
2960, 20
2961, 20
2962, 20
2963, 20
2964, 20
2965, 20
2966, 20
2967, 20
2968, 20
2969, 20
2970, 20
2971, 20
2972, 20
2973, 20
2974, 20
2975, 20
2976, 20
2977, 20
2978, 20
2979, 20
2980, 20
2981, 20
2982, 20
2983, 20
2984, 20
2985, 20
2986, 20
2987, 20
2988, 20
2989, 20
2990, 20
2991, 20
2992, 20
2993, 20
2994, 20
2995, 20
2996, 20
2997, 20
2998, 20
2999, 20
3000, 20
3001, 20
3002, 20
3003, 20
3004, 20
3005, 20
3006, 20
3007, 20
3008, 20
3009, 20
3010, 20
3011, 20
3012, 20
3013, 20
3014, 20
3015, 20
3016, 20
3017, 20
3018, 20
3019, 20
3020, 20
3021, 20
3022, 20
3023, 20
3024, 20
3025, 20
3026, 20
3027, 20
3028, 20
3029, 20
3030, 20
3031, 20
3032, 20
3033, 20
3034, 20
3035, 20
3036, 20
3037, 20
3038, 20
3039, 20
3040, 20
3041, 20
3042, 20
3043, 20
3044, 20
3045, 20
3046, 20
3047, 20
3048, 20
3049, 20
3050, 20
3051, 20
3052, 20
3053, 20
3054, 20
3055, 20
3056, 20
3057, 20
3058, 20
3059, 20
3060, 20
3061, 20
3062, 20
3063, 20
3064, 20
3065, 20
3066, 20
3067, 20
3068, 20
3069, 20
3070, 20
3071, 20
3072, 20
3073, 20
3074, 20
3075, 20
3076, 20
3077, 20
3078, 20
3079, 20
3080, 20
3081, 20
3082, 20
3083, 20
3084, 20
3085, 20
3086, 20
3087, 20
3088, 20
3089, 20
3090, 20
3091, 20
3092, 20
3093, 20
3094, 20
3095, 20
3096, 20
3097, 20
3098, 20
3099, 20
3100, 20
3101, 20
3102, 20
3103, 20
3104, 20
3105, 20
3106, 20
3107, 20
3108, 20
3109, 20
3110, 20
3111, 20
3112, 20
3113, 20
3114, 20
3115, 20
3116, 20
3117, 20
3118, 20
3119, 20
3120, 20
3121, 20
3122, 20
3123, 20
3124, 20
3125, 20
3126, 20
3127, 20
3128, 20
3129, 20
3130, 20
3131, 20
3132, 20
3133, 20
3134, 20
3135, 20
3136, 20
3137, 20
3138, 20
3139, 20
3140, 20
3141, 20
3142, 20
3143, 20
3144, 20
3145, 20
3146, 20
3147, 20
3148, 20
3149, 20
3150, 20
3151, 20
3152, 20
3153, 20
3154, 20
3155, 20
3156, 20
3157, 20
3158, 20
3159, 20
3160, 20
3161, 20
3162, 20
3163, 20
3164, 20
3165, 20
3166, 20
3167, 20
3168, 20
3169, 20
3170, 20
3171, 20
3172, 20
3173, 20
3174, 20
3175, 20
3176, 20
3177, 20
3178, 20
3179, 20
3180, 20
3181, 20
3182, 20
3183, 20
3184, 20
3185, 20
3186, 20
3187, 20
3188, 20
3189, 20
3190, 20
3191, 20
3192, 20
3193, 20
3194, 20
3195, 20
3196, 20
3197, 20
3198, 20
3199, 20
3200, 20
3201, 20
3202, 20
3203, 20
3204, 20
3205, 20
3206, 20
3207, 20
3208, 20
3209, 20
3210, 20
3211, 20
3212, 20
3213, 20
3214, 20
3215, 20
3216, 20
3217, 20
3218, 20
3219, 20
3220, 20
3221, 20
3222, 20
3223, 20
3224, 20
3225, 20
3226, 20
3227, 20
3228, 20
3229, 20
3230, 20
3231, 20
3232, 20
3233, 20
3234, 20
3235, 20
3236, 20
3237, 20
3238, 20
3239, 20
3240, 20
3241, 20
3242, 20
3243, 20
3244, 20
3245, 20
3246, 20
3247, 20
3248, 20
3249, 20
3250, 20
3251, 20
3252, 20
3253, 20
3254, 20
3255, 20
3256, 20
3257, 20
3258, 20
3259, 20
3260, 20
3261, 20
3262, 20
3263, 20
3264, 20
3265, 20
3266, 20
3267, 20
3268, 20
3269, 20
3270, 20
3271, 20
3272, 20
3273, 20
3274, 20
3275, 20
3276, 20
3277, 20
3278, 20
3279, 20
3280, 20
3281, 20
3282, 20
3283, 20
3284, 20
3285, 20
3286, 20
3287, 20
3288, 20
3289, 20
3290, 20
3291, 20
3292, 20
3293, 20
3294, 20
3295, 20
3296, 20
3297, 20
3298, 20
3299, 20
3300, 20
3301, 20
3302, 20
3303, 20
3304, 20
3305, 20
3306, 20
3307, 20
3308, 20
3309, 20
3310, 20
3311, 20
3312, 20
3313, 20
3314, 20
3315, 20
3316, 20
3317, 20
3318, 20
3319, 20
3320, 20
3321, 20
3322, 20
3323, 20
3324, 20
3325, 20
3326, 20
3327, 20
3328, 20
3329, 20
3330, 20
3331, 20
3332, 20
3333, 20
3334, 20
3335, 20
3336, 20
3337, 20
3338, 20
3339, 20
3340, 20
3341, 20
3342, 20
3343, 20
3344, 20
3345, 20
3346, 20
3347, 20
3348, 20
3349, 20
3350, 20
3351, 20
3352, 20
3353, 20
3354, 20
3355, 20
3356, 20
3357, 20
3358, 20
3359, 20
3360, 20
3361, 20
3362, 20
3363, 20
3364, 20
3365, 20
3366, 20
3367, 20
3368, 20
3369, 20
3370, 20
3371, 20
3372, 20
3373, 20
3374, 20
3375, 20
3376, 20
3377, 20
3378, 20
3379, 20
3380, 20
3381, 20
3382, 20
3383, 20
3384, 20
3385, 20
3386, 20
3387, 20
3388, 20
3389, 20
3390, 20
3391, 20
3392, 20
3393, 20
3394, 20
3395, 20
3396, 20
3397, 20
3398, 20
3399, 20
3400, 20
3401, 20
3402, 20
3403, 20
3404, 20
3405, 20
3406, 20
3407, 20
3408, 20
3409, 20
3410, 20
3411, 20
3412, 20
3413, 20
3414, 20
3415, 20
3416, 20
3417, 20
3418, 20
3419, 20
3420, 20
3421, 20
3422, 20
3423, 20
3424, 20
3425, 20
3426, 20
3427, 20
3428, 20
3429, 20
3430, 20
3431, 20
3432, 20
3433, 20
3434, 20
3435, 20
3436, 20
3437, 20
3438, 20
3439, 20
3440, 20
3441, 20
3442, 20
3443, 20
3444, 20
3445, 20
3446, 20
3447, 20
3448, 20
3449, 20
3450, 20
3451, 20
3452, 20
3453, 20
3454, 20
3455, 20
3456, 20
3457, 20
3458, 20
3459, 20
3460, 20
3461, 20
3462, 20
3463, 20
3464, 20
3465, 20
3466, 20
3467, 20
3468, 20
3469, 20
3470, 20
3471, 20
3472, 20
3473, 20
3474, 20
3475, 20
3476, 20
3477, 20
3478, 20
3479, 20
3480, 20
3481, 20
3482, 20
3483, 20
3484, 20
3485, 20
3486, 20
3487, 20
3488, 20
3489, 20
3490, 20
3491, 20
3492, 20
3493, 20
3494, 20
3495, 20
3496, 20
3497, 20
3498, 20
3499, 20
3500, 20
3501, 20
3502, 20
3503, 20
3504, 20
3505, 20
3506, 20
3507, 20
3508, 20
3509, 20
3510, 20
3511, 20
3512, 20
3513, 20
3514, 20
3515, 20
3516, 20
3517, 20
3518, 20
3519, 20
3520, 20
3521, 20
3522, 20
3523, 20
3524, 20
3525, 20
3526, 20
3527, 20
3528, 20
3529, 20
3530, 20
3531, 20
3532, 20
3533, 20
3534, 20
3535, 20
3536, 20
3537, 20
3538, 20
3539, 20
3540, 20
3541, 20
3542, 20
3543, 20
3544, 20
3545, 20
3546, 20
3547, 20
3548, 20
3549, 20
3550, 20
3551, 20
3552, 20
3553, 20
3554, 20
3555, 20
3556, 20
3557, 20
3558, 20
3559, 20
3560, 20
3561, 20
3562, 20
3563, 20
3564, 20
3565, 20
3566, 20
3567, 20
3568, 20
3569, 20
3570, 20
3571, 20
3572, 20
3573, 20
3574, 20
3575, 20
3576, 20
3577, 20
3578, 20
3579, 20
3580, 20
3581, 20
3582, 20
3583, 20
3584, 20
3585, 20
3586, 20
3587, 20
3588, 20
3589, 20
3590, 20
3591, 20
3592, 20
3593, 20
3594, 20
3595, 20
3596, 20
3597, 20
3598, 20
3599, 20
3600, 20
3601, 20
3602, 20
3603, 20
3604, 20
3605, 20
3606, 20
3607, 20
3608, 20
3609, 20
3610, 20
3611, 20
3612, 20
3613, 20
3614, 20
3615, 20
3616, 20
3617, 20
3618, 20
3619, 20
3620, 20
3621, 20
3622, 20
3623, 20
3624, 20
3625, 20
3626, 20
3627, 20
3628, 20
3629, 20
3630, 20
3631, 20
3632, 20
3633, 20
3634, 20
3635, 20
3636, 20
3637, 20
3638, 20
3639, 20
3640, 20
3641, 20
3642, 20
3643, 20
3644, 20
3645, 20
3646, 20
3647, 20
3648, 20
3649, 20
3650, 20
3651, 20
3652, 20
3653, 20
3654, 20
3655, 20
3656, 20
3657, 20
3658, 20
3659, 20
3660, 20
3661, 20
3662, 20
3663, 20
3664, 20
3665, 20
3666, 20
3667, 20
3668, 20
3669, 20
3670, 20
3671, 20
3672, 20
3673, 20
3674, 20
3675, 20
3676, 20
3677, 20
3678, 20
3679, 20
3680, 20
3681, 20
3682, 20
3683, 20
3684, 20
3685, 20
3686, 20
3687, 20
3688, 20
3689, 20
3690, 20
3691, 20
3692, 20
3693, 20
3694, 20
3695, 20
3696, 20
3697, 20
3698, 20
3699, 20
3700, 20
3701, 20
3702, 20
3703, 20
3704, 20
3705, 20
3706, 20
3707, 20
3708, 20
3709, 20
3710, 20
3711, 20
3712, 20
3713, 20
3714, 20
3715, 20
3716, 20
3717, 20
3718, 20
3719, 20
3720, 20
3721, 20
3722, 20
3723, 20
3724, 20
3725, 20
3726, 20
3727, 20
3728, 20
3729, 20
3730, 20
3731, 20
3732, 20
3733, 20
3734, 20
3735, 20
3736, 20
3737, 20
3738, 20
3739, 20
3740, 20
3741, 20
3742, 20
3743, 20
3744, 20
3745, 20
3746, 20
3747, 20
3748, 20
3749, 20
3750, 20
3751, 20
3752, 20
3753, 20
3754, 20
3755, 20
3756, 20
3757, 20
3758, 20
3759, 20
3760, 20
3761, 20
3762, 20
3763, 20
3764, 20
3765, 20
3766, 20
3767, 20
3768, 20
3769, 20
3770, 20
3771, 20
3772, 20
3773, 20
3774, 20
3775, 20
3776, 20
3777, 20
3778, 20
3779, 20
3780, 20
3781, 20
3782, 20
3783, 20
3784, 20
3785, 20
3786, 20
3787, 20
3788, 20
3789, 20
3790, 20
3791, 20
3792, 20
3793, 20
3794, 20
3795, 20
3796, 20
3797, 20
3798, 20
3799, 20
3800, 20
3801, 20
3802, 20
3803, 20
3804, 20
3805, 20
3806, 20
3807, 20
3808, 20
3809, 20
3810, 20
3811, 20
3812, 20
3813, 20
3814, 20
3815, 20
3816, 20
3817, 20
3818, 20
3819, 20
3820, 20
3821, 20
3822, 20
3823, 20
3824, 20
3825, 20
3826, 20
3827, 20
3828, 20
3829, 20
3830, 20
3831, 20
3832, 20
3833, 20
3834, 20
3835, 20
3836, 20
3837, 20
3838, 20
3839, 20
3840, 20
3841, 20
3842, 20
3843, 20
3844, 20
3845, 20
3846, 20
3847, 20
3848, 20
3849, 20
3850, 20
3851, 20
3852, 20
3853, 20
3854, 20
3855, 20
3856, 20
3857, 20
3858, 20
3859, 20
3860, 20
3861, 20
3862, 20
3863, 20
3864, 20
3865, 20
3866, 20
3867, 20
3868, 20
3869, 20
3870, 20
3871, 20
3872, 20
3873, 20
3874, 20
3875, 20
3876, 20
3877, 20
3878, 20
3879, 20
3880, 20
3881, 20
3882, 20
3883, 20
3884, 20
3885, 20
3886, 20
3887, 20
3888, 20
3889, 20
3890, 20
3891, 20
3892, 20
3893, 20
3894, 20
3895, 20
3896, 20
3897, 20
3898, 20
3899, 20
3900, 20
3901, 20
3902, 20
3903, 20
3904, 20
3905, 20
3906, 20
3907, 20
3908, 20
3909, 20
3910, 20
3911, 20
3912, 20
3913, 20
3914, 20
3915, 20
3916, 20
3917, 20
3918, 20
3919, 20
3920, 20
3921, 20
3922, 20
3923, 20
3924, 20
3925, 20
3926, 20
3927, 20
3928, 20
3929, 20
3930, 20
3931, 20
3932, 20
3933, 20
3934, 20
3935, 20
3936, 20
3937, 20
3938, 20
3939, 20
3940, 20
3941, 20
3942, 20
3943, 20
3944, 20
3945, 20
3946, 20
3947, 20
3948, 20
3949, 20
3950, 20
3951, 20
3952, 20
3953, 20
3954, 20
3955, 20
3956, 20
3957, 20
3958, 20
3959, 20
3960, 20
3961, 20
3962, 20
3963, 20
3964, 20
3965, 20
3966, 20
3967, 20
3968, 20
3969, 20
3970, 20
3971, 20
3972, 20
3973, 20
3974, 20
3975, 20
3976, 20
3977, 20
3978, 20
3979, 20
3980, 20
3981, 20
3982, 20
3983, 20
3984, 20
3985, 20
3986, 20
3987, 20
3988, 20
3989, 20
3990, 20
3991, 20
3992, 20
3993, 20
3994, 20
3995, 20
3996, 20
3997, 20
3998, 20
3999, 20
4000, 20
4001, 20
4002, 20
4003, 20
4004, 20
4005, 20
4006, 20
4007, 20
4008, 20
4009, 20
4010, 20
4011, 20
4012, 20
4013, 20
4014, 20
4015, 20
4016, 20
4017, 20
4018, 20
4019, 20
4020, 20
4021, 20
4022, 20
4023, 20
4024, 20
4025, 20
4026, 20
4027, 20
4028, 20
4029, 20
4030, 20
4031, 20
4032, 20
4033, 20
4034, 20
4035, 20
4036, 20
4037, 20
4038, 20
4039, 20
4040, 20
4041, 20
4042, 20
4043, 20
4044, 20
4045, 20
4046, 20
4047, 20
4048, 20
4049, 20
4050, 20
4051, 20
4052, 20
4053, 20
4054, 20
4055, 20
4056, 20
4057, 20
4058, 20
4059, 20
4060, 20
4061, 20
4062, 20
4063, 20
4064, 20
4065, 20
4066, 20
4067, 20
4068, 20
4069, 20
4070, 20
4071, 20
4072, 20
4073, 20
4074, 20
4075, 20
4076, 20
4077, 20
4078, 20
4079, 20
4080, 20
4081, 20
4082, 20
4083, 20
4084, 20
4085, 20
4086, 20
4087, 20
4088, 20
4089, 20
4090, 20
4091, 20
4092, 20
4093, 20
4094, 20
4095, 20
4096, 20
4097, 20
4098, 20
4099, 20
4100, 20
4101, 20
4102, 20
4103, 20
4104, 20
4105, 20
4106, 20
4107, 20
4108, 20
4109, 20
4110, 20
4111, 20
4112, 20
4113, 20
4114, 20
4115, 20
4116, 20
4117, 20
4118, 20
4119, 20
4120, 20
4121, 20
4122, 20
4123, 20
4124, 20
4125, 20
4126, 20
4127, 20
4128, 20
4129, 20
4130, 20
4131, 20
4132, 20
4133, 20
4134, 20
4135, 20
4136, 20
4137, 20
4138, 20
4139, 20
4140, 20
4141, 20
4142, 20
4143, 20
4144, 20
4145, 20
4146, 20
4147, 20
4148, 20
4149, 20
4150, 20
4151, 20
4152, 20
4153, 20
4154, 20
4155, 20
4156, 20
4157, 20
4158, 20
4159, 20
4160, 20
4161, 20
4162, 20
4163, 20
4164, 20
4165, 20
4166, 20
4167, 20
4168, 20
4169, 20
4170, 20
4171, 20
4172, 20
4173, 20
4174, 20
4175, 20
4176, 20
4177, 20
4178, 20
4179, 20
4180, 20
4181, 20
4182, 20
4183, 20
4184, 20
4185, 20
4186, 20
4187, 20
4188, 20
4189, 20
4190, 20
4191, 20
4192, 20
4193, 20
4194, 20
4195, 20
4196, 20
4197, 20
4198, 20
4199, 20
4200, 20
4201, 20
4202, 20
4203, 20
4204, 20
4205, 20
4206, 20
4207, 20
4208, 20
4209, 20
4210, 20
4211, 20
4212, 20
4213, 20
4214, 20
4215, 20
4216, 20
4217, 20
4218, 20
4219, 20
4220, 20
4221, 20
4222, 20
4223, 20
4224, 20
4225, 20
4226, 20
4227, 20
4228, 20
4229, 20
4230, 20
4231, 20
4232, 20
4233, 20
4234, 20
4235, 20
4236, 20
4237, 20
4238, 20
4239, 20
4240, 20
4241, 20
4242, 20
4243, 20
4244, 20
4245, 20
4246, 20
4247, 20
4248, 20
4249, 20
4250, 20
4251, 20
4252, 20
4253, 20
4254, 20
4255, 20
4256, 20
4257, 20
4258, 20
4259, 20
4260, 20
4261, 20
4262, 20
4263, 20
4264, 20
4265, 20
4266, 20
4267, 20
4268, 20
4269, 20
4270, 20
4271, 20
4272, 20
4273, 20
4274, 20
4275, 20
4276, 20
4277, 20
4278, 20
4279, 20
4280, 20
4281, 20
4282, 20
4283, 20
4284, 20
4285, 20
4286, 20
4287, 20
4288, 20
4289, 20
4290, 20
4291, 20
4292, 20
4293, 20
4294, 20
4295, 20
4296, 20
4297, 20
4298, 20
4299, 20
4300, 20
4301, 20
4302, 20
4303, 20
4304, 20
4305, 20
4306, 20
4307, 20
4308, 20
4309, 20
4310, 20
4311, 20
4312, 20
4313, 20
4314, 20
4315, 20
4316, 20
4317, 20
4318, 20
4319, 20
4320, 20
4321, 20
4322, 20
4323, 20
4324, 20
4325, 20
4326, 20
4327, 20
4328, 20
4329, 20
4330, 20
4331, 20
4332, 20
4333, 20
4334, 20
4335, 20
4336, 20
4337, 20
4338, 20
4339, 20
4340, 20
4341, 20
4342, 20
4343, 20
4344, 20
4345, 20
4346, 20
4347, 20
4348, 20
4349, 20
4350, 20
4351, 20
4352, 20
4353, 20
4354, 20
4355, 20
4356, 20
4357, 20
4358, 20
4359, 20
4360, 20
4361, 20
4362, 20
4363, 20
4364, 20
4365, 20
4366, 20
4367, 20
4368, 20
4369, 20
4370, 20
4371, 20
4372, 20
4373, 20
4374, 20
4375, 20
4376, 20
4377, 20
4378, 20
4379, 20
4380, 20
4381, 20
4382, 20
4383, 20
4384, 20
4385, 20
4386, 20
4387, 20
4388, 20
4389, 20
4390, 20
4391, 20
4392, 20
4393, 20
4394, 20
4395, 20
4396, 20
4397, 20
4398, 20
4399, 20
4400, 20
4401, 20
4402, 20
4403, 20
4404, 20
4405, 20
4406, 20
4407, 20
4408, 20
4409, 20
4410, 20
4411, 20
4412, 20
4413, 20
4414, 20
4415, 20
4416, 20
4417, 20
4418, 20
4419, 20
4420, 20
4421, 20
4422, 20
4423, 20
4424, 20
4425, 20
4426, 20
4427, 20
4428, 20
4429, 20
4430, 20
4431, 20
4432, 20
4433, 20
4434, 20
4435, 20
4436, 20
4437, 20
4438, 20
4439, 20
4440, 20
4441, 20
4442, 20
4443, 20
4444, 20
4445, 20
4446, 20
4447, 20
4448, 20
4449, 20
4450, 20
4451, 20
4452, 20
4453, 20
4454, 20
4455, 20
4456, 20
4457, 20
4458, 20
4459, 20
4460, 20
4461, 20
4462, 20
4463, 20
4464, 20
4465, 20
4466, 20
4467, 20
4468, 20
4469, 20
4470, 20
4471, 20
4472, 20
4473, 20
4474, 20
4475, 20
4476, 20
4477, 20
4478, 20
4479, 20
4480, 20
4481, 20
4482, 20
4483, 20
4484, 20
4485, 20
4486, 20
4487, 20
4488, 20
4489, 20
4490, 20
4491, 20
4492, 20
4493, 20
4494, 20
4495, 20
4496, 20
4497, 20
4498, 20
4499, 20
4500, 20
4501, 20
4502, 20
4503, 20
4504, 20
4505, 20
4506, 20
4507, 20
4508, 20
4509, 20
4510, 20
4511, 20
4512, 20
4513, 20
4514, 20
4515, 20
4516, 20
4517, 20
4518, 20
4519, 20
4520, 20
4521, 20
4522, 20
4523, 20
4524, 20
4525, 20
4526, 20
4527, 20
4528, 20
4529, 20
4530, 20
4531, 20
4532, 20
4533, 20
4534, 20
4535, 20
4536, 20
4537, 20
4538, 20
4539, 20
4540, 20
4541, 20
4542, 20
4543, 20
4544, 20
4545, 20
4546, 20
4547, 20
4548, 20
4549, 20
4550, 20
4551, 20
4552, 20
4553, 20
4554, 20
4555, 20
4556, 20
4557, 20
4558, 20
4559, 20
4560, 20
4561, 20
4562, 20
4563, 20
4564, 20
4565, 20
4566, 20
4567, 20
4568, 20
4569, 20
4570, 20
4571, 20
4572, 20
4573, 20
4574, 20
4575, 20
4576, 20
4577, 20
4578, 20
4579, 20
4580, 20
4581, 20
4582, 20
4583, 20
4584, 20
4585, 20
4586, 20
4587, 20
4588, 20
4589, 20
4590, 20
4591, 20
4592, 20
4593, 20
4594, 20
4595, 20
4596, 20
4597, 20
4598, 20
4599, 20
4600, 20
4601, 20
4602, 20
4603, 20
4604, 20
4605, 20
4606, 20
4607, 20
4608, 20
4609, 20
4610, 20
4611, 20
4612, 20
4613, 20
4614, 20
4615, 20
4616, 20
4617, 20
4618, 20
4619, 20
4620, 20
4621, 20
4622, 20
4623, 20
4624, 20
4625, 20
4626, 20
4627, 20
4628, 20
4629, 20
4630, 20
4631, 20
4632, 20
4633, 20
4634, 20
4635, 20
4636, 20
4637, 20
4638, 20
4639, 20
4640, 20
4641, 20
4642, 20
4643, 20
4644, 20
4645, 20
4646, 20
4647, 20
4648, 20
4649, 20
4650, 20
4651, 20
4652, 20
4653, 20
4654, 20
4655, 20
4656, 20
4657, 20
4658, 20
4659, 20
4660, 20
4661, 20
4662, 20
4663, 20
4664, 20
4665, 20
4666, 20
4667, 20
4668, 20
4669, 20
4670, 20
4671, 20
4672, 20
4673, 20
4674, 20
4675, 20
4676, 20
4677, 20
4678, 20
4679, 20
4680, 20
4681, 20
4682, 20
4683, 20
4684, 20
4685, 20
4686, 20
4687, 20
4688, 20
4689, 20
4690, 20
4691, 20
4692, 20
4693, 20
4694, 20
4695, 20
4696, 20
4697, 20
4698, 20
4699, 20
4700, 20
4701, 20
4702, 20
4703, 20
4704, 20
4705, 20
4706, 20
4707, 20
4708, 20
4709, 20
4710, 20
4711, 20
4712, 20
4713, 20
4714, 20
4715, 20
4716, 20
4717, 20
4718, 20
4719, 20
4720, 20
4721, 20
4722, 20
4723, 20
4724, 20
4725, 20
4726, 20
4727, 20
4728, 20
4729, 20
4730, 20
4731, 20
4732, 20
4733, 20
4734, 20
4735, 20
4736, 20
4737, 20
4738, 20
4739, 20
4740, 20
4741, 20
4742, 20
4743, 20
4744, 20
4745, 20
4746, 20
4747, 20
4748, 20
4749, 20
4750, 20
4751, 20
4752, 20
4753, 20
4754, 20
4755, 20
4756, 20
4757, 20
4758, 20
4759, 20
4760, 20
4761, 20
4762, 20
4763, 20
4764, 20
4765, 20
4766, 20
4767, 20
4768, 20
4769, 20
4770, 20
4771, 20
4772, 20
4773, 20
4774, 20
4775, 20
4776, 20
4777, 20
4778, 20
4779, 20
4780, 20
4781, 20
4782, 20
4783, 20
4784, 20
4785, 20
4786, 20
4787, 20
4788, 20
4789, 20
4790, 20
4791, 20
4792, 20
4793, 20
4794, 20
4795, 20
4796, 20
4797, 20
4798, 20
4799, 20
4800, 20
4801, 20
4802, 20
4803, 20
4804, 20
4805, 20
4806, 20
4807, 20
4808, 20
4809, 20
4810, 20
4811, 20
4812, 20
4813, 20
4814, 20
4815, 20
4816, 20
4817, 20
4818, 20
4819, 20
4820, 20
4821, 20
4822, 20
4823, 20
4824, 20
4825, 20
4826, 20
4827, 20
4828, 20
4829, 20
4830, 20
4831, 20
4832, 20
4833, 20
4834, 20
4835, 20
4836, 20
4837, 20
4838, 20
4839, 20
4840, 20
4841, 20
4842, 20
4843, 20
4844, 20
4845, 20
4846, 20
4847, 20
4848, 20
4849, 20
4850, 20
4851, 20
4852, 20
4853, 20
4854, 20
4855, 20
4856, 20
4857, 20
4858, 20
4859, 20
4860, 20
4861, 20
4862, 20
4863, 20
4864, 20
4865, 20
4866, 20
4867, 20
4868, 20
4869, 20
4870, 20
4871, 20
4872, 20
4873, 20
4874, 20
4875, 20
4876, 20
4877, 20
4878, 20
4879, 20
4880, 20
4881, 20
4882, 20
4883, 20
4884, 20
4885, 20
4886, 20
4887, 20
4888, 20
4889, 20
4890, 20
4891, 20
4892, 20
4893, 20
4894, 20
4895, 20
4896, 20
4897, 20
4898, 20
4899, 20
4900, 20
4901, 20
4902, 20
4903, 20
4904, 20
4905, 20
4906, 20
4907, 20
4908, 20
4909, 20
4910, 20
4911, 20
4912, 20
4913, 20
4914, 20
4915, 20
4916, 20
4917, 20
4918, 20
4919, 20
4920, 20
4921, 20
4922, 20
4923, 20
4924, 20
4925, 20
4926, 20
4927, 20
4928, 20
4929, 20
4930, 20
4931, 20
4932, 20
4933, 20
4934, 20
4935, 20
4936, 20
4937, 20
4938, 20
4939, 20
4940, 20
4941, 20
4942, 20
4943, 20
4944, 20
4945, 20
4946, 20
4947, 20
4948, 20
4949, 20
4950, 20
4951, 20
4952, 20
4953, 20
4954, 20
4955, 20
4956, 20
4957, 20
4958, 20
4959, 20
4960, 20
4961, 20
4962, 20
4963, 20
4964, 20
4965, 20
4966, 20
4967, 20
4968, 20
4969, 20
4970, 20
4971, 20
4972, 20
4973, 20
4974, 20
4975, 20
4976, 20
4977, 20
4978, 20
4979, 20
4980, 20
4981, 20
4982, 20
4983, 20
4984, 20
4985, 20
4986, 20
4987, 20
4988, 20
4989, 20
4990, 20
4991, 20
4992, 20
4993, 20
4994, 20
4995, 20
4996, 20
4997, 20
4998, 20
4999, 20
5000, 20
5001, 20
5002, 20
5003, 20
5004, 20
5005, 20
5006, 20
5007, 20
5008, 20
5009, 20
5010, 20
5011, 20
5012, 20
5013, 20
5014, 20
5015, 20
5016, 20
5017, 20
5018, 20
5019, 20
5020, 20
5021, 20
5022, 20
5023, 20
5024, 20
5025, 20
5026, 20
5027, 20
5028, 20
5029, 20
5030, 20
5031, 20
5032, 20
5033, 20
5034, 20
5035, 20
5036, 20
5037, 20
5038, 20
5039, 20
5040, 20
5041, 20
5042, 20
5043, 20
5044, 20
5045, 20
5046, 20
5047, 20
5048, 20
5049, 20
5050, 20
5051, 20
5052, 20
5053, 20
5054, 20
5055, 20
5056, 20
5057, 20
5058, 20
5059, 20
5060, 20
5061, 20
5062, 20
5063, 20
5064, 20
5065, 20
5066, 20
5067, 20
5068, 20
5069, 20
5070, 20
5071, 20
5072, 20
5073, 20
5074, 20
5075, 20
5076, 20
5077, 20
5078, 20
5079, 20
5080, 20
5081, 20
5082, 20
5083, 20
5084, 20
5085, 20
5086, 20
5087, 20
5088, 20
5089, 20
5090, 20
5091, 20
5092, 20
5093, 20
5094, 20
5095, 20
5096, 20
5097, 20
5098, 20
5099, 20
5100, 20
5101, 20
5102, 20
5103, 20
5104, 20
5105, 20
5106, 20
5107, 20
5108, 20
5109, 20
5110, 20
5111, 20
5112, 20
5113, 20
5114, 20
5115, 20
5116, 20
5117, 20
5118, 20
5119, 20
5120, 20
5121, 20
5122, 20
5123, 20
5124, 20
5125, 20
5126, 20
5127, 20
5128, 20
5129, 20
5130, 20
5131, 20
5132, 20
5133, 20
5134, 20
5135, 20
5136, 20
5137, 20
5138, 20
5139, 20
5140, 20
5141, 20
5142, 20
5143, 20
5144, 20
5145, 20
5146, 20
5147, 20
5148, 20
5149, 20
5150, 20
5151, 20
5152, 20
5153, 20
5154, 20
5155, 20
5156, 20
5157, 20
5158, 20
5159, 20
5160, 20
5161, 20
5162, 20
5163, 20
5164, 20
5165, 20
5166, 20
5167, 20
5168, 20
5169, 20
5170, 20
5171, 20
5172, 20
5173, 20
5174, 20
5175, 20
5176, 20
5177, 20
5178, 20
5179, 20
5180, 20
5181, 20
5182, 20
5183, 20
5184, 20
5185, 20
5186, 20
5187, 20
5188, 20
5189, 20
5190, 20
5191, 20
5192, 20
5193, 20
5194, 20
5195, 20
5196, 20
5197, 20
5198, 20
5199, 20
5200, 20
5201, 20
5202, 20
5203, 20
5204, 20
5205, 20
5206, 20
5207, 20
5208, 20
5209, 20
5210, 20
5211, 20
5212, 20
5213, 20
5214, 20
5215, 20
5216, 20
5217, 20
5218, 20
5219, 20
5220, 20
5221, 20
5222, 20
5223, 20
5224, 20
5225, 20
5226, 20
5227, 20
5228, 20
5229, 20
5230, 20
5231, 20
5232, 20
5233, 20
5234, 20
5235, 20
5236, 20
5237, 20
5238, 20
5239, 20
5240, 20
5241, 20
5242, 20
5243, 20
5244, 20
5245, 20
5246, 20
5247, 20
5248, 20
5249, 20
5250, 20
5251, 20
5252, 20
5253, 20
5254, 20
5255, 20
5256, 20
5257, 20
5258, 20
5259, 20
5260, 20
5261, 20
5262, 20
5263, 20
5264, 20
5265, 20
5266, 20
5267, 20
5268, 20
5269, 20
5270, 20
5271, 20
5272, 20
5273, 20
5274, 20
5275, 20
5276, 20
5277, 20
5278, 20
5279, 20
5280, 20
5281, 20
5282, 20
5283, 20
5284, 20
5285, 20
5286, 20
5287, 20
5288, 20
5289, 20
5290, 20
5291, 20
5292, 20
5293, 20
5294, 20
5295, 20
5296, 20
5297, 20
5298, 20
5299, 20
5300, 20
5301, 20
5302, 20
5303, 20
5304, 20
5305, 20
5306, 20
5307, 20
5308, 20
5309, 20
5310, 20
5311, 20
5312, 20
5313, 20
5314, 20
5315, 20
5316, 20
5317, 20
5318, 20
5319, 20
5320, 20
5321, 20
5322, 20
5323, 20
5324, 20
5325, 20
5326, 20
5327, 20
5328, 20
5329, 20
5330, 20
5331, 20
5332, 20
5333, 20
5334, 20
5335, 20
5336, 20
5337, 20
5338, 20
5339, 20
5340, 20
5341, 20
5342, 20
5343, 20
5344, 20
5345, 20
5346, 20
5347, 20
5348, 20
5349, 20
5350, 20
5351, 20
5352, 20
5353, 20
5354, 20
5355, 20
5356, 20
5357, 20
5358, 20
5359, 20
5360, 20
5361, 20
5362, 20
5363, 20
5364, 20
5365, 20
5366, 20
5367, 20
5368, 20
5369, 20
5370, 20
5371, 20
5372, 20
5373, 20
5374, 20
5375, 20
5376, 20
5377, 20
5378, 20
5379, 20
5380, 20
5381, 20
5382, 20
5383, 20
5384, 20
5385, 20
5386, 20
5387, 20
5388, 20
5389, 20
5390, 20
5391, 20
5392, 20
5393, 20
5394, 20
5395, 20
5396, 20
5397, 20
5398, 20
5399, 20
5400, 20
5401, 20
5402, 20
5403, 20
5404, 20
5405, 20
5406, 20
5407, 20
5408, 20
5409, 20
5410, 20
5411, 20
5412, 20
5413, 20
5414, 20
5415, 20
5416, 20
5417, 20
5418, 20
5419, 20
5420, 20
5421, 20
5422, 20
5423, 20
5424, 20
5425, 20
5426, 20
5427, 20
5428, 20
5429, 20
5430, 20
5431, 20
5432, 20
5433, 20
5434, 20
5435, 20
5436, 20
5437, 20
5438, 20
5439, 20
5440, 20
5441, 20
5442, 20
5443, 20
5444, 20
5445, 20
5446, 20
5447, 20
5448, 20
5449, 20
5450, 20
5451, 20
5452, 20
5453, 20
5454, 20
5455, 20
5456, 20
5457, 20
5458, 20
5459, 20
5460, 20
5461, 20
5462, 20
5463, 20
5464, 20
5465, 20
5466, 20
5467, 20
5468, 20
5469, 20
5470, 20
5471, 20
5472, 20
5473, 20
5474, 20
5475, 20
5476, 20
5477, 20
5478, 20
5479, 20
5480, 20
5481, 20
5482, 20
5483, 20
5484, 20
5485, 20
5486, 20
5487, 20
5488, 20
5489, 20
5490, 20
5491, 20
5492, 20
5493, 20
5494, 20
5495, 20
5496, 20
5497, 20
5498, 20
5499, 20
5500, 20
5501, 20
5502, 20
5503, 20
5504, 20
5505, 20
5506, 20
5507, 20
5508, 20
5509, 20
5510, 20
5511, 20
5512, 20
5513, 20
5514, 20
5515, 20
5516, 20
5517, 20
5518, 20
5519, 20
5520, 20
5521, 20
5522, 20
5523, 20
5524, 20
5525, 20
5526, 20
5527, 20
5528, 20
5529, 20
5530, 20
5531, 20
5532, 20
5533, 20
5534, 20
5535, 20
5536, 20
5537, 20
5538, 20
5539, 20
5540, 20
5541, 20
5542, 20
5543, 20
5544, 20
5545, 20
5546, 20
5547, 20
5548, 20
5549, 20
5550, 20
5551, 20
5552, 20
5553, 20
5554, 20
5555, 20
5556, 20
5557, 20
5558, 20
5559, 20
5560, 20
5561, 20
5562, 20
5563, 20
5564, 20
5565, 20
5566, 20
5567, 20
5568, 20
5569, 20
5570, 20
5571, 20
5572, 20
5573, 20
5574, 20
5575, 20
5576, 20
5577, 20
5578, 20
5579, 20
5580, 20
5581, 20
5582, 20
5583, 20
5584, 20
5585, 20
5586, 20
5587, 20
5588, 20
5589, 20
5590, 20
5591, 20
5592, 20
5593, 20
5594, 20
5595, 20
5596, 20
5597, 20
5598, 20
5599, 20
5600, 20
5601, 20
5602, 20
5603, 20
5604, 20
5605, 20
5606, 20
5607, 20
5608, 20
5609, 20
5610, 20
5611, 20
5612, 20
5613, 20
5614, 20
5615, 20
5616, 20
5617, 20
5618, 20
5619, 20
5620, 20
5621, 20
5622, 20
5623, 20
5624, 20
5625, 20
5626, 20
5627, 20
5628, 20
5629, 20
5630, 20
5631, 20
5632, 20
5633, 20
5634, 20
5635, 20
5636, 20
5637, 20
5638, 20
5639, 20
5640, 20
5641, 20
5642, 20
5643, 20
5644, 20
5645, 20
5646, 20
5647, 20
5648, 20
5649, 20
5650, 20
5651, 20
5652, 20
5653, 20
5654, 20
5655, 20
5656, 20
5657, 20
5658, 20
5659, 20
5660, 20
5661, 20
5662, 20
5663, 20
5664, 20
5665, 20
5666, 20
5667, 20
5668, 20
5669, 20
5670, 20
5671, 20
5672, 20
5673, 20
5674, 20
5675, 20
5676, 20
5677, 20
5678, 20
5679, 20
5680, 20
5681, 20
5682, 20
5683, 20
5684, 20
5685, 20
5686, 20
5687, 20
5688, 20
5689, 20
5690, 20
5691, 20
5692, 20
5693, 20
5694, 20
5695, 20
5696, 20
5697, 20
5698, 20
5699, 20
5700, 20
5701, 20
5702, 20
5703, 20
5704, 20
5705, 20
5706, 20
5707, 20
5708, 20
5709, 20
5710, 20
5711, 20
5712, 20
5713, 20
5714, 20
5715, 20
5716, 20
5717, 20
5718, 20
5719, 20
5720, 20
5721, 20
5722, 20
5723, 20
5724, 20
5725, 20
5726, 20
5727, 20
5728, 20
5729, 20
5730, 20
5731, 20
5732, 20
5733, 20
5734, 20
5735, 20
5736, 20
5737, 20
5738, 20
5739, 20
5740, 20
5741, 20
5742, 20
5743, 20
5744, 20
5745, 20
5746, 20
5747, 20
5748, 20
5749, 20
5750, 20
5751, 20
5752, 20
5753, 20
5754, 20
5755, 20
5756, 20
5757, 20
5758, 20
5759, 20
5760, 20
5761, 20
5762, 20
5763, 20
5764, 20
5765, 20
5766, 20
5767, 20
5768, 20
5769, 20
5770, 20
5771, 20
5772, 20
5773, 20
5774, 20
5775, 20
5776, 20
5777, 20
5778, 20
5779, 20
5780, 20
5781, 20
5782, 20
5783, 20
5784, 20
5785, 20
5786, 20
5787, 20
5788, 20
5789, 20
5790, 20
5791, 20
5792, 20
5793, 20
5794, 20
5795, 20
5796, 20
5797, 20
5798, 20
5799, 20
5800, 20
5801, 20
5802, 20
5803, 20
5804, 20
5805, 20
5806, 20
5807, 20
5808, 20
5809, 20
5810, 20
5811, 20
5812, 20
5813, 20
5814, 20
5815, 20
5816, 20
5817, 20
5818, 20
5819, 20
5820, 20
5821, 20
5822, 20
5823, 20
5824, 20
5825, 20
5826, 20
5827, 20
5828, 20
5829, 20
5830, 20
5831, 20
5832, 20
5833, 20
5834, 20
5835, 20
5836, 20
5837, 20
5838, 20
5839, 20
5840, 20
5841, 20
5842, 20
5843, 20
5844, 20
5845, 20
5846, 20
5847, 20
5848, 20
5849, 20
5850, 20
5851, 20
5852, 20
5853, 20
5854, 20
5855, 20
5856, 20
5857, 20
5858, 20
5859, 20
5860, 20
5861, 20
5862, 20
5863, 20
5864, 20
5865, 20
5866, 20
5867, 20
5868, 20
5869, 20
5870, 20
5871, 20
5872, 20
5873, 20
5874, 20
5875, 20
5876, 20
5877, 20
5878, 20
5879, 20
5880, 20
5881, 20
5882, 20
5883, 20
5884, 20
5885, 20
5886, 20
5887, 20
5888, 20
5889, 20
5890, 20
5891, 20
5892, 20
5893, 20
5894, 20
5895, 20
5896, 20
5897, 20
5898, 20
5899, 20
5900, 20
5901, 20
5902, 20
5903, 20
5904, 20
5905, 20
5906, 20
5907, 20
5908, 20
5909, 20
5910, 20
5911, 20
5912, 20
5913, 20
5914, 20
5915, 20
5916, 20
5917, 20
5918, 20
5919, 20
5920, 20
5921, 20
5922, 20
5923, 20
5924, 20
5925, 20
5926, 20
5927, 20
5928, 20
5929, 20
5930, 20
5931, 20
5932, 20
5933, 20
5934, 20
5935, 20
5936, 20
5937, 20
5938, 20
5939, 20
5940, 20
5941, 20
5942, 20
5943, 20
5944, 20
5945, 20
5946, 20
5947, 20
5948, 20
5949, 20
5950, 20
5951, 20
5952, 20
5953, 20
5954, 20
5955, 20
5956, 20
5957, 20
5958, 20
5959, 20
5960, 20
5961, 20
5962, 20
5963, 20
5964, 20
5965, 20
5966, 20
5967, 20
5968, 20
5969, 20
5970, 20
5971, 20
5972, 20
5973, 20
5974, 20
5975, 20
5976, 20
5977, 20
5978, 20
5979, 20
5980, 20
5981, 20
5982, 20
5983, 20
5984, 20
5985, 20
5986, 20
5987, 20
5988, 20
5989, 20
5990, 20
5991, 20
5992, 20
5993, 20
5994, 20
5995, 20
5996, 20
5997, 20
5998, 20
5999, 20
6000, 20
6001, 20
6002, 20
6003, 20
6004, 20
6005, 20
6006, 20
6007, 20
6008, 20
6009, 20
6010, 20
6011, 20
6012, 20
6013, 20
6014, 20
6015, 20
6016, 20
6017, 20
6018, 20
6019, 20
6020, 20
6021, 20
6022, 20
6023, 20
6024, 20
6025, 20
6026, 20
6027, 20
6028, 20
6029, 20
6030, 20
6031, 20
6032, 20
6033, 20
6034, 20
6035, 20
6036, 20
6037, 20
6038, 20
6039, 20
6040, 20
6041, 20
6042, 20
6043, 20
6044, 20
6045, 20
6046, 20
6047, 20
6048, 20
6049, 20
6050, 20
6051, 20
6052, 20
6053, 20
6054, 20
6055, 20
6056, 20
6057, 20
6058, 20
6059, 20
6060, 20
6061, 20
6062, 20
6063, 20
6064, 20
6065, 20
6066, 20
6067, 20
6068, 20
6069, 20
6070, 20
6071, 20
6072, 20
6073, 20
6074, 20
6075, 20
6076, 20
6077, 20
6078, 20
6079, 20
6080, 20
6081, 20
6082, 20
6083, 20
6084, 20
6085, 20
6086, 20
6087, 20
6088, 20
6089, 20
6090, 20
6091, 20
6092, 20
6093, 20
6094, 20
6095, 20
6096, 20
6097, 20
6098, 20
6099, 20
6100, 20
6101, 20
6102, 20
6103, 20
6104, 20
6105, 20
6106, 20
6107, 20
6108, 20
6109, 20
6110, 20
6111, 20
6112, 20
6113, 20
6114, 20
6115, 20
6116, 20
6117, 20
6118, 20
6119, 20
6120, 20
6121, 20
6122, 20
6123, 20
6124, 20
6125, 20
6126, 20
6127, 20
6128, 20
6129, 20
6130, 20
6131, 20
6132, 20
6133, 20
6134, 20
6135, 20
6136, 20
6137, 20
6138, 20
6139, 20
6140, 20
6141, 20
6142, 20
6143, 20
6144, 20
6145, 20
6146, 20
6147, 20
6148, 20
6149, 20
6150, 20
6151, 20
6152, 20
6153, 20
6154, 20
6155, 20
6156, 20
6157, 20
6158, 20
6159, 20
6160, 20
6161, 20
6162, 20
6163, 20
6164, 20
6165, 20
6166, 20
6167, 20
6168, 20
6169, 20
6170, 20
6171, 20
6172, 20
6173, 20
6174, 20
6175, 20
6176, 20
6177, 20
6178, 20
6179, 20
6180, 20
6181, 20
6182, 20
6183, 20
6184, 20
6185, 20
6186, 20
6187, 20
6188, 20
6189, 20
6190, 20
6191, 20
6192, 20
6193, 20
6194, 20
6195, 20
6196, 20
6197, 20
6198, 20
6199, 20
6200, 20
6201, 20
6202, 20
6203, 20
6204, 20
6205, 20
6206, 20
6207, 20
6208, 20
6209, 20
6210, 20
6211, 20
6212, 20
6213, 20
6214, 20
6215, 20
6216, 20
6217, 20
6218, 20
6219, 20
6220, 20
6221, 20
6222, 20
6223, 20
6224, 20
6225, 20
6226, 20
6227, 20
6228, 20
6229, 20
6230, 20
6231, 20
6232, 20
6233, 20
6234, 20
6235, 20
6236, 20
6237, 20
6238, 20
6239, 20
6240, 20
6241, 20
6242, 20
6243, 20
6244, 20
6245, 20
6246, 20
6247, 20
6248, 20
6249, 20
6250, 20
6251, 20
6252, 20
6253, 20
6254, 20
6255, 20
6256, 20
6257, 20
6258, 20
6259, 20
6260, 20
6261, 20
6262, 20
6263, 20
6264, 20
6265, 20
6266, 20
6267, 20
6268, 20
6269, 20
6270, 20
6271, 20
6272, 20
6273, 20
6274, 20
6275, 20
6276, 20
6277, 20
6278, 20
6279, 20
6280, 20
6281, 20
6282, 20
6283, 20
6284, 20
6285, 20
6286, 20
6287, 20
6288, 20
6289, 20
6290, 20
6291, 20
6292, 20
6293, 20
6294, 20
6295, 20
6296, 20
6297, 20
6298, 20
6299, 20
6300, 20
6301, 20
6302, 20
6303, 20
6304, 20
6305, 20
6306, 20
6307, 20
6308, 20
6309, 20
6310, 20
6311, 20
6312, 20
6313, 20
6314, 20
6315, 20
6316, 20
6317, 20
6318, 20
6319, 20
6320, 20
6321, 20
6322, 20
6323, 20
6324, 20
6325, 20
6326, 20
6327, 20
6328, 20
6329, 20
6330, 20
6331, 20
6332, 20
6333, 20
6334, 20
6335, 20
6336, 20
6337, 20
6338, 20
6339, 20
6340, 20
6341, 20
6342, 20
6343, 20
6344, 20
6345, 20
6346, 20
6347, 20
6348, 20
6349, 20
6350, 20
6351, 20
6352, 20
6353, 20
6354, 20
6355, 20
6356, 20
6357, 20
6358, 20
6359, 20
6360, 20
6361, 20
6362, 20
6363, 20
6364, 20
6365, 20
6366, 20
6367, 20
6368, 20
6369, 20
6370, 20
6371, 20
6372, 20
6373, 20
6374, 20
6375, 20
6376, 20
6377, 20
6378, 20
6379, 20
6380, 20
6381, 20
6382, 20
6383, 20
6384, 20
6385, 20
6386, 20
6387, 20
6388, 20
6389, 20
6390, 20
6391, 20
6392, 20
6393, 20
6394, 20
6395, 20
6396, 20
6397, 20
6398, 20
6399, 20
6400, 20
6401, 20
6402, 20
6403, 20
6404, 20
6405, 20
6406, 20
6407, 20
6408, 20
6409, 20
6410, 20
6411, 20
6412, 20
6413, 20
6414, 20
6415, 20
6416, 20
6417, 20
6418, 20
6419, 20
6420, 20
6421, 20
6422, 20
6423, 20
6424, 20
6425, 20
6426, 20
6427, 20
6428, 20
6429, 20
6430, 20
6431, 20
6432, 20
6433, 20
6434, 20
6435, 20
6436, 20
6437, 20
6438, 20
6439, 20
6440, 20
6441, 20
6442, 20
6443, 20
6444, 20
6445, 20
6446, 20
6447, 20
6448, 20
6449, 20
6450, 20
6451, 20
6452, 20
6453, 20
6454, 20
6455, 20
6456, 20
6457, 20
6458, 20
6459, 20
6460, 20
6461, 20
6462, 20
6463, 20
6464, 20
6465, 20
6466, 20
6467, 20
6468, 20
6469, 20
6470, 20
6471, 20
6472, 20
6473, 20
6474, 20
6475, 20
6476, 20
6477, 20
6478, 20
6479, 20
6480, 20
6481, 20
6482, 20
6483, 20
6484, 20
6485, 20
6486, 20
6487, 20
6488, 20
6489, 20
6490, 20
6491, 20
6492, 20
6493, 20
6494, 20
6495, 20
6496, 20
6497, 20
6498, 20
6499, 20
6500, 20
6501, 20
6502, 20
6503, 20
6504, 20
6505, 20
6506, 20
6507, 20
6508, 20
6509, 20
6510, 20
6511, 20
6512, 20
6513, 20
6514, 20
6515, 20
6516, 20
6517, 20
6518, 20
6519, 20
6520, 20
6521, 20
6522, 20
6523, 20
6524, 20
6525, 20
6526, 20
6527, 20
6528, 20
6529, 20
6530, 20
6531, 20
6532, 20
6533, 20
6534, 20
6535, 20
6536, 20
6537, 20
6538, 20
6539, 20
6540, 20
6541, 20
6542, 20
6543, 20
6544, 20
6545, 20
6546, 20
6547, 20
6548, 20
6549, 20
6550, 20
6551, 20
6552, 20
6553, 20
6554, 20
6555, 20
6556, 20
6557, 20
6558, 20
6559, 20
6560, 20
6561, 20
6562, 20
6563, 20
6564, 20
6565, 20
6566, 20
6567, 20
6568, 20
6569, 20
6570, 20
6571, 20
6572, 20
6573, 20
6574, 20
6575, 20
6576, 20
6577, 20
6578, 20
6579, 20
6580, 20
6581, 20
6582, 20
6583, 20
6584, 20
6585, 20
6586, 20
6587, 20
6588, 20
6589, 20
6590, 20
6591, 20
6592, 20
6593, 20
6594, 20
6595, 20
6596, 20
6597, 20
6598, 20
6599, 20
6600, 20
6601, 20
6602, 20
6603, 20
6604, 20
6605, 20
6606, 20
6607, 20
6608, 20
6609, 20
6610, 20
6611, 20
6612, 20
6613, 20
6614, 20
6615, 20
6616, 20
6617, 20
6618, 20
6619, 20
6620, 20
6621, 20
6622, 20
6623, 20
6624, 20
6625, 20
6626, 20
6627, 20
6628, 20
6629, 20
6630, 20
6631, 20
6632, 20
6633, 20
6634, 20
6635, 20
6636, 20
6637, 20
6638, 20
6639, 20
6640, 20
6641, 20
6642, 20
6643, 20
6644, 20
6645, 20
6646, 20
6647, 20
6648, 20
6649, 20
6650, 20
6651, 20
6652, 20
6653, 20
6654, 20
6655, 20
6656, 20
6657, 20
6658, 20
6659, 20
6660, 20
6661, 20
6662, 20
6663, 20
6664, 20
6665, 20
6666, 20
6667, 20
6668, 20
6669, 20
6670, 20
6671, 20
6672, 20
6673, 20
6674, 20
6675, 20
6676, 20
6677, 20
6678, 20
6679, 20
6680, 20
6681, 20
6682, 20
6683, 20
6684, 20
6685, 20
6686, 20
6687, 20
6688, 20
6689, 20
6690, 20
6691, 20
6692, 20
6693, 20
6694, 20
6695, 20
6696, 20
6697, 20
6698, 20
6699, 20
6700, 20
6701, 20
6702, 20
6703, 20
6704, 20
6705, 20
6706, 20
6707, 20
6708, 20
6709, 20
6710, 20
6711, 20
6712, 20
6713, 20
6714, 20
6715, 20
6716, 20
6717, 20
6718, 20
6719, 20
6720, 20
6721, 20
6722, 20
6723, 20
6724, 20
6725, 20
6726, 20
6727, 20
6728, 20
6729, 20
6730, 20
6731, 20
6732, 20
6733, 20
6734, 20
6735, 20
6736, 20
6737, 20
6738, 20
6739, 20
6740, 20
6741, 20
6742, 20
6743, 20
6744, 20
6745, 20
6746, 20
6747, 20
6748, 20
6749, 20
6750, 20
6751, 20
6752, 20
6753, 20
6754, 20
6755, 20
6756, 20
6757, 20
6758, 20
6759, 20
6760, 20
6761, 20
6762, 20
6763, 20
6764, 20
6765, 20
6766, 20
6767, 20
6768, 20
6769, 20
6770, 20
6771, 20
6772, 20
6773, 20
6774, 20
6775, 20
6776, 20
6777, 20
6778, 20
6779, 20
6780, 20
6781, 20
6782, 20
6783, 20
6784, 20
6785, 20
6786, 20
6787, 20
6788, 20
6789, 20
6790, 20
6791, 20
6792, 20
6793, 20
6794, 20
6795, 20
6796, 20
6797, 20
6798, 20
6799, 20
6800, 20
6801, 20
6802, 20
6803, 20
6804, 20
6805, 20
6806, 20
6807, 20
6808, 20
6809, 20
6810, 20
6811, 20
6812, 20
6813, 20
6814, 20
6815, 20
6816, 20
6817, 20
6818, 20
6819, 20
6820, 20
6821, 20
6822, 20
6823, 20
6824, 20
6825, 20
6826, 20
6827, 20
6828, 20
6829, 20
6830, 20
6831, 20
6832, 20
6833, 20
6834, 20
6835, 20
6836, 20
6837, 20
6838, 20
6839, 20
6840, 20
6841, 20
6842, 20
6843, 20
6844, 20
6845, 20
6846, 20
6847, 20
6848, 20
6849, 20
6850, 20
6851, 20
6852, 20
6853, 20
6854, 20
6855, 20
6856, 20
6857, 20
6858, 20
6859, 20
6860, 20
6861, 20
6862, 20
6863, 20
6864, 20
6865, 20
6866, 20
6867, 20
6868, 20
6869, 20
6870, 20
6871, 20
6872, 20
6873, 20
6874, 20
6875, 20
6876, 20
6877, 20
6878, 20
6879, 20
6880, 20
6881, 20
6882, 20
6883, 20
6884, 20
6885, 20
6886, 20
6887, 20
6888, 20
6889, 20
6890, 20
6891, 20
6892, 20
6893, 20
6894, 20
6895, 20
6896, 20
6897, 20
6898, 20
6899, 20
6900, 20
6901, 20
6902, 20
6903, 20
6904, 20
6905, 20
6906, 20
6907, 20
6908, 20
6909, 20
6910, 20
6911, 20
6912, 20
6913, 20
6914, 20
6915, 20
6916, 20
6917, 20
6918, 20
6919, 20
6920, 20
6921, 20
6922, 20
6923, 20
6924, 20
6925, 20
6926, 20
6927, 20
6928, 20
6929, 20
6930, 20
6931, 20
6932, 20
6933, 20
6934, 20
6935, 20
6936, 20
6937, 20
6938, 20
6939, 20
6940, 20
6941, 20
6942, 20
6943, 20
6944, 20
6945, 20
6946, 20
6947, 20
6948, 20
6949, 20
6950, 20
6951, 20
6952, 20
6953, 20
6954, 20
6955, 20
6956, 20
6957, 20
6958, 20
6959, 20
6960, 20
6961, 20
6962, 20
6963, 20
6964, 20
6965, 20
6966, 20
6967, 20
6968, 20
6969, 20
6970, 20
6971, 20
6972, 20
6973, 20
6974, 20
6975, 20
6976, 20
6977, 20
6978, 20
6979, 20
6980, 20
6981, 20
6982, 20
6983, 20
6984, 20
6985, 20
6986, 20
6987, 20
6988, 20
6989, 20
6990, 20
6991, 20
6992, 20
6993, 20
6994, 20
6995, 20
6996, 20
6997, 20
6998, 20
6999, 20
7000, 20
7001, 20
7002, 20
7003, 20
7004, 20
7005, 20
7006, 20
7007, 20
7008, 20
7009, 20
7010, 20
7011, 20
7012, 20
7013, 20
7014, 20
7015, 20
7016, 20
7017, 20
7018, 20
7019, 20
7020, 20
7021, 20
7022, 20
7023, 20
7024, 20
7025, 20
7026, 20
7027, 20
7028, 20
7029, 20
7030, 20
7031, 20
7032, 20
7033, 20
7034, 20
7035, 20
7036, 20
7037, 20
7038, 20
7039, 20
7040, 20
7041, 20
7042, 20
7043, 20
7044, 20
7045, 20
7046, 20
7047, 20
7048, 20
7049, 20
7050, 20
7051, 20
7052, 20
7053, 20
7054, 20
7055, 20
7056, 20
7057, 20
7058, 20
7059, 20
7060, 20
7061, 20
7062, 20
7063, 20
7064, 20
7065, 20
7066, 20
7067, 20
7068, 20
7069, 20
7070, 20
7071, 20
7072, 20
7073, 20
7074, 20
7075, 20
7076, 20
7077, 20
7078, 20
7079, 20
7080, 20
7081, 20
7082, 20
7083, 20
7084, 20
7085, 20
7086, 20
7087, 20
7088, 20
7089, 20
7090, 20
7091, 20
7092, 20
7093, 20
7094, 20
7095, 20
7096, 20
7097, 20
7098, 20
7099, 20
7100, 20
7101, 20
7102, 20
7103, 20
7104, 20
7105, 20
7106, 20
7107, 20
7108, 20
7109, 20
7110, 20
7111, 20
7112, 20
7113, 20
7114, 20
7115, 20
7116, 20
7117, 20
7118, 20
7119, 20
7120, 20
7121, 20
7122, 20
7123, 20
7124, 20
7125, 20
7126, 20
7127, 20
7128, 20
7129, 20
7130, 20
7131, 20
7132, 20
7133, 20
7134, 20
7135, 20
7136, 20
7137, 20
7138, 20
7139, 20
7140, 20
7141, 20
7142, 20
7143, 20
7144, 20
7145, 20
7146, 20
7147, 20
7148, 20
7149, 20
7150, 20
7151, 20
7152, 20
7153, 20
7154, 20
7155, 20
7156, 20
7157, 20
7158, 20
7159, 20
7160, 20
7161, 20
7162, 20
7163, 20
7164, 20
7165, 20
7166, 20
7167, 20
7168, 20
7169, 20
7170, 20
7171, 20
7172, 20
7173, 20
7174, 20
7175, 20
7176, 20
7177, 20
7178, 20
7179, 20
7180, 20
7181, 20
7182, 20
7183, 20
7184, 20
7185, 20
7186, 20
7187, 20
7188, 20
7189, 20
7190, 20
7191, 20
7192, 20
7193, 20
7194, 20
7195, 20
7196, 20
7197, 20
7198, 20
7199, 20
7200, 20
7201, 20
7202, 20
7203, 20
7204, 20
7205, 20
7206, 20
7207, 20
7208, 20
7209, 20
7210, 20
7211, 20
7212, 20
7213, 20
7214, 20
7215, 20
7216, 20
7217, 20
7218, 20
7219, 20
7220, 20
7221, 20
7222, 20
7223, 20
7224, 20
7225, 20
7226, 20
7227, 20
7228, 20
7229, 20
7230, 20
7231, 20
7232, 20
7233, 20
7234, 20
7235, 20
7236, 20
7237, 20
7238, 20
7239, 20
7240, 20
7241, 20
7242, 20
7243, 20
7244, 20
7245, 20
7246, 20
7247, 20
7248, 20
7249, 20
7250, 20
7251, 20
7252, 20
7253, 20
7254, 20
7255, 20
7256, 20
7257, 20
7258, 20
7259, 20
7260, 20
7261, 20
7262, 20
7263, 20
7264, 20
7265, 20
7266, 20
7267, 20
7268, 20
7269, 20
7270, 20
7271, 20
7272, 20
7273, 20
7274, 20
7275, 20
7276, 20
7277, 20
7278, 20
7279, 20
7280, 20
7281, 20
7282, 20
7283, 20
7284, 20
7285, 20
7286, 20
7287, 20
7288, 20
7289, 20
7290, 20
7291, 20
7292, 20
7293, 20
7294, 20
7295, 20
7296, 20
7297, 20
7298, 20
7299, 20
7300, 20
7301, 20
7302, 20
7303, 20
7304, 20
7305, 20
7306, 20
7307, 20
7308, 20
7309, 20
7310, 20
7311, 20
7312, 20
7313, 20
7314, 20
7315, 20
7316, 20
7317, 20
7318, 20
7319, 20
7320, 20
7321, 20
7322, 20
7323, 20
7324, 20
7325, 20
7326, 20
7327, 20
7328, 20
7329, 20
7330, 20
7331, 20
7332, 20
7333, 20
7334, 20
7335, 20
7336, 20
7337, 20
7338, 20
7339, 20
7340, 20
7341, 20
7342, 20
7343, 20
7344, 20
7345, 20
7346, 20
7347, 20
7348, 20
7349, 20
7350, 20
7351, 20
7352, 20
7353, 20
7354, 20
7355, 20
7356, 20
7357, 20
7358, 20
7359, 20
7360, 20
7361, 20
7362, 20
7363, 20
7364, 20
7365, 20
7366, 20
7367, 20
7368, 20
7369, 20
7370, 20
7371, 20
7372, 20
7373, 20
7374, 20
7375, 20
7376, 20
7377, 20
7378, 20
7379, 20
7380, 20
7381, 20
7382, 20
7383, 20
7384, 20
7385, 20
7386, 20
7387, 20
7388, 20
7389, 20
7390, 20
7391, 20
7392, 20
7393, 20
7394, 20
7395, 20
7396, 20
7397, 20
7398, 20
7399, 20
7400, 20
7401, 20
7402, 20
7403, 20
7404, 20
7405, 20
7406, 20
7407, 20
7408, 20
7409, 20
7410, 20
7411, 20
7412, 20
7413, 20
7414, 20
7415, 20
7416, 20
7417, 20
7418, 20
7419, 20
7420, 20
7421, 20
7422, 20
7423, 20
7424, 20
7425, 20
7426, 20
7427, 20
7428, 20
7429, 20
7430, 20
7431, 20
7432, 20
7433, 20
7434, 20
7435, 20
7436, 20
7437, 20
7438, 20
7439, 20
7440, 20
7441, 20
7442, 20
7443, 20
7444, 20
7445, 20
7446, 20
7447, 20
7448, 20
7449, 20
7450, 20
7451, 20
7452, 20
7453, 20
7454, 20
7455, 20
7456, 20
7457, 20
7458, 20
7459, 20
7460, 20
7461, 20
7462, 20
7463, 20
7464, 20
7465, 20
7466, 20
7467, 20
7468, 20
7469, 20
7470, 20
7471, 20
7472, 20
7473, 20
7474, 20
7475, 20
7476, 20
7477, 20
7478, 20
7479, 20
7480, 20
7481, 20
7482, 20
7483, 20
7484, 20
7485, 20
7486, 20
7487, 20
7488, 20
7489, 20
7490, 20
7491, 20
7492, 20
7493, 20
7494, 20
7495, 20
7496, 20
7497, 20
7498, 20
7499, 20
7500, 20
7501, 20
7502, 20
7503, 20
7504, 20
7505, 20
7506, 20
7507, 20
7508, 20
7509, 20
7510, 20
7511, 20
7512, 20
7513, 20
7514, 20
7515, 20
7516, 20
7517, 20
7518, 20
7519, 20
7520, 20
7521, 20
7522, 20
7523, 20
7524, 20
7525, 20
7526, 20
7527, 20
7528, 20
7529, 20
7530, 20
7531, 20
7532, 20
7533, 20
7534, 20
7535, 20
7536, 20
7537, 20
7538, 20
7539, 20
7540, 20
7541, 20
7542, 20
7543, 20
7544, 20
7545, 20
7546, 20
7547, 20
7548, 20
7549, 20
7550, 20
7551, 20
7552, 20
7553, 20
7554, 20
7555, 20
7556, 20
7557, 20
7558, 20
7559, 20
7560, 20
7561, 20
7562, 20
7563, 20
7564, 20
7565, 20
7566, 20
7567, 20
7568, 20
7569, 20
7570, 20
7571, 20
7572, 20
7573, 20
7574, 20
7575, 20
7576, 20
7577, 20
7578, 20
7579, 20
7580, 20
7581, 20
7582, 20
7583, 20
7584, 20
7585, 20
7586, 20
7587, 20
7588, 20
7589, 20
7590, 20
7591, 20
7592, 20
7593, 20
7594, 20
7595, 20
7596, 20
7597, 20
7598, 20
7599, 20
7600, 20
7601, 20
7602, 20
7603, 20
7604, 20
7605, 20
7606, 20
7607, 20
7608, 20
7609, 20
7610, 20
7611, 20
7612, 20
7613, 20
7614, 20
7615, 20
7616, 20
7617, 20
7618, 20
7619, 20
7620, 20
7621, 20
7622, 20
7623, 20
7624, 20
7625, 20
7626, 20
7627, 20
7628, 20
7629, 20
7630, 20
7631, 20
7632, 20
7633, 20
7634, 20
7635, 20
7636, 20
7637, 20
7638, 20
7639, 20
7640, 20
7641, 20
7642, 20
7643, 20
7644, 20
7645, 20
7646, 20
7647, 20
7648, 20
7649, 20
7650, 20
7651, 20
7652, 20
7653, 20
7654, 20
7655, 20
7656, 20
7657, 20
7658, 20
7659, 20
7660, 20
7661, 20
7662, 20
7663, 20
7664, 20
7665, 20
7666, 20
7667, 20
7668, 20
7669, 20
7670, 20
7671, 20
7672, 20
7673, 20
7674, 20
7675, 20
7676, 20
7677, 20
7678, 20
7679, 20
7680, 20
7681, 20
7682, 20
7683, 20
7684, 20
7685, 20
7686, 20
7687, 20
7688, 20
7689, 20
7690, 20
7691, 20
7692, 20
7693, 20
7694, 20
7695, 20
7696, 20
7697, 20
7698, 20
7699, 20
7700, 20
7701, 20
7702, 20
7703, 20
7704, 20
7705, 20
7706, 20
7707, 20
7708, 20
7709, 20
7710, 20
7711, 20
7712, 20
7713, 20
7714, 20
7715, 20
7716, 20
7717, 20
7718, 20
7719, 20
7720, 20
7721, 20
7722, 20
7723, 20
7724, 20
7725, 20
7726, 20
7727, 20
7728, 20
7729, 20
7730, 20
7731, 20
7732, 20
7733, 20
7734, 20
7735, 20
7736, 20
7737, 20
7738, 20
7739, 20
7740, 20
7741, 20
7742, 20
7743, 20
7744, 20
7745, 20
7746, 20
7747, 20
7748, 20
7749, 20
7750, 20
7751, 20
7752, 20
7753, 20
7754, 20
7755, 20
7756, 20
7757, 20
7758, 20
7759, 20
7760, 20
7761, 20
7762, 20
7763, 20
7764, 20
7765, 20
7766, 20
7767, 20
7768, 20
7769, 20
7770, 20
7771, 20
7772, 20
7773, 20
7774, 20
7775, 20
7776, 20
7777, 20
7778, 20
7779, 20
7780, 20
7781, 20
7782, 20
7783, 20
7784, 20
7785, 20
7786, 20
7787, 20
7788, 20
7789, 20
7790, 20
7791, 20
7792, 20
7793, 20
7794, 20
7795, 20
7796, 20
7797, 20
7798, 20
7799, 20
7800, 20
7801, 20
7802, 20
7803, 20
7804, 20
7805, 20
7806, 20
7807, 20
7808, 20
7809, 20
7810, 20
7811, 20
7812, 20
7813, 20
7814, 20
7815, 20
7816, 20
7817, 20
7818, 20
7819, 20
7820, 20
7821, 20
7822, 20
7823, 20
7824, 20
7825, 20
7826, 20
7827, 20
7828, 20
7829, 20
7830, 20
7831, 20
7832, 20
7833, 20
7834, 20
7835, 20
7836, 20
7837, 20
7838, 20
7839, 20
7840, 20
7841, 20
7842, 20
7843, 20
7844, 20
7845, 20
7846, 20
7847, 20
7848, 20
7849, 20
7850, 20
7851, 20
7852, 20
7853, 20
7854, 20
7855, 20
7856, 20
7857, 20
7858, 20
7859, 20
7860, 20
7861, 20
7862, 20
7863, 20
7864, 20
7865, 20
7866, 20
7867, 20
7868, 20
7869, 20
7870, 20
7871, 20
7872, 20
7873, 20
7874, 20
7875, 20
7876, 20
7877, 20
7878, 20
7879, 20
7880, 20
7881, 20
7882, 20
7883, 20
7884, 20
7885, 20
7886, 20
7887, 20
7888, 20
7889, 20
7890, 20
7891, 20
7892, 20
7893, 20
7894, 20
7895, 20
7896, 20
7897, 20
7898, 20
7899, 20
7900, 20
7901, 20
7902, 20
7903, 20
7904, 20
7905, 20
7906, 20
7907, 20
7908, 20
7909, 20
7910, 20
7911, 20
7912, 20
7913, 20
7914, 20
7915, 20
7916, 20
7917, 20
7918, 20
7919, 20
7920, 20
7921, 20
7922, 20
7923, 20
7924, 20
7925, 20
7926, 20
7927, 20
7928, 20
7929, 20
7930, 20
7931, 20
7932, 20
7933, 20
7934, 20
7935, 20
7936, 20
7937, 20
7938, 20
7939, 20
7940, 20
7941, 20
7942, 20
7943, 20
7944, 20
7945, 20
7946, 20
7947, 20
7948, 20
7949, 20
7950, 20
7951, 20
7952, 20
7953, 20
7954, 20
7955, 20
7956, 20
7957, 20
7958, 20
7959, 20
7960, 20
7961, 20
7962, 20
7963, 20
7964, 20
7965, 20
7966, 20
7967, 20
7968, 20
7969, 20
7970, 20
7971, 20
7972, 20
7973, 20
7974, 20
7975, 20
7976, 20
7977, 20
7978, 20
7979, 20
7980, 20
7981, 20
7982, 20
7983, 20
7984, 20
7985, 20
7986, 20
7987, 20
7988, 20
7989, 20
7990, 20
7991, 20
7992, 20
7993, 20
7994, 20
7995, 20
7996, 20
7997, 20
7998, 20
7999, 20
8000, 20
8001, 20
8002, 20
8003, 20
8004, 20
8005, 20
8006, 20
8007, 20
8008, 20
8009, 20
8010, 20
8011, 20
8012, 20
8013, 20
8014, 20
8015, 20
8016, 20
8017, 20
8018, 20
8019, 20
8020, 20
8021, 20
8022, 20
8023, 20
8024, 20
8025, 20
8026, 20
8027, 20
8028, 20
8029, 20
8030, 20
8031, 20
8032, 20
8033, 20
8034, 20
8035, 20
8036, 20
8037, 20
8038, 20
8039, 20
8040, 20
8041, 20
8042, 20
8043, 20
8044, 20
8045, 20
8046, 20
8047, 20
8048, 20
8049, 20
8050, 20
8051, 20
8052, 20
8053, 20
8054, 20
8055, 20
8056, 20
8057, 20
8058, 20
8059, 20
8060, 20
8061, 20
8062, 20
8063, 20
8064, 20
8065, 20
8066, 20
8067, 20
8068, 20
8069, 20
8070, 20
8071, 20
8072, 20
8073, 20
8074, 20
8075, 20
8076, 20
8077, 20
8078, 20
8079, 20
8080, 20
8081, 20
8082, 20
8083, 20
8084, 20
8085, 20
8086, 20
8087, 20
8088, 20
8089, 20
8090, 20
8091, 20
8092, 20
8093, 20
8094, 20
8095, 20
8096, 20
8097, 20
8098, 20
8099, 20
8100, 20
8101, 20
8102, 20
8103, 20
8104, 20
8105, 20
8106, 20
8107, 20
8108, 20
8109, 20
8110, 20
8111, 20
8112, 20
8113, 20
8114, 20
8115, 20
8116, 20
8117, 20
8118, 20
8119, 20
8120, 20
8121, 20
8122, 20
8123, 20
8124, 20
8125, 20
8126, 20
8127, 20
8128, 20
8129, 20
8130, 20
8131, 20
8132, 20
8133, 20
8134, 20
8135, 20
8136, 20
8137, 20
8138, 20
8139, 20
8140, 20
8141, 20
8142, 20
8143, 20
8144, 20
8145, 20
8146, 20
8147, 20
8148, 20
8149, 20
8150, 20
8151, 20
8152, 20
8153, 20
8154, 20
8155, 20
8156, 20
8157, 20
8158, 20
8159, 20
8160, 20
8161, 20
8162, 20
8163, 20
8164, 20
8165, 20
8166, 20
8167, 20
8168, 20
8169, 20
8170, 20
8171, 20
8172, 20
8173, 20
8174, 20
8175, 20
8176, 20
8177, 20
8178, 20
8179, 20
8180, 20
8181, 20
8182, 20
8183, 20
8184, 20
8185, 20
8186, 20
8187, 20
8188, 20
8189, 20
8190, 20
8191, 20
8192, 20
8193, 20
8194, 20
8195, 20
8196, 20
8197, 20
8198, 20
8199, 20
8200, 20
8201, 20
8202, 20
8203, 20
8204, 20
8205, 20
8206, 20
8207, 20
8208, 20
8209, 20
8210, 20
8211, 20
8212, 20
8213, 20
8214, 20
8215, 20
8216, 20
8217, 20
8218, 20
8219, 20
8220, 20
8221, 20
8222, 20
8223, 20
8224, 20
8225, 20
8226, 20
8227, 20
8228, 20
8229, 20
8230, 20
8231, 20
8232, 20
8233, 20
8234, 20
8235, 20
8236, 20
8237, 20
8238, 20
8239, 20
8240, 20
8241, 20
8242, 20
8243, 20
8244, 20
8245, 20
8246, 20
8247, 20
8248, 20
8249, 20
8250, 20
8251, 20
8252, 20
8253, 20
8254, 20
8255, 20
8256, 20
8257, 20
8258, 20
8259, 20
8260, 20
8261, 20
8262, 20
8263, 20
8264, 20
8265, 20
8266, 20
8267, 20
8268, 20
8269, 20
8270, 20
8271, 20
8272, 20
8273, 20
8274, 20
8275, 20
8276, 20
8277, 20
8278, 20
8279, 20
8280, 20
8281, 20
8282, 20
8283, 20
8284, 20
8285, 20
8286, 20
8287, 20
8288, 20
8289, 20
8290, 20
8291, 20
8292, 20
8293, 20
8294, 20
8295, 20
8296, 20
8297, 20
8298, 20
8299, 20
8300, 20
8301, 20
8302, 20
8303, 20
8304, 20
8305, 20
8306, 20
8307, 20
8308, 20
8309, 20
8310, 20
8311, 20
8312, 20
8313, 20
8314, 20
8315, 20
8316, 20
8317, 20
8318, 20
8319, 20
8320, 20
8321, 20
8322, 20
8323, 20
8324, 20
8325, 20
8326, 20
8327, 20
8328, 20
8329, 20
8330, 20
8331, 20
8332, 20
8333, 20
8334, 20
8335, 20
8336, 20
8337, 20
8338, 20
8339, 20
8340, 20
8341, 20
8342, 20
8343, 20
8344, 20
8345, 20
8346, 20
8347, 20
8348, 20
8349, 20
8350, 20
8351, 20
8352, 20
8353, 20
8354, 20
8355, 20
8356, 20
8357, 20
8358, 20
8359, 20
8360, 20
8361, 20
8362, 20
8363, 20
8364, 20
8365, 20
8366, 20
8367, 20
8368, 20
8369, 20
8370, 20
8371, 20
8372, 20
8373, 20
8374, 20
8375, 20
8376, 20
8377, 20
8378, 20
8379, 20
8380, 20
8381, 20
8382, 20
8383, 20
8384, 20
8385, 20
8386, 20
8387, 20
8388, 20
8389, 20
8390, 20
8391, 20
8392, 20
8393, 20
8394, 20
8395, 20
8396, 20
8397, 20
8398, 20
8399, 20
8400, 20
8401, 20
8402, 20
8403, 20
8404, 20
8405, 20
8406, 20
8407, 20
8408, 20
8409, 20
8410, 20
8411, 20
8412, 20
8413, 20
8414, 20
8415, 20
8416, 20
8417, 20
8418, 20
8419, 20
8420, 20
8421, 20
8422, 20
8423, 20
8424, 20
8425, 20
8426, 20
8427, 20
8428, 20
8429, 20
8430, 20
8431, 20
8432, 20
8433, 20
8434, 20
8435, 20
8436, 20
8437, 20
8438, 20
8439, 20
8440, 20
8441, 20
8442, 20
8443, 20
8444, 20
8445, 20
8446, 20
8447, 20
8448, 20
8449, 20
8450, 20
8451, 20
8452, 20
8453, 20
8454, 20
8455, 20
8456, 20
8457, 20
8458, 20
8459, 20
8460, 20
8461, 20
8462, 20
8463, 20
8464, 20
8465, 20
8466, 20
8467, 20
8468, 20
8469, 20
8470, 20
8471, 20
8472, 20
8473, 20
8474, 20
8475, 20
8476, 20
8477, 20
8478, 20
8479, 20
8480, 20
8481, 20
8482, 20
8483, 20
8484, 20
8485, 20
8486, 20
8487, 20
8488, 20
8489, 20
8490, 20
8491, 20
8492, 20
8493, 20
8494, 20
8495, 20
8496, 20
8497, 20
8498, 20
8499, 20
8500, 20
8501, 20
8502, 20
8503, 20
8504, 20
8505, 20
8506, 20
8507, 20
8508, 20
8509, 20
8510, 20
8511, 20
8512, 20
8513, 20
8514, 20
8515, 20
8516, 20
8517, 20
8518, 20
8519, 20
8520, 20
8521, 20
8522, 20
8523, 20
8524, 20
8525, 20
8526, 20
8527, 20
8528, 20
8529, 20
8530, 20
8531, 20
8532, 20
8533, 20
8534, 20
8535, 20
8536, 20
8537, 20
8538, 20
8539, 20
8540, 20
8541, 20
8542, 20
8543, 20
8544, 20
8545, 20
8546, 20
8547, 20
8548, 20
8549, 20
8550, 20
8551, 20
8552, 20
8553, 20
8554, 20
8555, 20
8556, 20
8557, 20
8558, 20
8559, 20
8560, 20
8561, 20
8562, 20
8563, 20
8564, 20
8565, 20
8566, 20
8567, 20
8568, 20
8569, 20
8570, 20
8571, 20
8572, 20
8573, 20
8574, 20
8575, 20
8576, 20
8577, 20
8578, 20
8579, 20
8580, 20
8581, 20
8582, 20
8583, 20
8584, 20
8585, 20
8586, 20
8587, 20
8588, 20
8589, 20
8590, 20
8591, 20
8592, 20
8593, 20
8594, 20
8595, 20
8596, 20
8597, 20
8598, 20
8599, 20
8600, 20
8601, 20
8602, 20
8603, 20
8604, 20
8605, 20
8606, 20
8607, 20
8608, 20
8609, 20
8610, 20
8611, 20
8612, 20
8613, 20
8614, 20
8615, 20
8616, 20
8617, 20
8618, 20
8619, 20
8620, 20
8621, 20
8622, 20
8623, 20
8624, 20
8625, 20
8626, 20
8627, 20
8628, 20
8629, 20
8630, 20
8631, 20
8632, 20
8633, 20
8634, 20
8635, 20
8636, 20
8637, 20
8638, 20
8639, 20
8640, 20
8641, 20
8642, 20
8643, 20
8644, 20
8645, 20
8646, 20
8647, 20
8648, 20
8649, 20
8650, 20
8651, 20
8652, 20
8653, 20
8654, 20
8655, 20
8656, 20
8657, 20
8658, 20
8659, 20
8660, 20
8661, 20
8662, 20
8663, 20
8664, 20
8665, 20
8666, 20
8667, 20
8668, 20
8669, 20
8670, 20
8671, 20
8672, 20
8673, 20
8674, 20
8675, 20
8676, 20
8677, 20
8678, 20
8679, 20
8680, 20
8681, 20
8682, 20
8683, 20
8684, 20
8685, 20
8686, 20
8687, 20
8688, 20
8689, 20
8690, 20
8691, 20
8692, 20
8693, 20
8694, 20
8695, 20
8696, 20
8697, 20
8698, 20
8699, 20
8700, 20
8701, 20
8702, 20
8703, 20
8704, 20
8705, 20
8706, 20
8707, 20
8708, 20
8709, 20
8710, 20
8711, 20
8712, 20
8713, 20
8714, 20
8715, 20
8716, 20
8717, 20
8718, 20
8719, 20
8720, 20
8721, 20
8722, 20
8723, 20
8724, 20
8725, 20
8726, 20
8727, 20
8728, 20
8729, 20
8730, 20
8731, 20
8732, 20
8733, 20
8734, 20
8735, 20
8736, 20
8737, 20
8738, 20
8739, 20
8740, 20
8741, 20
8742, 20
8743, 20
8744, 20
8745, 20
8746, 20
8747, 20
8748, 20
8749, 20
8750, 20
8751, 20
8752, 20
8753, 20
8754, 20
8755, 20
8756, 20
8757, 20
8758, 20
8759, 20
8760, 20
