T, PV
1, 0
2, 0
3, 0
4, 0
5, 0
6, 0
7, 0
8, 0
9, 0.02
10, 0.08
11, 0.16
12, 0.2
13, 0.22
14, 0.18
15, 0.1
16, 0.02
17, 0
18, 0
19, 0
20, 0
21, 0
22, 0
23, 0
24, 0
25, 0
26, 0
27, 0
28, 0
29, 0
30, 0
31, 0
32, 0
33, 0
34, 0.06
35, 0.14
36, 0.24
37, 0.28
38, 0.3
39, 0.16
40, 0.04
41, 0
42, 0
43, 0
44, 0
45, 0
46, 0
47, 0
48, 0
49, 0
50, 0
51, 0
52, 0
53, 0
54, 0
55, 0
56, 0
57, 0
58, 0
59, 0.02
60, 0.02
61, 0.02
62, 0.02
63, 0.02
64, 0
65, 0
66, 0
67, 0
68, 0
69, 0
70, 0
71, 0
72, 0
73, 0
74, 0
75, 0
76, 0
77, 0
78, 0
79, 0
80, 0
81, 0
82, 0.06
83, 0.1
84, 0.1
85, 0.08
86, 0.02
87, 0.02
88, 0
89, 0
90, 0
91, 0
92, 0
93, 0
94, 0
95, 0
96, 0
97, 0
98, 0
99, 0
100, 0
101, 0
102, 0
103, 0
104, 0
105, 0
106, 0
107, 0.02
108, 0.02
109, 0.02
110, 0.02
111, 0.02
112, 0
113, 0
114, 0
115, 0
116, 0
117, 0
118, 0
119, 0
120, 0
121, 0
122, 0
123, 0
124, 0
125, 0
126, 0
127, 0
128, 0
129, 0
130, 0.02
131, 0.04
132, 0.06
133, 0.04
134, 0.02
135, 0.02
136, 0
137, 0
138, 0
139, 0
140, 0
141, 0
142, 0
143, 0
144, 0
145, 0
146, 0
147, 0
148, 0
149, 0
150, 0
151, 0
152, 0
153, 0
154, 0
155, 0.02
156, 0.04
157, 0.06
158, 0.16
159, 0.12
160, 0.04
161, 0
162, 0
163, 0
164, 0
165, 0
166, 0
167, 0
168, 0
169, 0
170, 0
171, 0
172, 0
173, 0
174, 0
175, 0
176, 0
177, 0
178, 0.02
179, 0.04
180, 0.04
181, 0.04
182, 0.04
183, 0.02
184, 0.02
185, 0
186, 0
187, 0
188, 0
189, 0
190, 0
191, 0
192, 0
193, 0
194, 0
195, 0
196, 0
197, 0
198, 0
199, 0
200, 0
201, 0
202, 0
203, 0.02
204, 0.02
205, 0.04
206, 0.06
207, 0.06
208, 0.02
209, 0
210, 0
211, 0
212, 0
213, 0
214, 0
215, 0
216, 0
217, 0
218, 0
219, 0
220, 0
221, 0
222, 0
223, 0
224, 0
225, 0
226, 0.04
227, 0.08
228, 0.12
229, 0.14
230, 0.16
231, 0.12
232, 0.06
233, 0
234, 0
235, 0
236, 0
237, 0
238, 0
239, 0
240, 0
241, 0
242, 0
243, 0
244, 0
245, 0
246, 0
247, 0
248, 0
249, 0
250, 0.06
251, 0.1
252, 0.18
253, 0.2
254, 0.16
255, 0.12
256, 0.06
257, 0
258, 0
259, 0
260, 0
261, 0
262, 0
263, 0
264, 0
265, 0
266, 0
267, 0
268, 0
269, 0
270, 0
271, 0
272, 0
273, 0
274, 0.06
275, 0.24
276, 0.32
277, 0.36
278, 0.3
279, 0.22
280, 0.12
281, 0
282, 0
283, 0
284, 0
285, 0
286, 0
287, 0
288, 0
289, 0
290, 0
291, 0
292, 0
293, 0
294, 0
295, 0
296, 0
297, 0
298, 0.04
299, 0.1
300, 0.16
301, 0.2
302, 0.18
303, 0.14
304, 0.06
305, 0
306, 0
307, 0
308, 0
309, 0
310, 0
311, 0
312, 0
313, 0
314, 0
315, 0
316, 0
317, 0
318, 0
319, 0
320, 0
321, 0
322, 0.02
323, 0.06
324, 0.1
325, 0.1
326, 0.08
327, 0.06
328, 0.02
329, 0
330, 0
331, 0
332, 0
333, 0
334, 0
335, 0
336, 0
337, 0
338, 0
339, 0
340, 0
341, 0
342, 0
343, 0
344, 0
345, 0
346, 0.04
347, 0.18
348, 0.26
349, 0.3
350, 0.26
351, 0.16
352, 0.08
353, 0
354, 0
355, 0
356, 0
357, 0
358, 0
359, 0
360, 0
361, 0
362, 0
363, 0
364, 0
365, 0
366, 0
367, 0
368, 0
369, 0
370, 0.02
371, 0.02
372, 0.04
373, 0.04
374, 0.04
375, 0.02
376, 0.02
377, 0
378, 0
379, 0
380, 0
381, 0
382, 0
383, 0
384, 0
385, 0
386, 0
387, 0
388, 0
389, 0
390, 0
391, 0
392, 0
393, 0
394, 0
395, 0.02
396, 0.02
397, 0.02
398, 0.02
399, 0.02
400, 0
401, 0
402, 0
403, 0
404, 0
405, 0
406, 0
407, 0
408, 0
409, 0
410, 0
411, 0
412, 0
413, 0
414, 0
415, 0
416, 0
417, 0
418, 0
419, 0.02
420, 0.02
421, 0.02
422, 0.02
423, 0.02
424, 0
425, 0
426, 0
427, 0
428, 0
429, 0
430, 0
431, 0
432, 0
433, 0
434, 0
435, 0
436, 0
437, 0
438, 0
439, 0
440, 0
441, 0
442, 0
443, 0.02
444, 0.04
445, 0.04
446, 0.04
447, 0.04
448, 0.02
449, 0
450, 0
451, 0
452, 0
453, 0
454, 0
455, 0
456, 0
457, 0
458, 0
459, 0
460, 0
461, 0
462, 0
463, 0
464, 0
465, 0
466, 0.02
467, 0.02
468, 0.04
469, 0.06
470, 0.04
471, 0.04
472, 0.02
473, 0
474, 0
475, 0
476, 0
477, 0
478, 0
479, 0
480, 0
481, 0
482, 0
483, 0
484, 0
485, 0
486, 0
487, 0
488, 0
489, 0
490, 0
491, 0
492, 0.02
493, 0.02
494, 0.02
495, 0.02
496, 0
497, 0
498, 0
499, 0
500, 0
501, 0
502, 0
503, 0
504, 0
505, 0
506, 0
507, 0
508, 0
509, 0
510, 0
511, 0
512, 0
513, 0
514, 0
515, 0.02
516, 0.04
517, 0.04
518, 0.06
519, 0.04
520, 0.02
521, 0
522, 0
523, 0
524, 0
525, 0
526, 0
527, 0
528, 0
529, 0
530, 0
531, 0
532, 0
533, 0
534, 0
535, 0
536, 0
537, 0
538, 0.04
539, 0.06
540, 0.08
541, 0.1
542, 0.1
543, 0.1
544, 0.06
545, 0
546, 0
547, 0
548, 0
549, 0
550, 0
551, 0
552, 0
553, 0
554, 0
555, 0
556, 0
557, 0
558, 0
559, 0
560, 0
561, 0
562, 0.02
563, 0.04
564, 0.06
565, 0.08
566, 0.06
567, 0.04
568, 0.02
569, 0
570, 0
571, 0
572, 0
573, 0
574, 0
575, 0
576, 0
577, 0
578, 0
579, 0
580, 0
581, 0
582, 0
583, 0
584, 0
585, 0
586, 0.02
587, 0.06
588, 0.08
589, 0.1
590, 0.1
591, 0.08
592, 0.04
593, 0
594, 0
595, 0
596, 0
597, 0
598, 0
599, 0
600, 0
601, 0
602, 0
603, 0
604, 0
605, 0
606, 0
607, 0
608, 0
609, 0
610, 0.02
611, 0.08
612, 0.12
613, 0.14
614, 0.16
615, 0.16
616, 0.06
617, 0.02
618, 0
619, 0
620, 0
621, 0
622, 0
623, 0
624, 0
625, 0
626, 0
627, 0
628, 0
629, 0
630, 0
631, 0
632, 0
633, 0
634, 0.04
635, 0.08
636, 0.12
637, 0.12
638, 0.12
639, 0.08
640, 0.04
641, 0
642, 0
643, 0
644, 0
645, 0
646, 0
647, 0
648, 0
649, 0
650, 0
651, 0
652, 0
653, 0
654, 0
655, 0
656, 0
657, 0.02
658, 0.08
659, 0.14
660, 0.22
661, 0.26
662, 0.22
663, 0.18
664, 0.14
665, 0.02
666, 0
667, 0
668, 0
669, 0
670, 0
671, 0
672, 0
673, 0
674, 0
675, 0
676, 0
677, 0
678, 0
679, 0
680, 0
681, 0
682, 0.02
683, 0.04
684, 0.1
685, 0.12
686, 0.1
687, 0.06
688, 0.04
689, 0
690, 0
691, 0
692, 0
693, 0
694, 0
695, 0
696, 0
697, 0
698, 0
699, 0
700, 0
701, 0
702, 0
703, 0
704, 0
705, 0.02
706, 0.04
707, 0.18
708, 0.26
709, 0.24
710, 0.12
711, 0.08
712, 0.04
713, 0
714, 0
715, 0
716, 0
717, 0
718, 0
719, 0
720, 0
721, 0
722, 0
723, 0
724, 0
725, 0
726, 0
727, 0
728, 0
729, 0.06
730, 0.34
731, 0.36
732, 0.4
733, 0.44
734, 0.42
735, 0.3
736, 0.14
737, 0.02
738, 0
739, 0
740, 0
741, 0
742, 0
743, 0
744, 0
745, 0
746, 0
747, 0
748, 0
749, 0
750, 0
751, 0
752, 0
753, 0.02
754, 0.12
755, 0.18
756, 0.26
757, 0.24
758, 0.1
759, 0.06
760, 0.04
761, 0
762, 0
763, 0
764, 0
765, 0
766, 0
767, 0
768, 0
769, 0
770, 0
771, 0
772, 0
773, 0
774, 0
775, 0
776, 0
777, 0
778, 0.04
779, 0.06
780, 0.16
781, 0.22
782, 0.1
783, 0.08
784, 0.06
785, 0
786, 0
787, 0
788, 0
789, 0
790, 0
791, 0
792, 0
793, 0
794, 0
795, 0
796, 0
797, 0
798, 0
799, 0
800, 0
801, 0.02
802, 0.12
803, 0.16
804, 0.18
805, 0.22
806, 0.22
807, 0.18
808, 0.1
809, 0.02
810, 0
811, 0
812, 0
813, 0
814, 0
815, 0
816, 0
817, 0
818, 0
819, 0
820, 0
821, 0
822, 0
823, 0
824, 0
825, 0
826, 0.02
827, 0.04
828, 0.08
829, 0.1
830, 0.08
831, 0.06
832, 0.04
833, 0.02
834, 0
835, 0
836, 0
837, 0
838, 0
839, 0
840, 0
841, 0
842, 0
843, 0
844, 0
845, 0
846, 0
847, 0
848, 0
849, 0.02
850, 0.24
851, 0.38
852, 0.46
853, 0.38
854, 0.18
855, 0.16
856, 0.1
857, 0.02
858, 0
859, 0
860, 0
861, 0
862, 0
863, 0
864, 0
865, 0
866, 0
867, 0
868, 0
869, 0
870, 0
871, 0
872, 0
873, 0.04
874, 0.18
875, 0.32
876, 0.48
877, 0.48
878, 0.42
879, 0.32
880, 0.22
881, 0.08
882, 0
883, 0
884, 0
885, 0
886, 0
887, 0
888, 0
889, 0
890, 0
891, 0
892, 0
893, 0
894, 0
895, 0
896, 0
897, 0.02
898, 0.08
899, 0.14
900, 0.18
901, 0.18
902, 0.16
903, 0.14
904, 0.1
905, 0.04
906, 0
907, 0
908, 0
909, 0
910, 0
911, 0
912, 0
913, 0
914, 0
915, 0
916, 0
917, 0
918, 0
919, 0
920, 0
921, 0.02
922, 0.02
923, 0.08
924, 0.1
925, 0.12
926, 0.12
927, 0.12
928, 0.08
929, 0.02
930, 0
931, 0
932, 0
933, 0
934, 0
935, 0
936, 0
937, 0
938, 0
939, 0
940, 0
941, 0
942, 0
943, 0
944, 0
945, 0
946, 0.06
947, 0.1
948, 0.16
949, 0.18
950, 0.14
951, 0.12
952, 0.08
953, 0.04
954, 0
955, 0
956, 0
957, 0
958, 0
959, 0
960, 0
961, 0
962, 0
963, 0
964, 0
965, 0
966, 0
967, 0
968, 0
969, 0.04
970, 0.1
971, 0.18
972, 0.28
973, 0.36
974, 0.48
975, 0.42
976, 0.3
977, 0.1
978, 0
979, 0
980, 0
981, 0
982, 0
983, 0
984, 0
985, 0
986, 0
987, 0
988, 0
989, 0
990, 0
991, 0
992, 0
993, 0.04
994, 0.32
995, 0.46
996, 0.58
997, 0.5
998, 0.42
999, 0.32
1000, 0.22
1001, 0.08
1002, 0
1003, 0
1004, 0
1005, 0
1006, 0
1007, 0
1008, 0
1009, 0
1010, 0
1011, 0
1012, 0
1013, 0
1014, 0
1015, 0
1016, 0
1017, 0.04
1018, 0.08
1019, 0.12
1020, 0.14
1021, 0.16
1022, 0.12
1023, 0.08
1024, 0.04
1025, 0.02
1026, 0
1027, 0
1028, 0
1029, 0
1030, 0
1031, 0
1032, 0
1033, 0
1034, 0
1035, 0
1036, 0
1037, 0
1038, 0
1039, 0
1040, 0
1041, 0.02
1042, 0.06
1043, 0.12
1044, 0.18
1045, 0.18
1046, 0.18
1047, 0.12
1048, 0.08
1049, 0.04
1050, 0
1051, 0
1052, 0
1053, 0
1054, 0
1055, 0
1056, 0
1057, 0
1058, 0
1059, 0
1060, 0
1061, 0
1062, 0
1063, 0
1064, 0
1065, 0.06
1066, 0.16
1067, 0.28
1068, 0.34
1069, 0.38
1070, 0.38
1071, 0.34
1072, 0.2
1073, 0.08
1074, 0
1075, 0
1076, 0
1077, 0
1078, 0
1079, 0
1080, 0
1081, 0
1082, 0
1083, 0
1084, 0
1085, 0
1086, 0
1087, 0
1088, 0
1089, 0.06
1090, 0.14
1091, 0.26
1092, 0.34
1093, 0.4
1094, 0.36
1095, 0.26
1096, 0.14
1097, 0.04
1098, 0
1099, 0
1100, 0
1101, 0
1102, 0
1103, 0
1104, 0
1105, 0
1106, 0
1107, 0
1108, 0
1109, 0
1110, 0
1111, 0
1112, 0
1113, 0.02
1114, 0.06
1115, 0.12
1116, 0.14
1117, 0.16
1118, 0.12
1119, 0.1
1120, 0.06
1121, 0.02
1122, 0
1123, 0
1124, 0
1125, 0
1126, 0
1127, 0
1128, 0
1129, 0
1130, 0
1131, 0
1132, 0
1133, 0
1134, 0
1135, 0
1136, 0
1137, 0.02
1138, 0.06
1139, 0.1
1140, 0.14
1141, 0.14
1142, 0.12
1143, 0.1
1144, 0.06
1145, 0.04
1146, 0
1147, 0
1148, 0
1149, 0
1150, 0
1151, 0
1152, 0
1153, 0
1154, 0
1155, 0
1156, 0
1157, 0
1158, 0
1159, 0
1160, 0
1161, 0.04
1162, 0.12
1163, 0.24
1164, 0.3
1165, 0.32
1166, 0.3
1167, 0.2
1168, 0.12
1169, 0.06
1170, 0.02
1171, 0
1172, 0
1173, 0
1174, 0
1175, 0
1176, 0
1177, 0
1178, 0
1179, 0
1180, 0
1181, 0
1182, 0
1183, 0
1184, 0
1185, 0.04
1186, 0.08
1187, 0.12
1188, 0.14
1189, 0.12
1190, 0.1
1191, 0.08
1192, 0.06
1193, 0.02
1194, 0
1195, 0
1196, 0
1197, 0
1198, 0
1199, 0
1200, 0
1201, 0
1202, 0
1203, 0
1204, 0
1205, 0
1206, 0
1207, 0
1208, 0
1209, 0.04
1210, 0.08
1211, 0.16
1212, 0.22
1213, 0.24
1214, 0.16
1215, 0.14
1216, 0.08
1217, 0.04
1218, 0
1219, 0
1220, 0
1221, 0
1222, 0
1223, 0
1224, 0
1225, 0
1226, 0
1227, 0
1228, 0
1229, 0
1230, 0
1231, 0
1232, 0
1233, 0.04
1234, 0.14
1235, 0.28
1236, 0.36
1237, 0.38
1238, 0.34
1239, 0.28
1240, 0.2
1241, 0.08
1242, 0.02
1243, 0
1244, 0
1245, 0
1246, 0
1247, 0
1248, 0
1249, 0
1250, 0
1251, 0
1252, 0
1253, 0
1254, 0
1255, 0
1256, 0
1257, 0.06
1258, 0.16
1259, 0.28
1260, 0.32
1261, 0.32
1262, 0.28
1263, 0.22
1264, 0.16
1265, 0.06
1266, 0.02
1267, 0
1268, 0
1269, 0
1270, 0
1271, 0
1272, 0
1273, 0
1274, 0
1275, 0
1276, 0
1277, 0
1278, 0
1279, 0
1280, 0
1281, 0.02
1282, 0.06
1283, 0.08
1284, 0.12
1285, 0.12
1286, 0.1
1287, 0.08
1288, 0.06
1289, 0.02
1290, 0
1291, 0
1292, 0
1293, 0
1294, 0
1295, 0
1296, 0
1297, 0
1298, 0
1299, 0
1300, 0
1301, 0
1302, 0
1303, 0
1304, 0
1305, 0.02
1306, 0.02
1307, 0.04
1308, 0.06
1309, 0.08
1310, 0.1
1311, 0.12
1312, 0.08
1313, 0.04
1314, 0
1315, 0
1316, 0
1317, 0
1318, 0
1319, 0
1320, 0
1321, 0
1322, 0
1323, 0
1324, 0
1325, 0
1326, 0
1327, 0
1328, 0
1329, 0
1330, 0.04
1331, 0.06
1332, 0.12
1333, 0.14
1334, 0.2
1335, 0.16
1336, 0.1
1337, 0.04
1338, 0
1339, 0
1340, 0
1341, 0
1342, 0
1343, 0
1344, 0
1345, 0
1346, 0
1347, 0
1348, 0
1349, 0
1350, 0
1351, 0
1352, 0
1353, 0.02
1354, 0.04
1355, 0.06
1356, 0.08
1357, 0.1
1358, 0.1
1359, 0.08
1360, 0.04
1361, 0.02
1362, 0
1363, 0
1364, 0
1365, 0
1366, 0
1367, 0
1368, 0
1369, 0
1370, 0
1371, 0
1372, 0
1373, 0
1374, 0
1375, 0
1376, 0
1377, 0.02
1378, 0.06
1379, 0.1
1380, 0.16
1381, 0.18
1382, 0.14
1383, 0.14
1384, 0.1
1385, 0.04
1386, 0
1387, 0
1388, 0
1389, 0
1390, 0
1391, 0
1392, 0
1393, 0
1394, 0
1395, 0
1396, 0
1397, 0
1398, 0
1399, 0
1400, 0.02
1401, 0.06
1402, 0.12
1403, 0.16
1404, 0.2
1405, 0.22
1406, 0.2
1407, 0.18
1408, 0.12
1409, 0.08
1410, 0
1411, 0
1412, 0
1413, 0
1414, 0
1415, 0
1416, 0
1417, 0
1418, 0
1419, 0
1420, 0
1421, 0
1422, 0
1423, 0
1424, 0
1425, 0.04
1426, 0.08
1427, 0.16
1428, 0.18
1429, 0.22
1430, 0.22
1431, 0.22
1432, 0.18
1433, 0.12
1434, 0.02
1435, 0
1436, 0
1437, 0
1438, 0
1439, 0
1440, 0
1441, 0
1442, 0
1443, 0
1444, 0
1445, 0
1446, 0
1447, 0
1448, 0.02
1449, 0.2
1450, 0.32
1451, 0.5
1452, 0.72
1453, 0.92
1454, 0.84
1455, 0.62
1456, 0.54
1457, 0.28
1458, 0.02
1459, 0
1460, 0
1461, 0
1462, 0
1463, 0
1464, 0
1465, 0
1466, 0
1467, 0
1468, 0
1469, 0
1470, 0
1471, 0
1472, 0.02
1473, 0.08
1474, 0.16
1475, 0.36
1476, 0.46
1477, 0.48
1478, 0.56
1479, 0.46
1480, 0.36
1481, 0.18
1482, 0.04
1483, 0
1484, 0
1485, 0
1486, 0
1487, 0
1488, 0
1489, 0
1490, 0
1491, 0
1492, 0
1493, 0
1494, 0
1495, 0
1496, 0.06
1497, 0.38
1498, 0.7
1499, 0.96
1500, 1.1
1501, 1.14
1502, 1.06
1503, 0.92
1504, 0.7
1505, 0.36
1506, 0.02
1507, 0
1508, 0
1509, 0
1510, 0
1511, 0
1512, 0
1513, 0
1514, 0
1515, 0
1516, 0
1517, 0
1518, 0
1519, 0
1520, 0.08
1521, 0.44
1522, 0.74
1523, 1
1524, 1.14
1525, 1.2
1526, 1.12
1527, 0.96
1528, 0.7
1529, 0.34
1530, 0.02
1531, 0
1532, 0
1533, 0
1534, 0
1535, 0
1536, 0
1537, 0
1538, 0
1539, 0
1540, 0
1541, 0
1542, 0
1543, 0
1544, 0.06
1545, 0.5
1546, 0.84
1547, 1.02
1548, 1.16
1549, 1.14
1550, 1.04
1551, 0.8
1552, 0.58
1553, 0.32
1554, 0.04
1555, 0
1556, 0
1557, 0
1558, 0
1559, 0
1560, 0
1561, 0
1562, 0
1563, 0
1564, 0
1565, 0
1566, 0
1567, 0
1568, 0.02
1569, 0.14
1570, 0.28
1571, 0.36
1572, 0.42
1573, 0.46
1574, 0.4
1575, 0.34
1576, 0.22
1577, 0.1
1578, 0.02
1579, 0
1580, 0
1581, 0
1582, 0
1583, 0
1584, 0
1585, 0
1586, 0
1587, 0
1588, 0
1589, 0
1590, 0
1591, 0
1592, 0.02
1593, 0.06
1594, 0.16
1595, 0.24
1596, 0.3
1597, 0.28
1598, 0.24
1599, 0.24
1600, 0.18
1601, 0.1
1602, 0.02
1603, 0
1604, 0
1605, 0
1606, 0
1607, 0
1608, 0
1609, 0
1610, 0
1611, 0
1612, 0
1613, 0
1614, 0
1615, 0
1616, 0.02
1617, 0.06
1618, 0.12
1619, 0.14
1620, 0.22
1621, 0.22
1622, 0.16
1623, 0.12
1624, 0.08
1625, 0.04
1626, 0.02
1627, 0
1628, 0
1629, 0
1630, 0
1631, 0
1632, 0
1633, 0
1634, 0
1635, 0
1636, 0
1637, 0
1638, 0
1639, 0
1640, 0.04
1641, 0.12
1642, 0.32
1643, 0.44
1644, 0.44
1645, 0.44
1646, 0.4
1647, 0.3
1648, 0.22
1649, 0.08
1650, 0.02
1651, 0
1652, 0
1653, 0
1654, 0
1655, 0
1656, 0
1657, 0
1658, 0
1659, 0
1660, 0
1661, 0
1662, 0
1663, 0
1664, 0.02
1665, 0.06
1666, 0.12
1667, 0.18
1668, 0.22
1669, 0.26
1670, 0.22
1671, 0.2
1672, 0.16
1673, 0.1
1674, 0.04
1675, 0
1676, 0
1677, 0
1678, 0
1679, 0
1680, 0
1681, 0
1682, 0
1683, 0
1684, 0
1685, 0
1686, 0
1687, 0
1688, 0.02
1689, 0.08
1690, 0.16
1691, 0.2
1692, 0.24
1693, 0.28
1694, 0.24
1695, 0.22
1696, 0.18
1697, 0.1
1698, 0.02
1699, 0
1700, 0
1701, 0
1702, 0
1703, 0
1704, 0
1705, 0
1706, 0
1707, 0
1708, 0
1709, 0
1710, 0
1711, 0
1712, 0.02
1713, 0.08
1714, 0.16
1715, 0.24
1716, 0.3
1717, 0.34
1718, 0.28
1719, 0.26
1720, 0.2
1721, 0.12
1722, 0.04
1723, 0
1724, 0
1725, 0
1726, 0
1727, 0
1728, 0
1729, 0
1730, 0
1731, 0
1732, 0
1733, 0
1734, 0
1735, 0
1736, 0.04
1737, 0.14
1738, 0.28
1739, 0.44
1740, 0.66
1741, 0.76
1742, 0.68
1743, 0.52
1744, 0.4
1745, 0.18
1746, 0.06
1747, 0
1748, 0
1749, 0
1750, 0
1751, 0
1752, 0
1753, 0
1754, 0
1755, 0
1756, 0
1757, 0
1758, 0
1759, 0
1760, 0.08
1761, 0.18
1762, 0.34
1763, 0.48
1764, 0.6
1765, 0.64
1766, 0.7
1767, 0.68
1768, 0.58
1769, 0.38
1770, 0.14
1771, 0
1772, 0
1773, 0
1774, 0
1775, 0
1776, 0
1777, 0
1778, 0
1779, 0
1780, 0
1781, 0
1782, 0
1783, 0
1784, 0.1
1785, 0.4
1786, 0.76
1787, 1.06
1788, 1.28
1789, 1.32
1790, 1.12
1791, 1.04
1792, 0.76
1793, 0.36
1794, 0.1
1795, 0
1796, 0
1797, 0
1798, 0
1799, 0
1800, 0
1801, 0
1802, 0
1803, 0
1804, 0
1805, 0
1806, 0
1807, 0
1808, 0.16
1809, 0.38
1810, 0.66
1811, 0.76
1812, 0.82
1813, 0.84
1814, 0.76
1815, 0.58
1816, 0.38
1817, 0.2
1818, 0.06
1819, 0
1820, 0
1821, 0
1822, 0
1823, 0
1824, 0
1825, 0
1826, 0
1827, 0
1828, 0
1829, 0
1830, 0
1831, 0
1832, 0.02
1833, 0.08
1834, 0.14
1835, 0.22
1836, 0.24
1837, 0.28
1838, 0.26
1839, 0.2
1840, 0.14
1841, 0.1
1842, 0.04
1843, 0
1844, 0
1845, 0
1846, 0
1847, 0
1848, 0
1849, 0
1850, 0
1851, 0
1852, 0
1853, 0
1854, 0
1855, 0
1856, 0.04
1857, 0.14
1858, 0.26
1859, 0.32
1860, 0.46
1861, 0.52
1862, 0.56
1863, 0.56
1864, 0.46
1865, 0.26
1866, 0.12
1867, 0.02
1868, 0
1869, 0
1870, 0
1871, 0
1872, 0
1873, 0
1874, 0
1875, 0
1876, 0
1877, 0
1878, 0
1879, 0
1880, 0.08
1881, 0.22
1882, 0.4
1883, 0.64
1884, 0.76
1885, 0.78
1886, 0.56
1887, 0.44
1888, 0.34
1889, 0.14
1890, 0.06
1891, 0
1892, 0
1893, 0
1894, 0
1895, 0
1896, 0
1897, 0
1898, 0
1899, 0
1900, 0
1901, 0
1902, 0
1903, 0
1904, 0.04
1905, 0.12
1906, 0.24
1907, 0.44
1908, 0.48
1909, 0.48
1910, 0.52
1911, 0.48
1912, 0.4
1913, 0.24
1914, 0.1
1915, 0.02
1916, 0
1917, 0
1918, 0
1919, 0
1920, 0
1921, 0
1922, 0
1923, 0
1924, 0
1925, 0
1926, 0
1927, 0
1928, 0.12
1929, 0.3
1930, 0.54
1931, 0.7
1932, 0.78
1933, 0.78
1934, 0.76
1935, 0.66
1936, 0.58
1937, 0.34
1938, 0.14
1939, 0.02
1940, 0
1941, 0
1942, 0
1943, 0
1944, 0
1945, 0
1946, 0
1947, 0
1948, 0
1949, 0
1950, 0
1951, 0.02
1952, 0.14
1953, 0.34
1954, 0.6
1955, 0.76
1956, 0.88
1957, 0.88
1958, 0.88
1959, 0.74
1960, 0.54
1961, 0.34
1962, 0.12
1963, 0.02
1964, 0
1965, 0
1966, 0
1967, 0
1968, 0
1969, 0
1970, 0
1971, 0
1972, 0
1973, 0
1974, 0
1975, 0.02
1976, 0.12
1977, 0.42
1978, 0.76
1979, 1
1980, 1.1
1981, 1.18
1982, 1.1
1983, 0.94
1984, 0.7
1985, 0.38
1986, 0.14
1987, 0.02
1988, 0
1989, 0
1990, 0
1991, 0
1992, 0
1993, 0
1994, 0
1995, 0
1996, 0
1997, 0
1998, 0
1999, 0.02
2000, 0.16
2001, 0.32
2002, 0.54
2003, 0.7
2004, 0.84
2005, 0.88
2006, 0.82
2007, 0.72
2008, 0.52
2009, 0.28
2010, 0.12
2011, 0.02
2012, 0
2013, 0
2014, 0
2015, 0
2016, 0
2017, 0
2018, 0
2019, 0
2020, 0
2021, 0
2022, 0
2023, 0.04
2024, 0.18
2025, 0.36
2026, 0.6
2027, 0.72
2028, 0.84
2029, 0.84
2030, 0.8
2031, 0.7
2032, 0.52
2033, 0.28
2034, 0.12
2035, 0.02
2036, 0
2037, 0
2038, 0
2039, 0
2040, 0
2041, 0
2042, 0
2043, 0
2044, 0
2045, 0
2046, 0
2047, 0.04
2048, 0.12
2049, 0.3
2050, 0.48
2051, 0.62
2052, 0.72
2053, 0.76
2054, 0.68
2055, 0.58
2056, 0.42
2057, 0.22
2058, 0.1
2059, 0.02
2060, 0
2061, 0
2062, 0
2063, 0
2064, 0
2065, 0
2066, 0
2067, 0
2068, 0
2069, 0
2070, 0
2071, 0.02
2072, 0.14
2073, 0.32
2074, 0.5
2075, 0.6
2076, 0.68
2077, 0.66
2078, 0.68
2079, 0.6
2080, 0.4
2081, 0.24
2082, 0.1
2083, 0.02
2084, 0
2085, 0
2086, 0
2087, 0
2088, 0
2089, 0
2090, 0
2091, 0
2092, 0
2093, 0
2094, 0
2095, 0.02
2096, 0.06
2097, 0.16
2098, 0.28
2099, 0.38
2100, 0.46
2101, 0.5
2102, 0.46
2103, 0.42
2104, 0.34
2105, 0.24
2106, 0.06
2107, 0.02
2108, 0
2109, 0
2110, 0
2111, 0
2112, 0
2113, 0
2114, 0
2115, 0
2116, 0
2117, 0
2118, 0
2119, 0.02
2120, 0.1
2121, 0.28
2122, 0.48
2123, 0.64
2124, 0.64
2125, 0.62
2126, 0.7
2127, 0.54
2128, 0.38
2129, 0.24
2130, 0.1
2131, 0.02
2132, 0
2133, 0
2134, 0
2135, 0
2136, 0
2137, 0
2138, 0
2139, 0
2140, 0
2141, 0
2142, 0
2143, 0
2144, 0.06
2145, 0.12
2146, 0.24
2147, 0.3
2148, 0.34
2149, 0.32
2150, 0.3
2151, 0.28
2152, 0.24
2153, 0.2
2154, 0.1
2155, 0.02
2156, 0
2157, 0
2158, 0
2159, 0
2160, 0
2161, 0
2162, 0
2163, 0
2164, 0
2165, 0
2166, 0
2167, 0.02
2168, 0.1
2169, 0.3
2170, 0.52
2171, 0.7
2172, 0.76
2173, 0.8
2174, 0.84
2175, 0.76
2176, 0.58
2177, 0.36
2178, 0.16
2179, 0.04
2180, 0
2181, 0
2182, 0
2183, 0
2184, 0
2185, 0
2186, 0
2187, 0
2188, 0
2189, 0
2190, 0
2191, 0.04
2192, 0.18
2193, 0.44
2194, 0.7
2195, 0.8
2196, 0.72
2197, 0.6
2198, 0.5
2199, 0.46
2200, 0.36
2201, 0.22
2202, 0.08
2203, 0.02
2204, 0
2205, 0
2206, 0
2207, 0
2208, 0
2209, 0
2210, 0
2211, 0
2212, 0
2213, 0
2214, 0
2215, 0.02
2216, 0.1
2217, 0.24
2218, 0.34
2219, 0.4
2220, 0.4
2221, 0.46
2222, 0.48
2223, 0.42
2224, 0.32
2225, 0.22
2226, 0.1
2227, 0.02
2228, 0
2229, 0
2230, 0
2231, 0
2232, 0
2233, 0
2234, 0
2235, 0
2236, 0
2237, 0
2238, 0
2239, 0.04
2240, 0.14
2241, 0.26
2242, 0.38
2243, 0.48
2244, 0.58
2245, 0.62
2246, 0.56
2247, 0.54
2248, 0.4
2249, 0.22
2250, 0.08
2251, 0.02
2252, 0
2253, 0
2254, 0
2255, 0
2256, 0
2257, 0
2258, 0
2259, 0
2260, 0
2261, 0
2262, 0
2263, 0
2264, 0.04
2265, 0.08
2266, 0.16
2267, 0.22
2268, 0.24
2269, 0.22
2270, 0.18
2271, 0.14
2272, 0.12
2273, 0.08
2274, 0.04
2275, 0
2276, 0
2277, 0
2278, 0
2279, 0
2280, 0
2281, 0
2282, 0
2283, 0
2284, 0
2285, 0
2286, 0
2287, 0.02
2288, 0.04
2289, 0.08
2290, 0.16
2291, 0.22
2292, 0.22
2293, 0.22
2294, 0.22
2295, 0.18
2296, 0.14
2297, 0.1
2298, 0.04
2299, 0.02
2300, 0
2301, 0
2302, 0
2303, 0
2304, 0
2305, 0
2306, 0
2307, 0
2308, 0
2309, 0
2310, 0
2311, 0.06
2312, 0.24
2313, 0.44
2314, 0.66
2315, 0.9
2316, 1.02
2317, 1.04
2318, 0.94
2319, 0.78
2320, 0.56
2321, 0.26
2322, 0.08
2323, 0.04
2324, 0
2325, 0
2326, 0
2327, 0
2328, 0
2329, 0
2330, 0
2331, 0
2332, 0
2333, 0
2334, 0
2335, 0.1
2336, 0.34
2337, 0.62
2338, 0.84
2339, 0.98
2340, 1.1
2341, 1.06
2342, 0.92
2343, 0.78
2344, 0.56
2345, 0.38
2346, 0.14
2347, 0.04
2348, 0
2349, 0
2350, 0
2351, 0
2352, 0
2353, 0
2354, 0
2355, 0
2356, 0
2357, 0
2358, 0
2359, 0.04
2360, 0.12
2361, 0.22
2362, 0.48
2363, 0.84
2364, 0.9
2365, 0.76
2366, 0.72
2367, 0.54
2368, 0.38
2369, 0.28
2370, 0.14
2371, 0.04
2372, 0
2373, 0
2374, 0
2375, 0
2376, 0
2377, 0
2378, 0
2379, 0
2380, 0
2381, 0
2382, 0
2383, 0.02
2384, 0.06
2385, 0.14
2386, 0.22
2387, 0.34
2388, 0.42
2389, 0.4
2390, 0.34
2391, 0.3
2392, 0.26
2393, 0.16
2394, 0.06
2395, 0.02
2396, 0
2397, 0
2398, 0
2399, 0
2400, 0
2401, 0
2402, 0
2403, 0
2404, 0
2405, 0
2406, 0
2407, 0.04
2408, 0.08
2409, 0.14
2410, 0.28
2411, 0.66
2412, 0.84
2413, 1.04
2414, 1.06
2415, 0.92
2416, 0.64
2417, 0.38
2418, 0.14
2419, 0.04
2420, 0
2421, 0
2422, 0
2423, 0
2424, 0
2425, 0
2426, 0
2427, 0
2428, 0
2429, 0
2430, 0
2431, 0
2432, 0.04
2433, 0.08
2434, 0.12
2435, 0.24
2436, 0.38
2437, 0.6
2438, 0.76
2439, 0.6
2440, 0.54
2441, 0.5
2442, 0.24
2443, 0.04
2444, 0
2445, 0
2446, 0
2447, 0
2448, 0
2449, 0
2450, 0
2451, 0
2452, 0
2453, 0
2454, 0
2455, 0.08
2456, 0.24
2457, 0.48
2458, 0.7
2459, 0.8
2460, 0.66
2461, 0.52
2462, 0.26
2463, 0.38
2464, 0.48
2465, 0.52
2466, 0.28
2467, 0.04
2468, 0
2469, 0
2470, 0
2471, 0
2472, 0
2473, 0
2474, 0
2475, 0
2476, 0
2477, 0
2478, 0
2479, 0.06
2480, 0.2
2481, 0.38
2482, 0.68
2483, 1.1
2484, 1.22
2485, 1.1
2486, 0.76
2487, 0.62
2488, 0.44
2489, 0.22
2490, 0.12
2491, 0.04
2492, 0
2493, 0
2494, 0
2495, 0
2496, 0
2497, 0
2498, 0
2499, 0
2500, 0
2501, 0
2502, 0
2503, 0.14
2504, 0.42
2505, 0.7
2506, 0.88
2507, 0.98
2508, 1.08
2509, 1.1
2510, 1.1
2511, 0.96
2512, 0.76
2513, 0.46
2514, 0.22
2515, 0.06
2516, 0
2517, 0
2518, 0
2519, 0
2520, 0
2521, 0
2522, 0
2523, 0
2524, 0
2525, 0
2526, 0.02
2527, 0.06
2528, 0.18
2529, 0.4
2530, 0.54
2531, 0.5
2532, 0.82
2533, 0.84
2534, 0.68
2535, 0.66
2536, 0.48
2537, 0.34
2538, 0.16
2539, 0.04
2540, 0
2541, 0
2542, 0
2543, 0
2544, 0
2545, 0
2546, 0
2547, 0
2548, 0
2549, 0
2550, 0
2551, 0.08
2552, 0.28
2553, 0.62
2554, 1.04
2555, 1.24
2556, 1.26
2557, 1.12
2558, 0.94
2559, 0.78
2560, 0.64
2561, 0.46
2562, 0.2
2563, 0.06
2564, 0
2565, 0
2566, 0
2567, 0
2568, 0
2569, 0
2570, 0
2571, 0
2572, 0
2573, 0
2574, 0.02
2575, 0.12
2576, 0.36
2577, 0.66
2578, 0.92
2579, 1.08
2580, 1.16
2581, 1.12
2582, 1
2583, 0.84
2584, 0.66
2585, 0.4
2586, 0.2
2587, 0.06
2588, 0
2589, 0
2590, 0
2591, 0
2592, 0
2593, 0
2594, 0
2595, 0
2596, 0
2597, 0
2598, 0.02
2599, 0.1
2600, 0.28
2601, 0.46
2602, 0.54
2603, 0.5
2604, 0.5
2605, 0.48
2606, 0.48
2607, 0.38
2608, 0.28
2609, 0.18
2610, 0.1
2611, 0.04
2612, 0
2613, 0
2614, 0
2615, 0
2616, 0
2617, 0
2618, 0
2619, 0
2620, 0
2621, 0
2622, 0.02
2623, 0.08
2624, 0.26
2625, 0.44
2626, 0.6
2627, 0.72
2628, 0.78
2629, 0.78
2630, 0.7
2631, 0.62
2632, 0.5
2633, 0.32
2634, 0.16
2635, 0.06
2636, 0
2637, 0
2638, 0
2639, 0
2640, 0
2641, 0
2642, 0
2643, 0
2644, 0
2645, 0
2646, 0.02
2647, 0.14
2648, 0.36
2649, 0.56
2650, 0.78
2651, 0.98
2652, 1.08
2653, 1.08
2654, 1.04
2655, 0.9
2656, 0.68
2657, 0.42
2658, 0.2
2659, 0.04
2660, 0
2661, 0
2662, 0
2663, 0
2664, 0
2665, 0
2666, 0
2667, 0
2668, 0
2669, 0
2670, 0.02
2671, 0.1
2672, 0.2
2673, 0.3
2674, 0.42
2675, 0.6
2676, 0.72
2677, 0.74
2678, 0.62
2679, 0.58
2680, 0.5
2681, 0.42
2682, 0.22
2683, 0.06
2684, 0
2685, 0
2686, 0
2687, 0
2688, 0
2689, 0
2690, 0
2691, 0
2692, 0
2693, 0
2694, 0.02
2695, 0.14
2696, 0.36
2697, 0.62
2698, 0.94
2699, 1.28
2700, 1.38
2701, 1.32
2702, 1.16
2703, 1.04
2704, 0.82
2705, 0.5
2706, 0.28
2707, 0.1
2708, 0
2709, 0
2710, 0
2711, 0
2712, 0
2713, 0
2714, 0
2715, 0
2716, 0
2717, 0
2718, 0.02
2719, 0.12
2720, 0.38
2721, 0.66
2722, 0.88
2723, 1.02
2724, 1.16
2725, 1.24
2726, 1.22
2727, 1.1
2728, 0.88
2729, 0.6
2730, 0.3
2731, 0.08
2732, 0
2733, 0
2734, 0
2735, 0
2736, 0
2737, 0
2738, 0
2739, 0
2740, 0
2741, 0
2742, 0.04
2743, 0.16
2744, 0.34
2745, 0.56
2746, 0.74
2747, 0.9
2748, 1.02
2749, 1.12
2750, 1.14
2751, 0.98
2752, 0.76
2753, 0.48
2754, 0.26
2755, 0.1
2756, 0
2757, 0
2758, 0
2759, 0
2760, 0
2761, 0
2762, 0
2763, 0
2764, 0
2765, 0
2766, 0.02
2767, 0.12
2768, 0.32
2769, 0.56
2770, 0.82
2771, 1.14
2772, 1.16
2773, 1.12
2774, 1.08
2775, 0.84
2776, 0.56
2777, 0.26
2778, 0.1
2779, 0.04
2780, 0
2781, 0
2782, 0
2783, 0
2784, 0
2785, 0
2786, 0
2787, 0
2788, 0
2789, 0
2790, 0
2791, 0
2792, 0.02
2793, 0.02
2794, 0.04
2795, 0.04
2796, 0.04
2797, 0.04
2798, 0.06
2799, 0.06
2800, 0.04
2801, 0.02
2802, 0
2803, 0
2804, 0
2805, 0
2806, 0
2807, 0
2808, 0
2809, 0
2810, 0
2811, 0
2812, 0
2813, 0
2814, 0
2815, 0.04
2816, 0.12
2817, 0.2
2818, 0.3
2819, 0.42
2820, 0.54
2821, 0.62
2822, 0.76
2823, 0.62
2824, 0.46
2825, 0.28
2826, 0.14
2827, 0.04
2828, 0
2829, 0
2830, 0
2831, 0
2832, 0
2833, 0
2834, 0
2835, 0
2836, 0
2837, 0
2838, 0
2839, 0.04
2840, 0.12
2841, 0.26
2842, 0.4
2843, 0.5
2844, 0.48
2845, 0.44
2846, 0.48
2847, 0.56
2848, 0.44
2849, 0.22
2850, 0.14
2851, 0.06
2852, 0
2853, 0
2854, 0
2855, 0
2856, 0
2857, 0
2858, 0
2859, 0
2860, 0
2861, 0
2862, 0.02
2863, 0.12
2864, 0.24
2865, 0.36
2866, 0.46
2867, 0.44
2868, 0.44
2869, 0.42
2870, 0.32
2871, 0.24
2872, 0.18
2873, 0.12
2874, 0.06
2875, 0.02
2876, 0
2877, 0
2878, 0
2879, 0
2880, 0
2881, 0
2882, 0
2883, 0
2884, 0
2885, 0
2886, 0.02
2887, 0.04
2888, 0.1
2889, 0.22
2890, 0.3
2891, 0.4
2892, 0.52
2893, 0.52
2894, 0.36
2895, 0.34
2896, 0.26
2897, 0.14
2898, 0.08
2899, 0.04
2900, 0
2901, 0
2902, 0
2903, 0
2904, 0
2905, 0
2906, 0
2907, 0
2908, 0
2909, 0
2910, 0.04
2911, 0.12
2912, 0.24
2913, 0.4
2914, 0.5
2915, 0.6
2916, 0.5
2917, 0.38
2918, 0.16
2919, 0.14
2920, 0.1
2921, 0.06
2922, 0.02
2923, 0.02
2924, 0
2925, 0
2926, 0
2927, 0
2928, 0
2929, 0
2930, 0
2931, 0
2932, 0
2933, 0
2934, 0.02
2935, 0.08
2936, 0.22
2937, 0.42
2938, 0.64
2939, 0.8
2940, 0.9
2941, 0.92
2942, 0.9
2943, 0.76
2944, 0.62
2945, 0.48
2946, 0.26
2947, 0.12
2948, 0.02
2949, 0
2950, 0
2951, 0
2952, 0
2953, 0
2954, 0
2955, 0
2956, 0
2957, 0
2958, 0.04
2959, 0.16
2960, 0.22
2961, 0.24
2962, 0.26
2963, 0.22
2964, 0.24
2965, 0.22
2966, 0.24
2967, 0.36
2968, 0.42
2969, 0.36
2970, 0.22
2971, 0.1
2972, 0.02
2973, 0
2974, 0
2975, 0
2976, 0
2977, 0
2978, 0
2979, 0
2980, 0
2981, 0
2982, 0.04
2983, 0.14
2984, 0.34
2985, 0.68
2986, 1
2987, 1.24
2988, 1.32
2989, 1.3
2990, 1.22
2991, 1.06
2992, 0.86
2993, 0.62
2994, 0.36
2995, 0.18
2996, 0.02
2997, 0
2998, 0
2999, 0
3000, 0
3001, 0
3002, 0
3003, 0
3004, 0
3005, 0
3006, 0.06
3007, 0.22
3008, 0.48
3009, 0.74
3010, 0.96
3011, 1.1
3012, 1.18
3013, 1.18
3014, 1.06
3015, 0.9
3016, 0.72
3017, 0.52
3018, 0.26
3019, 0.12
3020, 0
3021, 0
3022, 0
3023, 0
3024, 0
3025, 0
3026, 0
3027, 0
3028, 0
3029, 0
3030, 0.02
3031, 0.02
3032, 0.04
3033, 0.08
3034, 0.16
3035, 0.34
3036, 0.46
3037, 0.66
3038, 0.82
3039, 0.66
3040, 0.46
3041, 0.22
3042, 0.16
3043, 0.08
3044, 0.02
3045, 0
3046, 0
3047, 0
3048, 0
3049, 0
3050, 0
3051, 0
3052, 0
3053, 0
3054, 0.04
3055, 0.2
3056, 0.46
3057, 0.74
3058, 0.96
3059, 1.06
3060, 1.12
3061, 1.18
3062, 1.1
3063, 0.88
3064, 0.68
3065, 0.5
3066, 0.28
3067, 0.1
3068, 0.02
3069, 0
3070, 0
3071, 0
3072, 0
3073, 0
3074, 0
3075, 0
3076, 0
3077, 0
3078, 0.06
3079, 0.14
3080, 0.26
3081, 0.46
3082, 0.6
3083, 0.62
3084, 0.78
3085, 0.74
3086, 0.82
3087, 0.74
3088, 0.6
3089, 0.5
3090, 0.26
3091, 0.1
3092, 0.02
3093, 0
3094, 0
3095, 0
3096, 0
3097, 0
3098, 0
3099, 0
3100, 0
3101, 0
3102, 0.02
3103, 0.06
3104, 0.16
3105, 0.26
3106, 0.42
3107, 0.58
3108, 0.68
3109, 0.72
3110, 0.76
3111, 0.68
3112, 0.54
3113, 0.42
3114, 0.24
3115, 0.1
3116, 0.02
3117, 0
3118, 0
3119, 0
3120, 0
3121, 0
3122, 0
3123, 0
3124, 0
3125, 0
3126, 0.02
3127, 0.08
3128, 0.18
3129, 0.32
3130, 0.46
3131, 0.66
3132, 0.74
3133, 0.74
3134, 0.7
3135, 0.6
3136, 0.48
3137, 0.32
3138, 0.2
3139, 0.1
3140, 0.02
3141, 0
3142, 0
3143, 0
3144, 0
3145, 0
3146, 0
3147, 0
3148, 0
3149, 0
3150, 0.06
3151, 0.26
3152, 0.5
3153, 0.68
3154, 0.86
3155, 1.14
3156, 1.04
3157, 0.92
3158, 0.8
3159, 0.74
3160, 0.62
3161, 0.5
3162, 0.3
3163, 0.1
3164, 0.02
3165, 0
3166, 0
3167, 0
3168, 0
3169, 0
3170, 0
3171, 0
3172, 0
3173, 0
3174, 0.08
3175, 0.28
3176, 0.52
3177, 0.7
3178, 0.76
3179, 0.72
3180, 0.62
3181, 0.5
3182, 0.24
3183, 0.22
3184, 0.16
3185, 0.06
3186, 0.04
3187, 0.02
3188, 0
3189, 0
3190, 0
3191, 0
3192, 0
3193, 0
3194, 0
3195, 0
3196, 0
3197, 0
3198, 0.08
3199, 0.26
3200, 0.52
3201, 0.72
3202, 0.84
3203, 0.94
3204, 1.02
3205, 0.96
3206, 0.82
3207, 0.8
3208, 0.74
3209, 0.62
3210, 0.38
3211, 0.18
3212, 0.04
3213, 0
3214, 0
3215, 0
3216, 0
3217, 0
3218, 0
3219, 0
3220, 0
3221, 0
3222, 0.08
3223, 0.28
3224, 0.62
3225, 0.88
3226, 1.1
3227, 1.26
3228, 1.38
3229, 1.34
3230, 1.22
3231, 1.08
3232, 0.84
3233, 0.56
3234, 0.34
3235, 0.16
3236, 0.02
3237, 0
3238, 0
3239, 0
3240, 0
3241, 0
3242, 0
3243, 0
3244, 0
3245, 0
3246, 0.08
3247, 0.28
3248, 0.52
3249, 0.72
3250, 0.88
3251, 0.96
3252, 1.02
3253, 1
3254, 0.78
3255, 0.62
3256, 0.52
3257, 0.46
3258, 0.3
3259, 0.14
3260, 0.02
3261, 0
3262, 0
3263, 0
3264, 0
3265, 0
3266, 0
3267, 0
3268, 0
3269, 0.02
3270, 0.1
3271, 0.28
3272, 0.56
3273, 0.88
3274, 1.1
3275, 1.2
3276, 1.2
3277, 1.1
3278, 0.92
3279, 0.76
3280, 0.6
3281, 0.48
3282, 0.3
3283, 0.16
3284, 0.1
3285, 0
3286, 0
3287, 0
3288, 0
3289, 0
3290, 0
3291, 0
3292, 0
3293, 0
3294, 0
3295, 0
3296, 0.04
3297, 0.1
3298, 0.24
3299, 0.36
3300, 0.34
3301, 0.48
3302, 0.64
3303, 0.64
3304, 0.7
3305, 0.72
3306, 0.4
3307, 0.12
3308, 0.02
3309, 0
3310, 0
3311, 0
3312, 0
3313, 0
3314, 0
3315, 0
3316, 0
3317, 0.02
3318, 0.08
3319, 0.16
3320, 0.26
3321, 0.44
3322, 0.76
3323, 1.22
3324, 1.3
3325, 1.22
3326, 1.1
3327, 0.92
3328, 0.7
3329, 0.56
3330, 0.36
3331, 0.16
3332, 0.02
3333, 0
3334, 0
3335, 0
3336, 0
3337, 0
3338, 0
3339, 0
3340, 0
3341, 0
3342, 0.1
3343, 0.34
3344, 0.66
3345, 0.96
3346, 0.98
3347, 0.96
3348, 1.06
3349, 1.12
3350, 1.1
3351, 1
3352, 0.84
3353, 0.6
3354, 0.36
3355, 0.14
3356, 0.02
3357, 0
3358, 0
3359, 0
3360, 0
3361, 0
3362, 0
3363, 0
3364, 0
3365, 0.02
3366, 0.1
3367, 0.3
3368, 0.62
3369, 0.82
3370, 0.88
3371, 0.78
3372, 0.76
3373, 0.8
3374, 0.98
3375, 0.88
3376, 0.72
3377, 0.5
3378, 0.3
3379, 0.12
3380, 0.02
3381, 0
3382, 0
3383, 0
3384, 0
3385, 0
3386, 0
3387, 0
3388, 0
3389, 0.02
3390, 0.06
3391, 0.12
3392, 0.08
3393, 0.16
3394, 0.2
3395, 0.18
3396, 0.2
3397, 0.2
3398, 0.18
3399, 0.16
3400, 0.14
3401, 0.14
3402, 0.1
3403, 0.06
3404, 0.02
3405, 0
3406, 0
3407, 0
3408, 0
3409, 0
3410, 0
3411, 0
3412, 0
3413, 0.02
3414, 0.08
3415, 0.24
3416, 0.5
3417, 0.72
3418, 0.88
3419, 0.96
3420, 1.04
3421, 1.02
3422, 0.92
3423, 0.86
3424, 0.7
3425, 0.52
3426, 0.32
3427, 0.14
3428, 0.02
3429, 0
3430, 0
3431, 0
3432, 0
3433, 0
3434, 0
3435, 0
3436, 0
3437, 0.02
3438, 0.08
3439, 0.14
3440, 0.2
3441, 0.24
3442, 0.26
3443, 0.28
3444, 0.3
3445, 0.28
3446, 0.26
3447, 0.32
3448, 0.36
3449, 0.38
3450, 0.28
3451, 0.14
3452, 0.04
3453, 0
3454, 0
3455, 0
3456, 0
3457, 0
3458, 0
3459, 0
3460, 0
3461, 0
3462, 0.04
3463, 0.18
3464, 0.44
3465, 0.68
3466, 0.8
3467, 0.88
3468, 0.9
3469, 0.76
3470, 0.72
3471, 0.6
3472, 0.44
3473, 0.22
3474, 0.14
3475, 0.06
3476, 0.02
3477, 0
3478, 0
3479, 0
3480, 0
3481, 0
3482, 0
3483, 0
3484, 0
3485, 0
3486, 0.02
3487, 0.04
3488, 0.06
3489, 0.1
3490, 0.16
3491, 0.18
3492, 0.16
3493, 0.12
3494, 0.08
3495, 0.06
3496, 0.06
3497, 0.04
3498, 0.02
3499, 0
3500, 0
3501, 0
3502, 0
3503, 0
3504, 0
3505, 0
3506, 0
3507, 0
3508, 0
3509, 0
3510, 0
3511, 0
3512, 0.02
3513, 0.02
3514, 0.04
3515, 0.08
3516, 0.08
3517, 0.1
3518, 0.1
3519, 0.08
3520, 0.06
3521, 0.06
3522, 0.04
3523, 0.04
3524, 0.02
3525, 0
3526, 0
3527, 0
3528, 0
3529, 0
3530, 0
3531, 0
3532, 0
3533, 0.02
3534, 0.06
3535, 0.1
3536, 0.2
3537, 0.44
3538, 0.56
3539, 0.34
3540, 0.4
3541, 0.54
3542, 0.86
3543, 0.84
3544, 0.72
3545, 0.54
3546, 0.32
3547, 0.14
3548, 0.02
3549, 0
3550, 0
3551, 0
3552, 0
3553, 0
3554, 0
3555, 0
3556, 0
3557, 0.02
3558, 0.06
3559, 0.16
3560, 0.32
3561, 0.62
3562, 0.84
3563, 0.82
3564, 0.78
3565, 0.6
3566, 0.18
3567, 0.3
3568, 0.3
3569, 0.2
3570, 0.1
3571, 0.06
3572, 0.02
3573, 0
3574, 0
3575, 0
3576, 0
3577, 0
3578, 0
3579, 0
3580, 0
3581, 0
3582, 0.04
3583, 0.08
3584, 0.06
3585, 0.1
3586, 0.18
3587, 0.24
3588, 0.2
3589, 0.12
3590, 0.04
3591, 0.04
3592, 0.04
3593, 0.04
3594, 0.04
3595, 0.02
3596, 0
3597, 0
3598, 0
3599, 0
3600, 0
3601, 0
3602, 0
3603, 0
3604, 0
3605, 0
3606, 0.02
3607, 0.08
3608, 0.2
3609, 0.24
3610, 0.38
3611, 0.62
3612, 0.52
3613, 0.52
3614, 0.38
3615, 0.28
3616, 0.2
3617, 0.1
3618, 0.08
3619, 0.06
3620, 0.04
3621, 0
3622, 0
3623, 0
3624, 0
3625, 0
3626, 0
3627, 0
3628, 0
3629, 0
3630, 0.02
3631, 0.02
3632, 0.04
3633, 0.04
3634, 0.06
3635, 0.06
3636, 0.06
3637, 0.1
3638, 0.16
3639, 0.14
3640, 0.12
3641, 0.1
3642, 0.06
3643, 0.02
3644, 0
3645, 0
3646, 0
3647, 0
3648, 0
3649, 0
3650, 0
3651, 0
3652, 0
3653, 0
3654, 0
3655, 0
3656, 0
3657, 0.02
3658, 0.04
3659, 0.04
3660, 0.04
3661, 0.04
3662, 0.06
3663, 0.08
3664, 0.04
3665, 0.02
3666, 0.02
3667, 0
3668, 0
3669, 0
3670, 0
3671, 0
3672, 0
3673, 0
3674, 0
3675, 0
3676, 0
3677, 0
3678, 0.02
3679, 0.04
3680, 0.08
3681, 0.1
3682, 0.16
3683, 0.24
3684, 0.24
3685, 0.28
3686, 0.32
3687, 0.34
3688, 0.34
3689, 0.38
3690, 0.24
3691, 0.12
3692, 0.04
3693, 0
3694, 0
3695, 0
3696, 0
3697, 0
3698, 0
3699, 0
3700, 0
3701, 0.02
3702, 0.06
3703, 0.14
3704, 0.28
3705, 0.38
3706, 0.5
3707, 0.68
3708, 0.64
3709, 0.64
3710, 0.54
3711, 0.52
3712, 0.48
3713, 0.54
3714, 0.34
3715, 0.16
3716, 0.02
3717, 0
3718, 0
3719, 0
3720, 0
3721, 0
3722, 0
3723, 0
3724, 0
3725, 0.04
3726, 0.14
3727, 0.36
3728, 0.66
3729, 1
3730, 1.28
3731, 1.4
3732, 1.46
3733, 1.44
3734, 1.3
3735, 1.18
3736, 0.98
3737, 0.7
3738, 0.44
3739, 0.22
3740, 0.04
3741, 0
3742, 0
3743, 0
3744, 0
3745, 0
3746, 0
3747, 0
3748, 0
3749, 0.02
3750, 0.12
3751, 0.3
3752, 0.64
3753, 0.96
3754, 1.18
3755, 1.24
3756, 1.24
3757, 1.18
3758, 0.98
3759, 0.86
3760, 0.72
3761, 0.56
3762, 0.38
3763, 0.18
3764, 0.06
3765, 0
3766, 0
3767, 0
3768, 0
3769, 0
3770, 0
3771, 0
3772, 0
3773, 0.02
3774, 0.08
3775, 0.22
3776, 0.44
3777, 0.72
3778, 1
3779, 1.2
3780, 1.26
3781, 1.26
3782, 1.12
3783, 1.02
3784, 0.82
3785, 0.58
3786, 0.36
3787, 0.18
3788, 0.06
3789, 0
3790, 0
3791, 0
3792, 0
3793, 0
3794, 0
3795, 0
3796, 0
3797, 0.02
3798, 0.12
3799, 0.26
3800, 0.42
3801, 0.62
3802, 0.8
3803, 0.96
3804, 0.88
3805, 0.86
3806, 0.9
3807, 0.78
3808, 0.62
3809, 0.5
3810, 0.28
3811, 0.14
3812, 0.04
3813, 0
3814, 0
3815, 0
3816, 0
3817, 0
3818, 0
3819, 0
3820, 0
3821, 0
3822, 0.04
3823, 0.08
3824, 0.16
3825, 0.3
3826, 0.4
3827, 0.48
3828, 0.5
3829, 0.74
3830, 1
3831, 0.82
3832, 0.52
3833, 0.14
3834, 0.14
3835, 0.08
3836, 0.04
3837, 0
3838, 0
3839, 0
3840, 0
3841, 0
3842, 0
3843, 0
3844, 0
3845, 0
3846, 0.02
3847, 0.1
3848, 0.16
3849, 0.24
3850, 0.3
3851, 0.38
3852, 0.48
3853, 0.52
3854, 0.54
3855, 0.5
3856, 0.48
3857, 0.44
3858, 0.3
3859, 0.16
3860, 0.06
3861, 0
3862, 0
3863, 0
3864, 0
3865, 0
3866, 0
3867, 0
3868, 0
3869, 0.02
3870, 0.1
3871, 0.32
3872, 0.6
3873, 0.86
3874, 1.04
3875, 1
3876, 1
3877, 1.04
3878, 1.04
3879, 1
3880, 0.86
3881, 0.66
3882, 0.42
3883, 0.2
3884, 0.04
3885, 0
3886, 0
3887, 0
3888, 0
3889, 0
3890, 0
3891, 0
3892, 0
3893, 0.02
3894, 0.12
3895, 0.32
3896, 0.58
3897, 0.88
3898, 1.1
3899, 1.16
3900, 1.2
3901, 1.22
3902, 1.16
3903, 1.02
3904, 0.84
3905, 0.66
3906, 0.44
3907, 0.24
3908, 0.06
3909, 0
3910, 0
3911, 0
3912, 0
3913, 0
3914, 0
3915, 0
3916, 0
3917, 0.02
3918, 0.06
3919, 0.06
3920, 0.06
3921, 0.2
3922, 0.38
3923, 0.68
3924, 0.86
3925, 0.94
3926, 0.96
3927, 0.9
3928, 0.8
3929, 0.68
3930, 0.44
3931, 0.2
3932, 0.04
3933, 0
3934, 0
3935, 0
3936, 0
3937, 0
3938, 0
3939, 0
3940, 0
3941, 0
3942, 0.06
3943, 0.24
3944, 0.62
3945, 0.88
3946, 1.06
3947, 1.08
3948, 1.14
3949, 1.14
3950, 1.06
3951, 0.94
3952, 0.7
3953, 0.44
3954, 0.3
3955, 0.18
3956, 0.04
3957, 0
3958, 0
3959, 0
3960, 0
3961, 0
3962, 0
3963, 0
3964, 0
3965, 0.02
3966, 0.12
3967, 0.3
3968, 0.5
3969, 0.7
3970, 0.8
3971, 0.82
3972, 0.8
3973, 0.78
3974, 0.64
3975, 0.7
3976, 0.6
3977, 0.46
3978, 0.32
3979, 0.16
3980, 0.06
3981, 0
3982, 0
3983, 0
3984, 0
3985, 0
3986, 0
3987, 0
3988, 0
3989, 0.02
3990, 0.12
3991, 0.3
3992, 0.48
3993, 0.62
3994, 0.76
3995, 0.92
3996, 1.06
3997, 1.14
3998, 1.16
3999, 1.12
4000, 0.96
4001, 0.7
4002, 0.44
4003, 0.2
4004, 0.06
4005, 0
4006, 0
4007, 0
4008, 0
4009, 0
4010, 0
4011, 0
4012, 0
4013, 0.02
4014, 0.1
4015, 0.28
4016, 0.52
4017, 0.82
4018, 1.1
4019, 1.26
4020, 1.28
4021, 1.24
4022, 1.02
4023, 0.98
4024, 0.8
4025, 0.6
4026, 0.38
4027, 0.18
4028, 0.04
4029, 0
4030, 0
4031, 0
4032, 0
4033, 0
4034, 0
4035, 0
4036, 0
4037, 0.02
4038, 0.1
4039, 0.28
4040, 0.56
4041, 0.86
4042, 1.12
4043, 1.26
4044, 1.34
4045, 1.34
4046, 1.26
4047, 1.14
4048, 0.94
4049, 0.66
4050, 0.44
4051, 0.2
4052, 0.04
4053, 0
4054, 0
4055, 0
4056, 0
4057, 0
4058, 0
4059, 0
4060, 0
4061, 0.02
4062, 0.1
4063, 0.26
4064, 0.5
4065, 0.78
4066, 1.02
4067, 1.16
4068, 1.22
4069, 1.26
4070, 1.2
4071, 1.06
4072, 0.86
4073, 0.6
4074, 0.36
4075, 0.18
4076, 0.04
4077, 0
4078, 0
4079, 0
4080, 0
4081, 0
4082, 0
4083, 0
4084, 0
4085, 0.02
4086, 0.1
4087, 0.3
4088, 0.58
4089, 0.88
4090, 1.06
4091, 1.12
4092, 1.18
4093, 1.22
4094, 1.12
4095, 0.96
4096, 0.72
4097, 0.44
4098, 0.26
4099, 0.12
4100, 0.04
4101, 0
4102, 0
4103, 0
4104, 0
4105, 0
4106, 0
4107, 0
4108, 0
4109, 0.02
4110, 0.1
4111, 0.24
4112, 0.54
4113, 0.74
4114, 0.94
4115, 1.1
4116, 1.16
4117, 1.24
4118, 1.22
4119, 1.12
4120, 0.94
4121, 0.72
4122, 0.44
4123, 0.22
4124, 0.04
4125, 0
4126, 0
4127, 0
4128, 0
4129, 0
4130, 0
4131, 0
4132, 0
4133, 0
4134, 0.1
4135, 0.3
4136, 0.62
4137, 0.92
4138, 1.14
4139, 1.16
4140, 1.18
4141, 1.02
4142, 0.74
4143, 0.7
4144, 0.6
4145, 0.38
4146, 0.3
4147, 0.16
4148, 0.06
4149, 0
4150, 0
4151, 0
4152, 0
4153, 0
4154, 0
4155, 0
4156, 0
4157, 0.02
4158, 0.08
4159, 0.08
4160, 0.04
4161, 0.08
4162, 0.52
4163, 1.02
4164, 1.06
4165, 1.12
4166, 1.02
4167, 0.9
4168, 0.76
4169, 0.66
4170, 0.4
4171, 0.2
4172, 0.06
4173, 0
4174, 0
4175, 0
4176, 0
4177, 0
4178, 0
4179, 0
4180, 0
4181, 0.02
4182, 0.1
4183, 0.26
4184, 0.48
4185, 0.7
4186, 0.86
4187, 0.9
4188, 0.94
4189, 0.92
4190, 0.84
4191, 0.78
4192, 0.62
4193, 0.38
4194, 0.26
4195, 0.14
4196, 0.04
4197, 0
4198, 0
4199, 0
4200, 0
4201, 0
4202, 0
4203, 0
4204, 0
4205, 0
4206, 0.02
4207, 0.08
4208, 0.14
4209, 0.2
4210, 0.32
4211, 0.58
4212, 0.56
4213, 0.46
4214, 0.26
4215, 0.28
4216, 0.22
4217, 0.16
4218, 0.1
4219, 0.06
4220, 0.02
4221, 0
4222, 0
4223, 0
4224, 0
4225, 0
4226, 0
4227, 0
4228, 0
4229, 0
4230, 0.02
4231, 0.06
4232, 0.1
4233, 0.24
4234, 0.48
4235, 0.68
4236, 0.64
4237, 0.62
4238, 0.54
4239, 0.52
4240, 0.46
4241, 0.42
4242, 0.3
4243, 0.16
4244, 0.04
4245, 0
4246, 0
4247, 0
4248, 0
4249, 0
4250, 0
4251, 0
4252, 0
4253, 0
4254, 0.1
4255, 0.24
4256, 0.42
4257, 0.56
4258, 0.74
4259, 0.8
4260, 0.78
4261, 0.78
4262, 0.86
4263, 0.74
4264, 0.54
4265, 0.36
4266, 0.24
4267, 0.14
4268, 0.04
4269, 0
4270, 0
4271, 0
4272, 0
4273, 0
4274, 0
4275, 0
4276, 0
4277, 0.02
4278, 0.08
4279, 0.18
4280, 0.36
4281, 0.62
4282, 0.86
4283, 1.04
4284, 1.06
4285, 1.08
4286, 1.06
4287, 0.94
4288, 0.78
4289, 0.62
4290, 0.42
4291, 0.2
4292, 0.04
4293, 0
4294, 0
4295, 0
4296, 0
4297, 0
4298, 0
4299, 0
4300, 0
4301, 0
4302, 0.02
4303, 0.08
4304, 0.22
4305, 0.36
4306, 0.66
4307, 1.08
4308, 1
4309, 0.68
4310, 0.14
4311, 0.12
4312, 0.1
4313, 0.02
4314, 0.02
4315, 0
4316, 0
4317, 0
4318, 0
4319, 0
4320, 0
4321, 0
4322, 0
4323, 0
4324, 0
4325, 0.02
4326, 0.1
4327, 0.3
4328, 0.6
4329, 0.8
4330, 0.92
4331, 0.94
4332, 0.92
4333, 0.92
4334, 0.84
4335, 0.8
4336, 0.7
4337, 0.48
4338, 0.3
4339, 0.16
4340, 0.06
4341, 0
4342, 0
4343, 0
4344, 0
4345, 0
4346, 0
4347, 0
4348, 0
4349, 0.02
4350, 0.04
4351, 0.2
4352, 0.4
4353, 0.62
4354, 0.92
4355, 1.16
4356, 1.22
4357, 1.26
4358, 1.24
4359, 1.12
4360, 0.94
4361, 0.7
4362, 0.44
4363, 0.2
4364, 0.04
4365, 0
4366, 0
4367, 0
4368, 0
4369, 0
4370, 0
4371, 0
4372, 0
4373, 0.02
4374, 0.06
4375, 0.14
4376, 0.26
4377, 0.5
4378, 0.84
4379, 1.16
4380, 1.14
4381, 1.16
4382, 1.18
4383, 1.06
4384, 0.9
4385, 0.66
4386, 0.42
4387, 0.2
4388, 0.06
4389, 0
4390, 0
4391, 0
4392, 0
4393, 0
4394, 0
4395, 0
4396, 0
4397, 0.02
4398, 0.04
4399, 0.14
4400, 0.34
4401, 0.46
4402, 0.62
4403, 0.76
4404, 0.7
4405, 0.66
4406, 0.32
4407, 0.44
4408, 0.46
4409, 0.44
4410, 0.32
4411, 0.18
4412, 0.04
4413, 0
4414, 0
4415, 0
4416, 0
4417, 0
4418, 0
4419, 0
4420, 0
4421, 0.02
4422, 0.1
4423, 0.2
4424, 0.18
4425, 0.2
4426, 0.28
4427, 0.4
4428, 0.46
4429, 0.54
4430, 0.74
4431, 0.72
4432, 0.64
4433, 0.54
4434, 0.34
4435, 0.18
4436, 0.04
4437, 0
4438, 0
4439, 0
4440, 0
4441, 0
4442, 0
4443, 0
4444, 0
4445, 0.02
4446, 0.08
4447, 0.2
4448, 0.36
4449, 0.56
4450, 0.72
4451, 0.88
4452, 0.84
4453, 0.88
4454, 0.92
4455, 0.82
4456, 0.7
4457, 0.56
4458, 0.38
4459, 0.2
4460, 0.08
4461, 0
4462, 0
4463, 0
4464, 0
4465, 0
4466, 0
4467, 0
4468, 0
4469, 0.02
4470, 0.08
4471, 0.14
4472, 0.32
4473, 0.62
4474, 0.92
4475, 1.16
4476, 1.22
4477, 1.24
4478, 1.2
4479, 1.1
4480, 0.9
4481, 0.66
4482, 0.42
4483, 0.22
4484, 0.04
4485, 0
4486, 0
4487, 0
4488, 0
4489, 0
4490, 0
4491, 0
4492, 0
4493, 0.02
4494, 0.1
4495, 0.26
4496, 0.56
4497, 0.86
4498, 1.12
4499, 1.28
4500, 1.4
4501, 1.46
4502, 1.42
4503, 1.32
4504, 1.08
4505, 0.74
4506, 0.46
4507, 0.24
4508, 0.04
4509, 0
4510, 0
4511, 0
4512, 0
4513, 0
4514, 0
4515, 0
4516, 0
4517, 0.02
4518, 0.08
4519, 0.24
4520, 0.52
4521, 0.8
4522, 1.04
4523, 1.22
4524, 1.3
4525, 1.32
4526, 1.3
4527, 1.16
4528, 0.96
4529, 0.72
4530, 0.44
4531, 0.22
4532, 0.04
4533, 0
4534, 0
4535, 0
4536, 0
4537, 0
4538, 0
4539, 0
4540, 0
4541, 0.02
4542, 0.08
4543, 0.26
4544, 0.5
4545, 0.78
4546, 1.02
4547, 1.16
4548, 1.2
4549, 1.2
4550, 1.18
4551, 1.06
4552, 0.9
4553, 0.68
4554, 0.42
4555, 0.2
4556, 0.04
4557, 0
4558, 0
4559, 0
4560, 0
4561, 0
4562, 0
4563, 0
4564, 0
4565, 0
4566, 0.1
4567, 0.28
4568, 0.58
4569, 0.9
4570, 1.12
4571, 1.2
4572, 1.24
4573, 1.2
4574, 1.12
4575, 1.06
4576, 0.9
4577, 0.64
4578, 0.4
4579, 0.2
4580, 0.04
4581, 0
4582, 0
4583, 0
4584, 0
4585, 0
4586, 0
4587, 0
4588, 0
4589, 0.02
4590, 0.1
4591, 0.18
4592, 0.22
4593, 0.28
4594, 0.3
4595, 0.3
4596, 0.38
4597, 0.52
4598, 0.68
4599, 0.66
4600, 0.52
4601, 0.28
4602, 0.18
4603, 0.1
4604, 0.06
4605, 0
4606, 0
4607, 0
4608, 0
4609, 0
4610, 0
4611, 0
4612, 0
4613, 0.02
4614, 0.04
4615, 0.1
4616, 0.2
4617, 0.4
4618, 0.56
4619, 0.64
4620, 0.88
4621, 1.02
4622, 1.12
4623, 1.04
4624, 0.86
4625, 0.62
4626, 0.4
4627, 0.2
4628, 0.06
4629, 0
4630, 0
4631, 0
4632, 0
4633, 0
4634, 0
4635, 0
4636, 0
4637, 0
4638, 0.06
4639, 0.22
4640, 0.48
4641, 0.78
4642, 1.02
4643, 1.08
4644, 1.1
4645, 1.12
4646, 1.06
4647, 0.96
4648, 0.82
4649, 0.6
4650, 0.36
4651, 0.16
4652, 0.04
4653, 0
4654, 0
4655, 0
4656, 0
4657, 0
4658, 0
4659, 0
4660, 0
4661, 0
4662, 0.1
4663, 0.24
4664, 0.42
4665, 0.54
4666, 0.68
4667, 0.82
4668, 0.94
4669, 1.06
4670, 1.14
4671, 1.06
4672, 0.84
4673, 0.52
4674, 0.3
4675, 0.14
4676, 0.02
4677, 0
4678, 0
4679, 0
4680, 0
4681, 0
4682, 0
4683, 0
4684, 0
4685, 0.02
4686, 0.08
4687, 0.26
4688, 0.52
4689, 0.74
4690, 0.98
4691, 1.16
4692, 1.26
4693, 1.28
4694, 1.22
4695, 1.12
4696, 0.94
4697, 0.7
4698, 0.44
4699, 0.22
4700, 0.04
4701, 0
4702, 0
4703, 0
4704, 0
4705, 0
4706, 0
4707, 0
4708, 0
4709, 0
4710, 0.08
4711, 0.26
4712, 0.52
4713, 0.8
4714, 1.04
4715, 1.2
4716, 1.28
4717, 1.3
4718, 1.26
4719, 1.12
4720, 0.92
4721, 0.68
4722, 0.44
4723, 0.22
4724, 0.06
4725, 0
4726, 0
4727, 0
4728, 0
4729, 0
4730, 0
4731, 0
4732, 0
4733, 0
4734, 0.08
4735, 0.24
4736, 0.48
4737, 0.7
4738, 0.84
4739, 0.92
4740, 1.02
4741, 1.1
4742, 1.16
4743, 1.06
4744, 0.86
4745, 0.66
4746, 0.42
4747, 0.2
4748, 0.04
4749, 0
4750, 0
4751, 0
4752, 0
4753, 0
4754, 0
4755, 0
4756, 0
4757, 0
4758, 0.08
4759, 0.26
4760, 0.54
4761, 0.8
4762, 1.02
4763, 1.1
4764, 1.14
4765, 1.2
4766, 1.14
4767, 1.06
4768, 0.9
4769, 0.66
4770, 0.42
4771, 0.2
4772, 0.04
4773, 0
4774, 0
4775, 0
4776, 0
4777, 0
4778, 0
4779, 0
4780, 0
4781, 0
4782, 0.06
4783, 0.22
4784, 0.5
4785, 0.78
4786, 1.04
4787, 1.16
4788, 1.22
4789, 1.22
4790, 1.16
4791, 1.1
4792, 0.9
4793, 0.66
4794, 0.42
4795, 0.22
4796, 0.06
4797, 0
4798, 0
4799, 0
4800, 0
4801, 0
4802, 0
4803, 0
4804, 0
4805, 0
4806, 0.06
4807, 0.18
4808, 0.4
4809, 0.62
4810, 0.82
4811, 0.9
4812, 0.82
4813, 0.84
4814, 1.14
4815, 1.06
4816, 0.88
4817, 0.56
4818, 0.38
4819, 0.18
4820, 0.04
4821, 0
4822, 0
4823, 0
4824, 0
4825, 0
4826, 0
4827, 0
4828, 0
4829, 0
4830, 0.06
4831, 0.24
4832, 0.5
4833, 0.8
4834, 1.06
4835, 1.22
4836, 1.32
4837, 1.34
4838, 1.28
4839, 1.16
4840, 0.98
4841, 0.72
4842, 0.44
4843, 0.2
4844, 0.04
4845, 0
4846, 0
4847, 0
4848, 0
4849, 0
4850, 0
4851, 0
4852, 0
4853, 0
4854, 0.06
4855, 0.22
4856, 0.5
4857, 0.8
4858, 1.04
4859, 1.18
4860, 1.28
4861, 1.3
4862, 1.24
4863, 1.14
4864, 0.94
4865, 0.7
4866, 0.44
4867, 0.2
4868, 0.04
4869, 0
4870, 0
4871, 0
4872, 0
4873, 0
4874, 0
4875, 0
4876, 0
4877, 0
4878, 0.08
4879, 0.24
4880, 0.52
4881, 0.8
4882, 1.06
4883, 1.2
4884, 1.3
4885, 1.28
4886, 1.16
4887, 1.04
4888, 0.82
4889, 0.54
4890, 0.3
4891, 0.14
4892, 0.02
4893, 0
4894, 0
4895, 0
4896, 0
4897, 0
4898, 0
4899, 0
4900, 0
4901, 0
4902, 0.08
4903, 0.2
4904, 0.42
4905, 0.68
4906, 0.9
4907, 1.02
4908, 1.12
4909, 1.14
4910, 1.02
4911, 0.82
4912, 0.58
4913, 0.3
4914, 0.18
4915, 0.08
4916, 0.02
4917, 0
4918, 0
4919, 0
4920, 0
4921, 0
4922, 0
4923, 0
4924, 0
4925, 0
4926, 0.02
4927, 0.04
4928, 0.04
4929, 0.1
4930, 0.36
4931, 0.74
4932, 0.76
4933, 0.86
4934, 0.94
4935, 0.92
4936, 0.76
4937, 0.54
4938, 0.36
4939, 0.18
4940, 0.04
4941, 0
4942, 0
4943, 0
4944, 0
4945, 0
4946, 0
4947, 0
4948, 0
4949, 0
4950, 0.06
4951, 0.2
4952, 0.46
4953, 0.74
4954, 0.96
4955, 1.06
4956, 1.08
4957, 1.1
4958, 1.08
4959, 0.96
4960, 0.74
4961, 0.52
4962, 0.34
4963, 0.18
4964, 0.04
4965, 0
4966, 0
4967, 0
4968, 0
4969, 0
4970, 0
4971, 0
4972, 0
4973, 0
4974, 0.06
4975, 0.22
4976, 0.48
4977, 0.76
4978, 0.96
4979, 1.1
4980, 1.18
4981, 1.18
4982, 1.12
4983, 1
4984, 0.8
4985, 0.44
4986, 0.32
4987, 0.16
4988, 0.04
4989, 0
4990, 0
4991, 0
4992, 0
4993, 0
4994, 0
4995, 0
4996, 0
4997, 0
4998, 0.04
4999, 0.16
5000, 0.34
5001, 0.52
5002, 0.62
5003, 0.66
5004, 0.68
5005, 0.74
5006, 0.84
5007, 0.74
5008, 0.66
5009, 0.54
5010, 0.28
5011, 0.12
5012, 0.04
5013, 0
5014, 0
5015, 0
5016, 0
5017, 0
5018, 0
5019, 0
5020, 0
5021, 0
5022, 0.02
5023, 0.04
5024, 0.04
5025, 0.1
5026, 0.16
5027, 0.22
5028, 0.36
5029, 0.42
5030, 0.46
5031, 0.42
5032, 0.3
5033, 0.16
5034, 0.08
5035, 0.04
5036, 0
5037, 0
5038, 0
5039, 0
5040, 0
5041, 0
5042, 0
5043, 0
5044, 0
5045, 0
5046, 0.04
5047, 0.2
5048, 0.48
5049, 0.78
5050, 1
5051, 1.02
5052, 0.98
5053, 0.86
5054, 0.74
5055, 0.78
5056, 0.7
5057, 0.58
5058, 0.32
5059, 0.1
5060, 0.02
5061, 0
5062, 0
5063, 0
5064, 0
5065, 0
5066, 0
5067, 0
5068, 0
5069, 0
5070, 0.02
5071, 0.18
5072, 0.56
5073, 0.86
5074, 0.92
5075, 0.62
5076, 0.6
5077, 0.66
5078, 0.74
5079, 0.7
5080, 0.52
5081, 0.16
5082, 0.08
5083, 0.04
5084, 0.04
5085, 0
5086, 0
5087, 0
5088, 0
5089, 0
5090, 0
5091, 0
5092, 0
5093, 0
5094, 0.06
5095, 0.22
5096, 0.48
5097, 0.8
5098, 1.06
5099, 1.22
5100, 1.28
5101, 1.3
5102, 1.24
5103, 1.14
5104, 0.94
5105, 0.66
5106, 0.38
5107, 0.1
5108, 0.02
5109, 0
5110, 0
5111, 0
5112, 0
5113, 0
5114, 0
5115, 0
5116, 0
5117, 0
5118, 0.04
5119, 0.18
5120, 0.46
5121, 0.74
5122, 0.98
5123, 1.12
5124, 1.22
5125, 1.22
5126, 1.18
5127, 1.06
5128, 0.88
5129, 0.64
5130, 0.36
5131, 0.1
5132, 0.02
5133, 0
5134, 0
5135, 0
5136, 0
5137, 0
5138, 0
5139, 0
5140, 0
5141, 0
5142, 0.04
5143, 0.18
5144, 0.4
5145, 0.66
5146, 0.9
5147, 0.98
5148, 0.98
5149, 1
5150, 0.94
5151, 0.9
5152, 0.76
5153, 0.52
5154, 0.34
5155, 0.12
5156, 0.02
5157, 0
5158, 0
5159, 0
5160, 0
5161, 0
5162, 0
5163, 0
5164, 0
5165, 0
5166, 0.04
5167, 0.14
5168, 0.28
5169, 0.6
5170, 0.9
5171, 1.08
5172, 1.1
5173, 1
5174, 0.8
5175, 0.58
5176, 0.46
5177, 0.32
5178, 0.16
5179, 0.06
5180, 0.02
5181, 0
5182, 0
5183, 0
5184, 0
5185, 0
5186, 0
5187, 0
5188, 0
5189, 0
5190, 0.02
5191, 0.18
5192, 0.38
5193, 0.56
5194, 0.72
5195, 1
5196, 1.14
5197, 1.2
5198, 1.2
5199, 1.04
5200, 0.84
5201, 0.58
5202, 0.34
5203, 0.14
5204, 0.02
5205, 0
5206, 0
5207, 0
5208, 0
5209, 0
5210, 0
5211, 0
5212, 0
5213, 0
5214, 0.04
5215, 0.16
5216, 0.42
5217, 0.72
5218, 0.92
5219, 0.88
5220, 0.92
5221, 1
5222, 1.1
5223, 0.8
5224, 0.58
5225, 0.34
5226, 0.18
5227, 0.06
5228, 0.02
5229, 0
5230, 0
5231, 0
5232, 0
5233, 0
5234, 0
5235, 0
5236, 0
5237, 0
5238, 0.02
5239, 0.1
5240, 0.2
5241, 0.26
5242, 0.42
5243, 0.72
5244, 0.84
5245, 0.92
5246, 1.02
5247, 0.86
5248, 0.6
5249, 0.38
5250, 0.22
5251, 0.1
5252, 0.02
5253, 0
5254, 0
5255, 0
5256, 0
5257, 0
5258, 0
5259, 0
5260, 0
5261, 0
5262, 0.02
5263, 0.08
5264, 0.16
5265, 0.4
5266, 0.66
5267, 0.9
5268, 0.88
5269, 0.76
5270, 0.52
5271, 0.46
5272, 0.4
5273, 0.26
5274, 0.16
5275, 0.06
5276, 0.02
5277, 0
5278, 0
5279, 0
5280, 0
5281, 0
5282, 0
5283, 0
5284, 0
5285, 0
5286, 0.02
5287, 0.04
5288, 0.06
5289, 0.1
5290, 0.14
5291, 0.14
5292, 0.2
5293, 0.24
5294, 0.26
5295, 0.28
5296, 0.22
5297, 0.24
5298, 0.18
5299, 0.08
5300, 0.02
5301, 0
5302, 0
5303, 0
5304, 0
5305, 0
5306, 0
5307, 0
5308, 0
5309, 0
5310, 0.02
5311, 0.12
5312, 0.32
5313, 0.56
5314, 0.78
5315, 0.9
5316, 0.98
5317, 1.08
5318, 1.14
5319, 1.02
5320, 0.76
5321, 0.38
5322, 0.26
5323, 0.12
5324, 0.02
5325, 0
5326, 0
5327, 0
5328, 0
5329, 0
5330, 0
5331, 0
5332, 0
5333, 0
5334, 0.02
5335, 0.1
5336, 0.34
5337, 0.62
5338, 0.9
5339, 1.08
5340, 1.14
5341, 1.16
5342, 1.06
5343, 0.98
5344, 0.8
5345, 0.52
5346, 0.28
5347, 0.1
5348, 0.02
5349, 0
5350, 0
5351, 0
5352, 0
5353, 0
5354, 0
5355, 0
5356, 0
5357, 0
5358, 0.02
5359, 0.12
5360, 0.32
5361, 0.56
5362, 0.74
5363, 0.74
5364, 0.62
5365, 0.5
5366, 0.3
5367, 0.32
5368, 0.38
5369, 0.44
5370, 0.28
5371, 0.12
5372, 0
5373, 0
5374, 0
5375, 0
5376, 0
5377, 0
5378, 0
5379, 0
5380, 0
5381, 0
5382, 0.02
5383, 0.02
5384, 0.08
5385, 0.24
5386, 0.52
5387, 0.82
5388, 0.84
5389, 0.8
5390, 0.78
5391, 0.68
5392, 0.48
5393, 0.18
5394, 0.14
5395, 0.06
5396, 0
5397, 0
5398, 0
5399, 0
5400, 0
5401, 0
5402, 0
5403, 0
5404, 0
5405, 0
5406, 0.02
5407, 0.18
5408, 0.54
5409, 0.92
5410, 1.14
5411, 1.16
5412, 1.18
5413, 1.1
5414, 1
5415, 0.92
5416, 0.78
5417, 0.6
5418, 0.36
5419, 0.1
5420, 0
5421, 0
5422, 0
5423, 0
5424, 0
5425, 0
5426, 0
5427, 0
5428, 0
5429, 0
5430, 0.02
5431, 0.06
5432, 0.2
5433, 0.46
5434, 0.68
5435, 0.96
5436, 1.06
5437, 1.1
5438, 1.12
5439, 0.96
5440, 0.76
5441, 0.54
5442, 0.3
5443, 0.12
5444, 0.02
5445, 0
5446, 0
5447, 0
5448, 0
5449, 0
5450, 0
5451, 0
5452, 0
5453, 0
5454, 0.02
5455, 0.14
5456, 0.42
5457, 0.72
5458, 1
5459, 1.12
5460, 1.26
5461, 1.22
5462, 1.16
5463, 1.06
5464, 0.86
5465, 0.58
5466, 0.32
5467, 0.1
5468, 0
5469, 0
5470, 0
5471, 0
5472, 0
5473, 0
5474, 0
5475, 0
5476, 0
5477, 0
5478, 0.02
5479, 0.14
5480, 0.4
5481, 0.7
5482, 0.96
5483, 1.12
5484, 1.2
5485, 1.06
5486, 0.86
5487, 0.78
5488, 0.68
5489, 0.5
5490, 0.28
5491, 0.08
5492, 0
5493, 0
5494, 0
5495, 0
5496, 0
5497, 0
5498, 0
5499, 0
5500, 0
5501, 0
5502, 0.02
5503, 0.14
5504, 0.38
5505, 0.62
5506, 0.86
5507, 1
5508, 1.02
5509, 0.98
5510, 0.9
5511, 0.72
5512, 0.5
5513, 0.2
5514, 0.12
5515, 0.04
5516, 0
5517, 0
5518, 0
5519, 0
5520, 0
5521, 0
5522, 0
5523, 0
5524, 0
5525, 0
5526, 0.02
5527, 0.04
5528, 0.1
5529, 0.2
5530, 0.26
5531, 0.34
5532, 0.42
5533, 0.46
5534, 0.48
5535, 0.4
5536, 0.28
5537, 0.16
5538, 0.1
5539, 0.06
5540, 0
5541, 0
5542, 0
5543, 0
5544, 0
5545, 0
5546, 0
5547, 0
5548, 0
5549, 0
5550, 0
5551, 0.02
5552, 0.12
5553, 0.2
5554, 0.32
5555, 0.44
5556, 0.62
5557, 0.54
5558, 0.42
5559, 0.42
5560, 0.42
5561, 0.4
5562, 0.24
5563, 0.08
5564, 0
5565, 0
5566, 0
5567, 0
5568, 0
5569, 0
5570, 0
5571, 0
5572, 0
5573, 0
5574, 0
5575, 0.04
5576, 0.18
5577, 0.3
5578, 0.6
5579, 1.04
5580, 1.12
5581, 1.12
5582, 1.1
5583, 0.98
5584, 0.76
5585, 0.52
5586, 0.3
5587, 0.12
5588, 0
5589, 0
5590, 0
5591, 0
5592, 0
5593, 0
5594, 0
5595, 0
5596, 0
5597, 0
5598, 0
5599, 0.1
5600, 0.36
5601, 0.7
5602, 0.96
5603, 1.16
5604, 1.3
5605, 1.32
5606, 1.26
5607, 1.1
5608, 0.86
5609, 0.58
5610, 0.3
5611, 0.08
5612, 0
5613, 0
5614, 0
5615, 0
5616, 0
5617, 0
5618, 0
5619, 0
5620, 0
5621, 0
5622, 0
5623, 0.08
5624, 0.22
5625, 0.38
5626, 0.6
5627, 0.76
5628, 0.84
5629, 0.8
5630, 0.68
5631, 0.6
5632, 0.48
5633, 0.38
5634, 0.22
5635, 0.1
5636, 0
5637, 0
5638, 0
5639, 0
5640, 0
5641, 0
5642, 0
5643, 0
5644, 0
5645, 0
5646, 0
5647, 0.12
5648, 0.38
5649, 0.68
5650, 0.92
5651, 1.08
5652, 1.14
5653, 1.08
5654, 0.96
5655, 0.8
5656, 0.58
5657, 0.4
5658, 0.2
5659, 0.08
5660, 0
5661, 0
5662, 0
5663, 0
5664, 0
5665, 0
5666, 0
5667, 0
5668, 0
5669, 0
5670, 0.02
5671, 0.1
5672, 0.3
5673, 0.5
5674, 0.68
5675, 0.8
5676, 0.88
5677, 0.9
5678, 0.8
5679, 0.72
5680, 0.54
5681, 0.22
5682, 0.12
5683, 0.04
5684, 0
5685, 0
5686, 0
5687, 0
5688, 0
5689, 0
5690, 0
5691, 0
5692, 0
5693, 0
5694, 0
5695, 0.08
5696, 0.22
5697, 0.36
5698, 0.5
5699, 0.7
5700, 0.78
5701, 0.78
5702, 0.7
5703, 0.6
5704, 0.46
5705, 0.28
5706, 0.16
5707, 0.06
5708, 0
5709, 0
5710, 0
5711, 0
5712, 0
5713, 0
5714, 0
5715, 0
5716, 0
5717, 0
5718, 0
5719, 0.1
5720, 0.32
5721, 0.52
5722, 0.6
5723, 0.5
5724, 0.56
5725, 0.6
5726, 0.54
5727, 0.38
5728, 0.24
5729, 0.08
5730, 0.06
5731, 0.02
5732, 0
5733, 0
5734, 0
5735, 0
5736, 0
5737, 0
5738, 0
5739, 0
5740, 0
5741, 0
5742, 0
5743, 0.1
5744, 0.36
5745, 0.58
5746, 0.78
5747, 0.76
5748, 0.9
5749, 0.82
5750, 0.72
5751, 0.68
5752, 0.56
5753, 0.4
5754, 0.24
5755, 0.08
5756, 0
5757, 0
5758, 0
5759, 0
5760, 0
5761, 0
5762, 0
5763, 0
5764, 0
5765, 0
5766, 0
5767, 0.1
5768, 0.32
5769, 0.62
5770, 0.9
5771, 1
5772, 1.1
5773, 1.08
5774, 1.04
5775, 0.88
5776, 0.7
5777, 0.48
5778, 0.26
5779, 0.08
5780, 0
5781, 0
5782, 0
5783, 0
5784, 0
5785, 0
5786, 0
5787, 0
5788, 0
5789, 0
5790, 0
5791, 0.08
5792, 0.26
5793, 0.42
5794, 0.52
5795, 0.72
5796, 0.74
5797, 0.8
5798, 0.82
5799, 0.74
5800, 0.6
5801, 0.38
5802, 0.18
5803, 0.06
5804, 0
5805, 0
5806, 0
5807, 0
5808, 0
5809, 0
5810, 0
5811, 0
5812, 0
5813, 0
5814, 0
5815, 0.02
5816, 0.12
5817, 0.24
5818, 0.48
5819, 0.86
5820, 0.92
5821, 0.94
5822, 0.92
5823, 0.78
5824, 0.54
5825, 0.2
5826, 0.08
5827, 0.02
5828, 0
5829, 0
5830, 0
5831, 0
5832, 0
5833, 0
5834, 0
5835, 0
5836, 0
5837, 0
5838, 0
5839, 0.1
5840, 0.36
5841, 0.64
5842, 0.86
5843, 0.82
5844, 0.86
5845, 0.8
5846, 0.76
5847, 0.7
5848, 0.54
5849, 0.34
5850, 0.16
5851, 0.04
5852, 0
5853, 0
5854, 0
5855, 0
5856, 0
5857, 0
5858, 0
5859, 0
5860, 0
5861, 0
5862, 0
5863, 0.02
5864, 0.08
5865, 0.16
5866, 0.3
5867, 0.38
5868, 0.42
5869, 0.38
5870, 0.2
5871, 0.18
5872, 0.12
5873, 0.06
5874, 0.02
5875, 0
5876, 0
5877, 0
5878, 0
5879, 0
5880, 0
5881, 0
5882, 0
5883, 0
5884, 0
5885, 0
5886, 0
5887, 0
5888, 0.02
5889, 0.02
5890, 0.06
5891, 0.12
5892, 0.1
5893, 0.16
5894, 0.32
5895, 0.28
5896, 0.2
5897, 0.06
5898, 0.04
5899, 0.02
5900, 0
5901, 0
5902, 0
5903, 0
5904, 0
5905, 0
5906, 0
5907, 0
5908, 0
5909, 0
5910, 0
5911, 0.04
5912, 0.22
5913, 0.48
5914, 0.64
5915, 0.66
5916, 0.84
5917, 0.8
5918, 0.66
5919, 0.58
5920, 0.54
5921, 0.5
5922, 0.1
5923, 0.04
5924, 0
5925, 0
5926, 0
5927, 0
5928, 0
5929, 0
5930, 0
5931, 0
5932, 0
5933, 0
5934, 0
5935, 0.06
5936, 0.3
5937, 0.62
5938, 0.9
5939, 1.08
5940, 1.18
5941, 1.2
5942, 1.14
5943, 1
5944, 0.78
5945, 0.48
5946, 0.12
5947, 0.04
5948, 0
5949, 0
5950, 0
5951, 0
5952, 0
5953, 0
5954, 0
5955, 0
5956, 0
5957, 0
5958, 0
5959, 0.08
5960, 0.34
5961, 0.68
5962, 0.94
5963, 1.08
5964, 1.18
5965, 1.2
5966, 1.08
5967, 0.98
5968, 0.76
5969, 0.48
5970, 0.1
5971, 0.02
5972, 0
5973, 0
5974, 0
5975, 0
5976, 0
5977, 0
5978, 0
5979, 0
5980, 0
5981, 0
5982, 0
5983, 0.08
5984, 0.34
5985, 0.66
5986, 0.88
5987, 1.04
5988, 1.1
5989, 1.12
5990, 1.06
5991, 0.9
5992, 0.66
5993, 0.38
5994, 0.1
5995, 0.02
5996, 0
5997, 0
5998, 0
5999, 0
6000, 0
6001, 0
6002, 0
6003, 0
6004, 0
6005, 0
6006, 0
6007, 0.06
6008, 0.22
6009, 0.42
6010, 0.64
6011, 0.84
6012, 0.8
6013, 0.58
6014, 0.3
6015, 0.28
6016, 0.24
6017, 0.2
6018, 0.08
6019, 0.02
6020, 0
6021, 0
6022, 0
6023, 0
6024, 0
6025, 0
6026, 0
6027, 0
6028, 0
6029, 0
6030, 0
6031, 0
6032, 0.02
6033, 0.08
6034, 0.18
6035, 0.3
6036, 0.3
6037, 0.34
6038, 0.32
6039, 0.3
6040, 0.26
6041, 0.24
6042, 0.1
6043, 0.02
6044, 0
6045, 0
6046, 0
6047, 0
6048, 0
6049, 0
6050, 0
6051, 0
6052, 0
6053, 0
6054, 0
6055, 0
6056, 0.02
6057, 0.08
6058, 0.3
6059, 0.56
6060, 0.54
6061, 0.5
6062, 0.4
6063, 0.38
6064, 0.32
6065, 0.3
6066, 0.1
6067, 0.02
6068, 0
6069, 0
6070, 0
6071, 0
6072, 0
6073, 0
6074, 0
6075, 0
6076, 0
6077, 0
6078, 0
6079, 0.04
6080, 0.2
6081, 0.34
6082, 0.34
6083, 0.18
6084, 0.16
6085, 0.22
6086, 0.34
6087, 0.32
6088, 0.24
6089, 0.14
6090, 0.06
6091, 0.02
6092, 0
6093, 0
6094, 0
6095, 0
6096, 0
6097, 0
6098, 0
6099, 0
6100, 0
6101, 0
6102, 0
6103, 0.02
6104, 0.08
6105, 0.2
6106, 0.28
6107, 0.32
6108, 0.34
6109, 0.36
6110, 0.44
6111, 0.42
6112, 0.36
6113, 0.24
6114, 0.1
6115, 0.02
6116, 0
6117, 0
6118, 0
6119, 0
6120, 0
6121, 0
6122, 0
6123, 0
6124, 0
6125, 0
6126, 0
6127, 0.04
6128, 0.16
6129, 0.4
6130, 0.66
6131, 0.8
6132, 0.86
6133, 0.9
6134, 0.86
6135, 0.7
6136, 0.48
6137, 0.22
6138, 0.1
6139, 0.02
6140, 0
6141, 0
6142, 0
6143, 0
6144, 0
6145, 0
6146, 0
6147, 0
6148, 0
6149, 0
6150, 0
6151, 0.06
6152, 0.28
6153, 0.56
6154, 0.88
6155, 1.12
6156, 1.18
6157, 1.18
6158, 1
6159, 0.74
6160, 0.48
6161, 0.14
6162, 0.06
6163, 0
6164, 0
6165, 0
6166, 0
6167, 0
6168, 0
6169, 0
6170, 0
6171, 0
6172, 0
6173, 0
6174, 0
6175, 0.02
6176, 0.08
6177, 0.14
6178, 0.12
6179, 0.08
6180, 0.1
6181, 0.12
6182, 0.14
6183, 0.16
6184, 0.12
6185, 0.1
6186, 0.04
6187, 0
6188, 0
6189, 0
6190, 0
6191, 0
6192, 0
6193, 0
6194, 0
6195, 0
6196, 0
6197, 0
6198, 0
6199, 0.02
6200, 0.06
6201, 0.12
6202, 0.12
6203, 0.1
6204, 0.14
6205, 0.26
6206, 0.3
6207, 0.34
6208, 0.24
6209, 0.1
6210, 0.04
6211, 0
6212, 0
6213, 0
6214, 0
6215, 0
6216, 0
6217, 0
6218, 0
6219, 0
6220, 0
6221, 0
6222, 0
6223, 0.02
6224, 0.16
6225, 0.42
6226, 0.7
6227, 0.88
6228, 0.88
6229, 0.82
6230, 0.66
6231, 0.56
6232, 0.44
6233, 0.32
6234, 0.1
6235, 0
6236, 0
6237, 0
6238, 0
6239, 0
6240, 0
6241, 0
6242, 0
6243, 0
6244, 0
6245, 0
6246, 0
6247, 0
6248, 0.02
6249, 0.02
6250, 0.06
6251, 0.1
6252, 0.18
6253, 0.3
6254, 0.46
6255, 0.44
6256, 0.34
6257, 0.22
6258, 0.08
6259, 0
6260, 0
6261, 0
6262, 0
6263, 0
6264, 0
6265, 0
6266, 0
6267, 0
6268, 0
6269, 0
6270, 0
6271, 0.02
6272, 0.08
6273, 0.22
6274, 0.44
6275, 0.6
6276, 0.68
6277, 0.6
6278, 0.42
6279, 0.38
6280, 0.3
6281, 0.22
6282, 0.08
6283, 0
6284, 0
6285, 0
6286, 0
6287, 0
6288, 0
6289, 0
6290, 0
6291, 0
6292, 0
6293, 0
6294, 0
6295, 0
6296, 0.02
6297, 0.04
6298, 0.08
6299, 0.14
6300, 0.26
6301, 0.32
6302, 0.42
6303, 0.32
6304, 0.24
6305, 0.12
6306, 0.04
6307, 0
6308, 0
6309, 0
6310, 0
6311, 0
6312, 0
6313, 0
6314, 0
6315, 0
6316, 0
6317, 0
6318, 0
6319, 0
6320, 0.04
6321, 0.12
6322, 0.34
6323, 0.6
6324, 0.58
6325, 0.52
6326, 0.36
6327, 0.32
6328, 0.24
6329, 0.18
6330, 0.06
6331, 0
6332, 0
6333, 0
6334, 0
6335, 0
6336, 0
6337, 0
6338, 0
6339, 0
6340, 0
6341, 0
6342, 0
6343, 0.02
6344, 0.12
6345, 0.32
6346, 0.58
6347, 0.8
6348, 0.84
6349, 0.78
6350, 0.7
6351, 0.58
6352, 0.4
6353, 0.14
6354, 0.08
6355, 0
6356, 0
6357, 0
6358, 0
6359, 0
6360, 0
6361, 0
6362, 0
6363, 0
6364, 0
6365, 0
6366, 0
6367, 0.02
6368, 0.04
6369, 0.08
6370, 0.12
6371, 0.12
6372, 0.12
6373, 0.14
6374, 0.18
6375, 0.16
6376, 0.1
6377, 0.04
6378, 0.02
6379, 0
6380, 0
6381, 0
6382, 0
6383, 0
6384, 0
6385, 0
6386, 0
6387, 0
6388, 0
6389, 0
6390, 0
6391, 0
6392, 0.02
6393, 0.04
6394, 0.1
6395, 0.18
6396, 0.24
6397, 0.36
6398, 0.44
6399, 0.42
6400, 0.32
6401, 0.22
6402, 0.12
6403, 0
6404, 0
6405, 0
6406, 0
6407, 0
6408, 0
6409, 0
6410, 0
6411, 0
6412, 0
6413, 0
6414, 0
6415, 0
6416, 0.06
6417, 0.18
6418, 0.3
6419, 0.44
6420, 0.52
6421, 0.62
6422, 0.72
6423, 0.54
6424, 0.36
6425, 0.18
6426, 0.04
6427, 0
6428, 0
6429, 0
6430, 0
6431, 0
6432, 0
6433, 0
6434, 0
6435, 0
6436, 0
6437, 0
6438, 0
6439, 0
6440, 0.06
6441, 0.14
6442, 0.16
6443, 0.16
6444, 0.34
6445, 0.36
6446, 0.32
6447, 0.28
6448, 0.18
6449, 0.1
6450, 0.02
6451, 0
6452, 0
6453, 0
6454, 0
6455, 0
6456, 0
6457, 0
6458, 0
6459, 0
6460, 0
6461, 0
6462, 0
6463, 0.02
6464, 0.14
6465, 0.38
6466, 0.6
6467, 0.8
6468, 0.94
6469, 1.1
6470, 1
6471, 0.86
6472, 0.62
6473, 0.36
6474, 0.06
6475, 0
6476, 0
6477, 0
6478, 0
6479, 0
6480, 0
6481, 0
6482, 0
6483, 0
6484, 0
6485, 0
6486, 0
6487, 0.02
6488, 0.22
6489, 0.5
6490, 0.74
6491, 0.9
6492, 1.04
6493, 1.08
6494, 1.02
6495, 0.84
6496, 0.6
6497, 0.16
6498, 0.04
6499, 0
6500, 0
6501, 0
6502, 0
6503, 0
6504, 0
6505, 0
6506, 0
6507, 0
6508, 0
6509, 0
6510, 0
6511, 0.02
6512, 0.18
6513, 0.44
6514, 0.74
6515, 0.98
6516, 1.14
6517, 1.16
6518, 1.1
6519, 0.9
6520, 0.64
6521, 0.12
6522, 0.04
6523, 0
6524, 0
6525, 0
6526, 0
6527, 0
6528, 0
6529, 0
6530, 0
6531, 0
6532, 0
6533, 0
6534, 0
6535, 0
6536, 0.18
6537, 0.54
6538, 0.84
6539, 0.92
6540, 1
6541, 0.98
6542, 0.82
6543, 0.74
6544, 0.52
6545, 0.12
6546, 0.06
6547, 0
6548, 0
6549, 0
6550, 0
6551, 0
6552, 0
6553, 0
6554, 0
6555, 0
6556, 0
6557, 0
6558, 0
6559, 0.02
6560, 0.14
6561, 0.38
6562, 0.7
6563, 0.92
6564, 1.02
6565, 1
6566, 0.92
6567, 0.78
6568, 0.54
6569, 0.1
6570, 0.06
6571, 0
6572, 0
6573, 0
6574, 0
6575, 0
6576, 0
6577, 0
6578, 0
6579, 0
6580, 0
6581, 0
6582, 0
6583, 0.02
6584, 0.18
6585, 0.52
6586, 0.8
6587, 0.98
6588, 1.1
6589, 1.12
6590, 1.02
6591, 0.84
6592, 0.6
6593, 0.1
6594, 0.04
6595, 0
6596, 0
6597, 0
6598, 0
6599, 0
6600, 0
6601, 0
6602, 0
6603, 0
6604, 0
6605, 0
6606, 0
6607, 0.02
6608, 0.2
6609, 0.52
6610, 0.84
6611, 1.04
6612, 1.16
6613, 1.18
6614, 1.1
6615, 0.9
6616, 0.6
6617, 0.1
6618, 0.02
6619, 0
6620, 0
6621, 0
6622, 0
6623, 0
6624, 0
6625, 0
6626, 0
6627, 0
6628, 0
6629, 0
6630, 0
6631, 0.02
6632, 0.14
6633, 0.36
6634, 0.56
6635, 0.74
6636, 0.92
6637, 0.9
6638, 0.82
6639, 0.7
6640, 0.44
6641, 0.16
6642, 0.04
6643, 0
6644, 0
6645, 0
6646, 0
6647, 0
6648, 0
6649, 0
6650, 0
6651, 0
6652, 0
6653, 0
6654, 0
6655, 0.02
6656, 0.16
6657, 0.36
6658, 0.5
6659, 0.52
6660, 0.46
6661, 0.4
6662, 0.18
6663, 0.18
6664, 0.16
6665, 0.12
6666, 0.02
6667, 0
6668, 0
6669, 0
6670, 0
6671, 0
6672, 0
6673, 0
6674, 0
6675, 0
6676, 0
6677, 0
6678, 0
6679, 0
6680, 0.02
6681, 0.06
6682, 0.06
6683, 0.04
6684, 0.04
6685, 0.04
6686, 0.04
6687, 0.02
6688, 0.02
6689, 0.02
6690, 0
6691, 0
6692, 0
6693, 0
6694, 0
6695, 0
6696, 0
6697, 0
6698, 0
6699, 0
6700, 0
6701, 0
6702, 0
6703, 0
6704, 0.06
6705, 0.2
6706, 0.36
6707, 0.5
6708, 0.58
6709, 0.56
6710, 0.46
6711, 0.4
6712, 0.28
6713, 0.1
6714, 0.02
6715, 0
6716, 0
6717, 0
6718, 0
6719, 0
6720, 0
6721, 0
6722, 0
6723, 0
6724, 0
6725, 0
6726, 0
6727, 0
6728, 0.08
6729, 0.26
6730, 0.46
6731, 0.64
6732, 0.76
6733, 0.78
6734, 0.72
6735, 0.56
6736, 0.34
6737, 0.06
6738, 0.02
6739, 0
6740, 0
6741, 0
6742, 0
6743, 0
6744, 0
6745, 0
6746, 0
6747, 0
6748, 0
6749, 0
6750, 0
6751, 0
6752, 0.06
6753, 0.18
6754, 0.36
6755, 0.42
6756, 0.4
6757, 0.3
6758, 0.08
6759, 0.06
6760, 0.04
6761, 0.02
6762, 0
6763, 0
6764, 0
6765, 0
6766, 0
6767, 0
6768, 0
6769, 0
6770, 0
6771, 0
6772, 0
6773, 0
6774, 0
6775, 0
6776, 0.02
6777, 0.02
6778, 0.04
6779, 0.12
6780, 0.1
6781, 0.08
6782, 0.04
6783, 0.04
6784, 0.02
6785, 0.02
6786, 0
6787, 0
6788, 0
6789, 0
6790, 0
6791, 0
6792, 0
6793, 0
6794, 0
6795, 0
6796, 0
6797, 0
6798, 0
6799, 0
6800, 0
6801, 0
6802, 0.02
6803, 0.04
6804, 0.04
6805, 0.06
6806, 0.06
6807, 0.04
6808, 0.04
6809, 0.02
6810, 0
6811, 0
6812, 0
6813, 0
6814, 0
6815, 0
6816, 0
6817, 0
6818, 0
6819, 0
6820, 0
6821, 0
6822, 0
6823, 0
6824, 0.04
6825, 0.08
6826, 0.12
6827, 0.14
6828, 0.16
6829, 0.16
6830, 0.2
6831, 0.14
6832, 0.12
6833, 0.06
6834, 0.02
6835, 0
6836, 0
6837, 0
6838, 0
6839, 0
6840, 0
6841, 0
6842, 0
6843, 0
6844, 0
6845, 0
6846, 0
6847, 0
6848, 0.06
6849, 0.22
6850, 0.36
6851, 0.46
6852, 0.56
6853, 0.56
6854, 0.52
6855, 0.4
6856, 0.24
6857, 0.04
6858, 0
6859, 0
6860, 0
6861, 0
6862, 0
6863, 0
6864, 0
6865, 0
6866, 0
6867, 0
6868, 0
6869, 0
6870, 0
6871, 0
6872, 0.06
6873, 0.16
6874, 0.22
6875, 0.24
6876, 0.26
6877, 0.34
6878, 0.38
6879, 0.34
6880, 0.22
6881, 0.12
6882, 0.02
6883, 0
6884, 0
6885, 0
6886, 0
6887, 0
6888, 0
6889, 0
6890, 0
6891, 0
6892, 0
6893, 0
6894, 0
6895, 0
6896, 0.02
6897, 0.06
6898, 0.08
6899, 0.12
6900, 0.2
6901, 0.24
6902, 0.18
6903, 0.18
6904, 0.12
6905, 0.08
6906, 0
6907, 0
6908, 0
6909, 0
6910, 0
6911, 0
6912, 0
6913, 0
6914, 0
6915, 0
6916, 0
6917, 0
6918, 0
6919, 0
6920, 0.02
6921, 0.04
6922, 0.12
6923, 0.24
6924, 0.28
6925, 0.38
6926, 0.42
6927, 0.3
6928, 0.18
6929, 0.04
6930, 0
6931, 0
6932, 0
6933, 0
6934, 0
6935, 0
6936, 0
6937, 0
6938, 0
6939, 0
6940, 0
6941, 0
6942, 0
6943, 0
6944, 0.04
6945, 0.22
6946, 0.4
6947, 0.52
6948, 0.66
6949, 0.7
6950, 0.68
6951, 0.44
6952, 0.22
6953, 0.02
6954, 0
6955, 0
6956, 0
6957, 0
6958, 0
6959, 0
6960, 0
6961, 0
6962, 0
6963, 0
6964, 0
6965, 0
6966, 0
6967, 0
6968, 0
6969, 0.04
6970, 0.12
6971, 0.22
6972, 0.24
6973, 0.24
6974, 0.22
6975, 0.16
6976, 0.1
6977, 0.04
6978, 0
6979, 0
6980, 0
6981, 0
6982, 0
6983, 0
6984, 0
6985, 0
6986, 0
6987, 0
6988, 0
6989, 0
6990, 0
6991, 0
6992, 0.06
6993, 0.28
6994, 0.58
6995, 0.86
6996, 0.96
6997, 0.86
6998, 0.72
6999, 0.62
7000, 0.46
7001, 0.08
7002, 0
7003, 0
7004, 0
7005, 0
7006, 0
7007, 0
7008, 0
7009, 0
7010, 0
7011, 0
7012, 0
7013, 0
7014, 0
7015, 0
7016, 0.04
7017, 0.12
7018, 0.3
7019, 0.52
7020, 0.56
7021, 0.52
7022, 0.44
7023, 0.32
7024, 0.16
7025, 0.04
7026, 0
7027, 0
7028, 0
7029, 0
7030, 0
7031, 0
7032, 0
7033, 0
7034, 0
7035, 0
7036, 0
7037, 0
7038, 0
7039, 0
7040, 0.06
7041, 0.26
7042, 0.48
7043, 0.56
7044, 0.54
7045, 0.44
7046, 0.14
7047, 0.12
7048, 0.12
7049, 0.04
7050, 0
7051, 0
7052, 0
7053, 0
7054, 0
7055, 0
7056, 0
7057, 0
7058, 0
7059, 0
7060, 0
7061, 0
7062, 0
7063, 0
7064, 0.06
7065, 0.18
7066, 0.28
7067, 0.36
7068, 0.58
7069, 0.72
7070, 0.68
7071, 0.54
7072, 0.3
7073, 0.08
7074, 0
7075, 0
7076, 0
7077, 0
7078, 0
7079, 0
7080, 0
7081, 0
7082, 0
7083, 0
7084, 0
7085, 0
7086, 0
7087, 0
7088, 0.04
7089, 0.12
7090, 0.16
7091, 0.16
7092, 0.2
7093, 0.24
7094, 0.3
7095, 0.22
7096, 0.16
7097, 0.04
7098, 0
7099, 0
7100, 0
7101, 0
7102, 0
7103, 0
7104, 0
7105, 0
7106, 0
7107, 0
7108, 0
7109, 0
7110, 0
7111, 0
7112, 0.04
7113, 0.16
7114, 0.26
7115, 0.28
7116, 0.4
7117, 0.36
7118, 0.36
7119, 0.36
7120, 0.08
7121, 0.06
7122, 0
7123, 0
7124, 0
7125, 0
7126, 0
7127, 0
7128, 0
7129, 0
7130, 0
7131, 0
7132, 0
7133, 0
7134, 0
7135, 0
7136, 0.04
7137, 0.18
7138, 0.34
7139, 0.46
7140, 0.52
7141, 0.46
7142, 0.22
7143, 0.18
7144, 0.08
7145, 0.04
7146, 0
7147, 0
7148, 0
7149, 0
7150, 0
7151, 0
7152, 0
7153, 0
7154, 0
7155, 0
7156, 0
7157, 0
7158, 0
7159, 0
7160, 0.02
7161, 0.12
7162, 0.32
7163, 0.4
7164, 0.52
7165, 0.6
7166, 0.52
7167, 0.42
7168, 0.1
7169, 0.04
7170, 0
7171, 0
7172, 0
7173, 0
7174, 0
7175, 0
7176, 0
7177, 0
7178, 0
7179, 0
7180, 0
7181, 0
7182, 0
7183, 0
7184, 0.02
7185, 0.1
7186, 0.32
7187, 0.68
7188, 0.8
7189, 0.82
7190, 0.64
7191, 0.4
7192, 0.14
7193, 0.02
7194, 0
7195, 0
7196, 0
7197, 0
7198, 0
7199, 0
7200, 0
7201, 0
7202, 0
7203, 0
7204, 0
7205, 0
7206, 0
7207, 0
7208, 0.02
7209, 0.04
7210, 0.22
7211, 0.48
7212, 0.36
7213, 0.38
7214, 0.4
7215, 0.32
7216, 0.08
7217, 0.04
7218, 0
7219, 0
7220, 0
7221, 0
7222, 0
7223, 0
7224, 0
7225, 0
7226, 0
7227, 0
7228, 0
7229, 0
7230, 0
7231, 0
7232, 0.02
7233, 0.12
7234, 0.3
7235, 0.46
7236, 0.54
7237, 0.64
7238, 0.6
7239, 0.46
7240, 0.1
7241, 0.02
7242, 0
7243, 0
7244, 0
7245, 0
7246, 0
7247, 0
7248, 0
7249, 0
7250, 0
7251, 0
7252, 0
7253, 0
7254, 0
7255, 0
7256, 0.02
7257, 0.18
7258, 0.4
7259, 0.46
7260, 0.54
7261, 0.5
7262, 0.44
7263, 0.36
7264, 0.24
7265, 0.02
7266, 0
7267, 0
7268, 0
7269, 0
7270, 0
7271, 0
7272, 0
7273, 0
7274, 0
7275, 0
7276, 0
7277, 0
7278, 0
7279, 0
7280, 0.02
7281, 0.14
7282, 0.6
7283, 0.8
7284, 1
7285, 0.98
7286, 0.82
7287, 0.64
7288, 0.36
7289, 0.02
7290, 0
7291, 0
7292, 0
7293, 0
7294, 0
7295, 0
7296, 0
7297, 0
7298, 0
7299, 0
7300, 0
7301, 0
7302, 0
7303, 0
7304, 0.02
7305, 0.06
7306, 0.14
7307, 0.2
7308, 0.24
7309, 0.26
7310, 0.2
7311, 0.16
7312, 0.08
7313, 0.02
7314, 0
7315, 0
7316, 0
7317, 0
7318, 0
7319, 0
7320, 0
7321, 0
7322, 0
7323, 0
7324, 0
7325, 0
7326, 0
7327, 0
7328, 0
7329, 0.02
7330, 0.08
7331, 0.06
7332, 0.1
7333, 0.1
7334, 0.04
7335, 0.04
7336, 0.02
7337, 0
7338, 0
7339, 0
7340, 0
7341, 0
7342, 0
7343, 0
7344, 0
7345, 0
7346, 0
7347, 0
7348, 0
7349, 0
7350, 0
7351, 0
7352, 0
7353, 0.02
7354, 0.06
7355, 0.2
7356, 0.28
7357, 0.36
7358, 0.24
7359, 0.2
7360, 0.12
7361, 0
7362, 0
7363, 0
7364, 0
7365, 0
7366, 0
7367, 0
7368, 0
7369, 0
7370, 0
7371, 0
7372, 0
7373, 0
7374, 0
7375, 0
7376, 0
7377, 0.02
7378, 0.1
7379, 0.16
7380, 0.38
7381, 0.4
7382, 0.26
7383, 0.12
7384, 0.06
7385, 0.02
7386, 0
7387, 0
7388, 0
7389, 0
7390, 0
7391, 0
7392, 0
7393, 0
7394, 0
7395, 0
7396, 0
7397, 0
7398, 0
7399, 0
7400, 0
7401, 0.04
7402, 0.08
7403, 0.2
7404, 0.38
7405, 0.5
7406, 0.5
7407, 0.3
7408, 0.14
7409, 0.02
7410, 0
7411, 0
7412, 0
7413, 0
7414, 0
7415, 0
7416, 0
7417, 0
7418, 0
7419, 0
7420, 0
7421, 0
7422, 0
7423, 0
7424, 0
7425, 0.04
7426, 0.28
7427, 0.4
7428, 0.5
7429, 0.38
7430, 0.32
7431, 0.2
7432, 0.08
7433, 0.02
7434, 0
7435, 0
7436, 0
7437, 0
7438, 0
7439, 0
7440, 0
7441, 0
7442, 0
7443, 0
7444, 0
7445, 0
7446, 0
7447, 0
7448, 0
7449, 0.06
7450, 0.08
7451, 0.06
7452, 0.12
7453, 0.1
7454, 0.08
7455, 0.06
7456, 0.02
7457, 0
7458, 0
7459, 0
7460, 0
7461, 0
7462, 0
7463, 0
7464, 0
7465, 0
7466, 0
7467, 0
7468, 0
7469, 0
7470, 0
7471, 0
7472, 0
7473, 0
7474, 0.02
7475, 0.02
7476, 0.04
7477, 0.04
7478, 0.04
7479, 0.02
7480, 0.02
7481, 0
7482, 0
7483, 0
7484, 0
7485, 0
7486, 0
7487, 0
7488, 0
7489, 0
7490, 0
7491, 0
7492, 0
7493, 0
7494, 0
7495, 0
7496, 0
7497, 0.04
7498, 0.24
7499, 0.56
7500, 0.66
7501, 0.7
7502, 0.52
7503, 0.4
7504, 0.16
7505, 0.02
7506, 0
7507, 0
7508, 0
7509, 0
7510, 0
7511, 0
7512, 0
7513, 0
7514, 0
7515, 0
7516, 0
7517, 0
7518, 0
7519, 0
7520, 0.02
7521, 0.08
7522, 0.12
7523, 0.18
7524, 0.18
7525, 0.18
7526, 0.22
7527, 0.14
7528, 0.06
7529, 0
7530, 0
7531, 0
7532, 0
7533, 0
7534, 0
7535, 0
7536, 0
7537, 0
7538, 0
7539, 0
7540, 0
7541, 0
7542, 0
7543, 0
7544, 0
7545, 0.08
7546, 0.26
7547, 0.42
7548, 0.56
7549, 0.56
7550, 0.5
7551, 0.38
7552, 0.16
7553, 0
7554, 0
7555, 0
7556, 0
7557, 0
7558, 0
7559, 0
7560, 0
7561, 0
7562, 0
7563, 0
7564, 0
7565, 0
7566, 0
7567, 0
7568, 0.02
7569, 0.18
7570, 0.36
7571, 0.52
7572, 0.64
7573, 0.6
7574, 0.52
7575, 0.36
7576, 0.14
7577, 0.02
7578, 0
7579, 0
7580, 0
7581, 0
7582, 0
7583, 0
7584, 0
7585, 0
7586, 0
7587, 0
7588, 0
7589, 0
7590, 0
7591, 0
7592, 0
7593, 0.02
7594, 0.06
7595, 0.18
7596, 0.3
7597, 0.44
7598, 0.54
7599, 0.34
7600, 0.16
7601, 0
7602, 0
7603, 0
7604, 0
7605, 0
7606, 0
7607, 0
7608, 0
7609, 0
7610, 0
7611, 0
7612, 0
7613, 0
7614, 0
7615, 0
7616, 0
7617, 0.08
7618, 0.24
7619, 0.32
7620, 0.4
7621, 0.36
7622, 0.3
7623, 0.16
7624, 0.06
7625, 0
7626, 0
7627, 0
7628, 0
7629, 0
7630, 0
7631, 0
7632, 0
7633, 0
7634, 0
7635, 0
7636, 0
7637, 0
7638, 0
7639, 0
7640, 0
7641, 0.04
7642, 0.08
7643, 0.12
7644, 0.16
7645, 0.16
7646, 0.12
7647, 0.1
7648, 0.04
7649, 0
7650, 0
7651, 0
7652, 0
7653, 0
7654, 0
7655, 0
7656, 0
7657, 0
7658, 0
7659, 0
7660, 0
7661, 0
7662, 0
7663, 0
7664, 0
7665, 0.04
7666, 0.16
7667, 0.3
7668, 0.36
7669, 0.38
7670, 0.34
7671, 0.22
7672, 0.1
7673, 0
7674, 0
7675, 0
7676, 0
7677, 0
7678, 0
7679, 0
7680, 0
7681, 0
7682, 0
7683, 0
7684, 0
7685, 0
7686, 0
7687, 0
7688, 0
7689, 0.02
7690, 0.04
7691, 0.06
7692, 0.06
7693, 0.06
7694, 0.08
7695, 0.06
7696, 0.02
7697, 0
7698, 0
7699, 0
7700, 0
7701, 0
7702, 0
7703, 0
7704, 0
7705, 0
7706, 0
7707, 0
7708, 0
7709, 0
7710, 0
7711, 0
7712, 0
7713, 0.04
7714, 0.08
7715, 0.1
7716, 0.12
7717, 0.18
7718, 0.24
7719, 0.16
7720, 0.06
7721, 0
7722, 0
7723, 0
7724, 0
7725, 0
7726, 0
7727, 0
7728, 0
7729, 0
7730, 0
7731, 0
7732, 0
7733, 0
7734, 0
7735, 0
7736, 0
7737, 0.06
7738, 0.16
7739, 0.24
7740, 0.32
7741, 0.3
7742, 0.22
7743, 0.12
7744, 0.04
7745, 0
7746, 0
7747, 0
7748, 0
7749, 0
7750, 0
7751, 0
7752, 0
7753, 0
7754, 0
7755, 0
7756, 0
7757, 0
7758, 0
7759, 0
7760, 0
7761, 0
7762, 0.04
7763, 0.06
7764, 0.08
7765, 0.1
7766, 0.08
7767, 0.04
7768, 0.02
7769, 0
7770, 0
7771, 0
7772, 0
7773, 0
7774, 0
7775, 0
7776, 0
7777, 0
7778, 0
7779, 0
7780, 0
7781, 0
7782, 0
7783, 0
7784, 0
7785, 0.04
7786, 0.14
7787, 0.14
7788, 0.18
7789, 0.16
7790, 0.08
7791, 0.04
7792, 0.02
7793, 0
7794, 0
7795, 0
7796, 0
7797, 0
7798, 0
7799, 0
7800, 0
7801, 0
7802, 0
7803, 0
7804, 0
7805, 0
7806, 0
7807, 0
7808, 0
7809, 0
7810, 0.02
7811, 0.02
7812, 0.04
7813, 0.04
7814, 0.04
7815, 0.02
7816, 0.02
7817, 0
7818, 0
7819, 0
7820, 0
7821, 0
7822, 0
7823, 0
7824, 0
7825, 0
7826, 0
7827, 0
7828, 0
7829, 0
7830, 0
7831, 0
7832, 0
7833, 0
7834, 0.02
7835, 0.02
7836, 0.04
7837, 0.04
7838, 0.02
7839, 0.02
7840, 0.02
7841, 0
7842, 0
7843, 0
7844, 0
7845, 0
7846, 0
7847, 0
7848, 0
7849, 0
7850, 0
7851, 0
7852, 0
7853, 0
7854, 0
7855, 0
7856, 0
7857, 0.02
7858, 0.06
7859, 0.06
7860, 0.08
7861, 0.08
7862, 0.08
7863, 0.04
7864, 0.02
7865, 0
7866, 0
7867, 0
7868, 0
7869, 0
7870, 0
7871, 0
7872, 0
7873, 0
7874, 0
7875, 0
7876, 0
7877, 0
7878, 0
7879, 0
7880, 0
7881, 0.06
7882, 0.46
7883, 0.54
7884, 0.68
7885, 0.66
7886, 0.54
7887, 0.34
7888, 0.04
7889, 0
7890, 0
7891, 0
7892, 0
7893, 0
7894, 0
7895, 0
7896, 0
7897, 0
7898, 0
7899, 0
7900, 0
7901, 0
7902, 0
7903, 0
7904, 0
7905, 0.06
7906, 0.2
7907, 0.14
7908, 0.18
7909, 0.3
7910, 0.44
7911, 0.28
7912, 0.02
7913, 0
7914, 0
7915, 0
7916, 0
7917, 0
7918, 0
7919, 0
7920, 0
7921, 0
7922, 0
7923, 0
7924, 0
7925, 0
7926, 0
7927, 0
7928, 0
7929, 0.1
7930, 0.16
7931, 0.36
7932, 0.46
7933, 0.46
7934, 0.4
7935, 0.24
7936, 0.06
7937, 0
7938, 0
7939, 0
7940, 0
7941, 0
7942, 0
7943, 0
7944, 0
7945, 0
7946, 0
7947, 0
7948, 0
7949, 0
7950, 0
7951, 0
7952, 0
7953, 0
7954, 0.04
7955, 0.04
7956, 0.04
7957, 0.04
7958, 0.02
7959, 0.02
7960, 0
7961, 0
7962, 0
7963, 0
7964, 0
7965, 0
7966, 0
7967, 0
7968, 0
7969, 0
7970, 0
7971, 0
7972, 0
7973, 0
7974, 0
7975, 0
7976, 0
7977, 0
7978, 0.02
7979, 0.06
7980, 0.06
7981, 0.06
7982, 0.04
7983, 0.04
7984, 0
7985, 0
7986, 0
7987, 0
7988, 0
7989, 0
7990, 0
7991, 0
7992, 0
7993, 0
7994, 0
7995, 0
7996, 0
7997, 0
7998, 0
7999, 0
8000, 0
8001, 0
8002, 0.02
8003, 0.04
8004, 0.06
8005, 0.06
8006, 0.04
8007, 0.02
8008, 0
8009, 0
8010, 0
8011, 0
8012, 0
8013, 0
8014, 0
8015, 0
8016, 0
8017, 0
8018, 0
8019, 0
8020, 0
8021, 0
8022, 0
8023, 0
8024, 0
8025, 0.02
8026, 0.12
8027, 0.24
8028, 0.32
8029, 0.28
8030, 0.1
8031, 0.06
8032, 0.02
8033, 0
8034, 0
8035, 0
8036, 0
8037, 0
8038, 0
8039, 0
8040, 0
8041, 0
8042, 0
8043, 0
8044, 0
8045, 0
8046, 0
8047, 0
8048, 0
8049, 0.02
8050, 0.06
8051, 0.36
8052, 0.42
8053, 0.46
8054, 0.4
8055, 0.28
8056, 0.04
8057, 0
8058, 0
8059, 0
8060, 0
8061, 0
8062, 0
8063, 0
8064, 0
8065, 0
8066, 0
8067, 0
8068, 0
8069, 0
8070, 0
8071, 0
8072, 0
8073, 0.06
8074, 0.2
8075, 0.38
8076, 0.48
8077, 0.5
8078, 0.42
8079, 0.26
8080, 0.06
8081, 0
8082, 0
8083, 0
8084, 0
8085, 0
8086, 0
8087, 0
8088, 0
8089, 0
8090, 0
8091, 0
8092, 0
8093, 0
8094, 0
8095, 0
8096, 0
8097, 0.04
8098, 0.1
8099, 0.1
8100, 0.12
8101, 0.12
8102, 0.1
8103, 0.06
8104, 0.02
8105, 0
8106, 0
8107, 0
8108, 0
8109, 0
8110, 0
8111, 0
8112, 0
8113, 0
8114, 0
8115, 0
8116, 0
8117, 0
8118, 0
8119, 0
8120, 0
8121, 0.02
8122, 0.1
8123, 0.22
8124, 0.22
8125, 0.22
8126, 0.14
8127, 0.08
8128, 0.02
8129, 0
8130, 0
8131, 0
8132, 0
8133, 0
8134, 0
8135, 0
8136, 0
8137, 0
8138, 0
8139, 0
8140, 0
8141, 0
8142, 0
8143, 0
8144, 0
8145, 0.02
8146, 0.08
8147, 0.32
8148, 0.4
8149, 0.36
8150, 0.28
8151, 0.12
8152, 0.04
8153, 0
8154, 0
8155, 0
8156, 0
8157, 0
8158, 0
8159, 0
8160, 0
8161, 0
8162, 0
8163, 0
8164, 0
8165, 0
8166, 0
8167, 0
8168, 0
8169, 0.02
8170, 0.06
8171, 0.04
8172, 0.06
8173, 0.08
8174, 0.1
8175, 0.06
8176, 0.02
8177, 0
8178, 0
8179, 0
8180, 0
8181, 0
8182, 0
8183, 0
8184, 0
8185, 0
8186, 0
8187, 0
8188, 0
8189, 0
8190, 0
8191, 0
8192, 0
8193, 0
8194, 0.02
8195, 0.06
8196, 0.12
8197, 0.16
8198, 0.16
8199, 0.12
8200, 0.02
8201, 0
8202, 0
8203, 0
8204, 0
8205, 0
8206, 0
8207, 0
8208, 0
8209, 0
8210, 0
8211, 0
8212, 0
8213, 0
8214, 0
8215, 0
8216, 0
8217, 0
8218, 0.02
8219, 0.02
8220, 0.04
8221, 0.04
8222, 0.02
8223, 0
8224, 0
8225, 0
8226, 0
8227, 0
8228, 0
8229, 0
8230, 0
8231, 0
8232, 0
8233, 0
8234, 0
8235, 0
8236, 0
8237, 0
8238, 0
8239, 0
8240, 0
8241, 0
8242, 0.02
8243, 0.02
8244, 0.02
8245, 0.02
8246, 0.04
8247, 0.02
8248, 0
8249, 0
8250, 0
8251, 0
8252, 0
8253, 0
8254, 0
8255, 0
8256, 0
8257, 0
8258, 0
8259, 0
8260, 0
8261, 0
8262, 0
8263, 0
8264, 0
8265, 0
8266, 0.04
8267, 0.06
8268, 0.06
8269, 0.08
8270, 0.06
8271, 0.04
8272, 0
8273, 0
8274, 0
8275, 0
8276, 0
8277, 0
8278, 0
8279, 0
8280, 0
8281, 0
8282, 0
8283, 0
8284, 0
8285, 0
8286, 0
8287, 0
8288, 0
8289, 0.02
8290, 0.12
8291, 0.16
8292, 0.36
8293, 0.32
8294, 0.22
8295, 0.12
8296, 0.02
8297, 0
8298, 0
8299, 0
8300, 0
8301, 0
8302, 0
8303, 0
8304, 0
8305, 0
8306, 0
8307, 0
8308, 0
8309, 0
8310, 0
8311, 0
8312, 0
8313, 0.02
8314, 0.1
8315, 0.18
8316, 0.26
8317, 0.36
8318, 0.4
8319, 0.24
8320, 0.02
8321, 0
8322, 0
8323, 0
8324, 0
8325, 0
8326, 0
8327, 0
8328, 0
8329, 0
8330, 0
8331, 0
8332, 0
8333, 0
8334, 0
8335, 0
8336, 0
8337, 0.02
8338, 0.08
8339, 0.4
8340, 0.4
8341, 0.4
8342, 0.2
8343, 0.1
8344, 0.02
8345, 0
8346, 0
8347, 0
8348, 0
8349, 0
8350, 0
8351, 0
8352, 0
8353, 0
8354, 0
8355, 0
8356, 0
8357, 0
8358, 0
8359, 0
8360, 0
8361, 0.02
8362, 0.08
8363, 0.1
8364, 0.12
8365, 0.12
8366, 0.04
8367, 0.04
8368, 0
8369, 0
8370, 0
8371, 0
8372, 0
8373, 0
8374, 0
8375, 0
8376, 0
8377, 0
8378, 0
8379, 0
8380, 0
8381, 0
8382, 0
8383, 0
8384, 0
8385, 0.02
8386, 0.18
8387, 0.34
8388, 0.38
8389, 0.42
8390, 0.4
8391, 0.32
8392, 0.04
8393, 0
8394, 0
8395, 0
8396, 0
8397, 0
8398, 0
8399, 0
8400, 0
8401, 0
8402, 0
8403, 0
8404, 0
8405, 0
8406, 0
8407, 0
8408, 0
8409, 0.04
8410, 0.26
8411, 0.3
8412, 0.38
8413, 0.4
8414, 0.44
8415, 0.26
8416, 0.04
8417, 0
8418, 0
8419, 0
8420, 0
8421, 0
8422, 0
8423, 0
8424, 0
8425, 0
8426, 0
8427, 0
8428, 0
8429, 0
8430, 0
8431, 0
8432, 0
8433, 0.02
8434, 0.1
8435, 0.16
8436, 0.2
8437, 0.22
8438, 0.16
8439, 0.1
8440, 0.02
8441, 0
8442, 0
8443, 0
8444, 0
8445, 0
8446, 0
8447, 0
8448, 0
8449, 0
8450, 0
8451, 0
8452, 0
8453, 0
8454, 0
8455, 0
8456, 0
8457, 0
8458, 0.04
8459, 0.04
8460, 0.06
8461, 0.08
8462, 0.08
8463, 0.06
8464, 0.02
8465, 0
8466, 0
8467, 0
8468, 0
8469, 0
8470, 0
8471, 0
8472, 0
8473, 0
8474, 0
8475, 0
8476, 0
8477, 0
8478, 0
8479, 0
8480, 0
8481, 0
8482, 0.04
8483, 0.06
8484, 0.06
8485, 0.06
8486, 0.1
8487, 0.06
8488, 0.02
8489, 0
8490, 0
8491, 0
8492, 0
8493, 0
8494, 0
8495, 0
8496, 0
8497, 0
8498, 0
8499, 0
8500, 0
8501, 0
8502, 0
8503, 0
8504, 0
8505, 0.02
8506, 0.14
8507, 0.24
8508, 0.28
8509, 0.34
8510, 0.24
8511, 0.14
8512, 0.04
8513, 0
8514, 0
8515, 0
8516, 0
8517, 0
8518, 0
8519, 0
8520, 0
8521, 0
8522, 0
8523, 0
8524, 0
8525, 0
8526, 0
8527, 0
8528, 0
8529, 0
8530, 0.04
8531, 0.12
8532, 0.32
8533, 0.26
8534, 0.2
8535, 0.16
8536, 0.02
8537, 0
8538, 0
8539, 0
8540, 0
8541, 0
8542, 0
8543, 0
8544, 0
8545, 0
8546, 0
8547, 0
8548, 0
8549, 0
8550, 0
8551, 0
8552, 0
8553, 0.02
8554, 0.1
8555, 0.26
8556, 0.34
8557, 0.42
8558, 0.34
8559, 0.22
8560, 0.04
8561, 0
8562, 0
8563, 0
8564, 0
8565, 0
8566, 0
8567, 0
8568, 0
8569, 0
8570, 0
8571, 0
8572, 0
8573, 0
8574, 0
8575, 0
8576, 0
8577, 0.02
8578, 0.14
8579, 0.2
8580, 0.24
8581, 0.24
8582, 0.22
8583, 0.2
8584, 0.04
8585, 0
8586, 0
8587, 0
8588, 0
8589, 0
8590, 0
8591, 0
8592, 0
8593, 0
8594, 0
8595, 0
8596, 0
8597, 0
8598, 0
8599, 0
8600, 0
8601, 0
8602, 0.02
8603, 0.12
8604, 0.16
8605, 0.14
8606, 0.1
8607, 0.06
8608, 0.02
8609, 0
8610, 0
8611, 0
8612, 0
8613, 0
8614, 0
8615, 0
8616, 0
8617, 0
8618, 0
8619, 0
8620, 0
8621, 0
8622, 0
8623, 0
8624, 0
8625, 0
8626, 0.04
8627, 0.12
8628, 0.18
8629, 0.22
8630, 0.18
8631, 0.1
8632, 0.02
8633, 0
8634, 0
8635, 0
8636, 0
8637, 0
8638, 0
8639, 0
8640, 0
8641, 0
8642, 0
8643, 0
8644, 0
8645, 0
8646, 0
8647, 0
8648, 0
8649, 0.02
8650, 0.18
8651, 0.48
8652, 0.48
8653, 0.48
8654, 0.4
8655, 0.36
8656, 0.04
8657, 0
8658, 0
8659, 0
8660, 0
8661, 0
8662, 0
8663, 0
8664, 0
8665, 0
8666, 0
8667, 0
8668, 0
8669, 0
8670, 0
8671, 0
8672, 0
8673, 0.02
8674, 0.1
8675, 0.22
8676, 0.3
8677, 0.28
8678, 0.14
8679, 0.12
8680, 0.02
8681, 0
8682, 0
8683, 0
8684, 0
8685, 0
8686, 0
8687, 0
8688, 0
8689, 0
8690, 0
8691, 0
8692, 0
8693, 0
8694, 0
8695, 0
8696, 0
8697, 0
8698, 0.02
8699, 0.18
8700, 0.32
8701, 0.28
8702, 0.2
8703, 0.16
8704, 0.02
8705, 0
8706, 0
8707, 0
8708, 0
8709, 0
8710, 0
8711, 0
8712, 0
8713, 0
8714, 0
8715, 0
8716, 0
8717, 0
8718, 0
8719, 0
8720, 0
8721, 0.02
8722, 0.12
8723, 0.48
8724, 0.6
8725, 0.62
8726, 0.5
8727, 0.3
8728, 0.04
8729, 0
8730, 0
8731, 0
8732, 0
8733, 0
8734, 0
8735, 0
8736, 0
8737, 0
8738, 0
8739, 0
8740, 0
8741, 0
8742, 0
8743, 0
8744, 0
8745, 0.02
8746, 0.2
8747, 0.26
8748, 0.48
8749, 0.58
8750, 0.5
8751, 0.34
8752, 0.02
8753, 0
8754, 0
8755, 0
8756, 0
8757, 0
8758, 0
8759, 0
8760, 0
